timestamp,commit,branch,benchmark,estimate_ns,stat,avg_ns,min_ns,max_ns,iters,regime,floor_ns
2026-05-28T23:45:25Z,e1f8f4c,main,vec3_add:,189000.0000
2026-05-28T23:45:25Z,e1f8f4c,main,vec3_cross:,384000.0000
2026-05-28T23:45:25Z,e1f8f4c,main,vec3_normalize:,95000.0000
2026-05-28T23:45:25Z,e1f8f4c,main,quat_mul:,90000.0000
2026-05-28T23:45:25Z,e1f8f4c,main,quat_slerp:,108000.0000
2026-05-28T23:45:25Z,e1f8f4c,main,quat_rotate_vec3:,86000.0000
2026-05-28T23:45:25Z,e1f8f4c,main,m4_mul:,56000.0000
2026-05-28T23:45:25Z,e1f8f4c,main,m4_inverse:,62000.0000
2026-05-28T23:45:25Z,e1f8f4c,main,m4_transform_point:,53000.0000
2026-05-28T23:45:25Z,e1f8f4c,main,t3d_compose:,55000.0000
2026-05-28T23:45:25Z,e1f8f4c,main,ray_sphere:,143000.0000
2026-05-28T23:45:25Z,e1f8f4c,main,ray_aabb:,27000.0000
2026-05-28T23:45:25Z,e1f8f4c,main,ray_triangle:,61000.0000
2026-05-28T23:45:25Z,e1f8f4c,main,srgb_to_linear:,23000.0000
2026-05-28T23:45:25Z,e1f8f4c,main,tonemap_reinhard:,50000.0000
2026-05-28T23:45:25Z,e1f8f4c,main,calc_derivative:,32000.0000
2026-05-28T23:45:25Z,e1f8f4c,main,calc_integral_simpson:,25000.0000
2026-05-28T23:45:25Z,e1f8f4c,main,num_gcd:,24000.0000
2026-05-28T23:45:25Z,e1f8f4c,main,num_is_prime:,44000.0000
2026-05-28T23:45:25Z,e1f8f4c,main,cx_mul:,62000.0000
2026-05-28T23:45:25Z,e1f8f4c,main,ease_in_out:,21000.0000
2026-05-28T23:45:25Z,e1f8f4c,main,perlin_2d:,18000.0000
2026-05-29T00:52:08Z,8a08c99,main,vec3_add:,121000.0000
2026-05-29T00:52:08Z,8a08c99,main,vec3_cross:,203000.0000
2026-05-29T00:52:08Z,8a08c99,main,vec3_normalize:,170000.0000
2026-05-29T00:52:08Z,8a08c99,main,quat_mul:,201000.0000
2026-05-29T00:52:08Z,8a08c99,main,quat_slerp:,134000.0000
2026-05-29T00:52:08Z,8a08c99,main,quat_rotate_vec3:,324000.0000
2026-05-29T00:52:08Z,8a08c99,main,m4_mul:,158000.0000
2026-05-29T00:52:08Z,8a08c99,main,m4_inverse:,166000.0000
2026-05-29T00:52:08Z,8a08c99,main,m4_transform_point:,536000.0000
2026-05-29T00:52:08Z,8a08c99,main,t3d_compose:,437000.0000
2026-05-29T00:52:08Z,8a08c99,main,ray_sphere:,89000.0000
2026-05-29T00:52:08Z,8a08c99,main,ray_aabb:,30000.0000
2026-05-29T00:52:08Z,8a08c99,main,ray_triangle:,70000.0000
2026-05-29T00:52:08Z,8a08c99,main,srgb_to_linear:,444000.0000
2026-05-29T00:52:08Z,8a08c99,main,tonemap_reinhard:,51000.0000
2026-05-29T00:52:08Z,8a08c99,main,calc_derivative:,149000.0000
2026-05-29T00:52:08Z,8a08c99,main,calc_integral_simpson:,29000.0000
2026-05-29T00:52:08Z,8a08c99,main,num_gcd:,44000.0000
2026-05-29T00:52:08Z,8a08c99,main,num_is_prime:,754000.0000
2026-05-29T00:52:08Z,8a08c99,main,cx_mul:,84000.0000
2026-05-29T00:52:08Z,8a08c99,main,ease_in_out:,33000.0000
2026-05-29T00:52:08Z,8a08c99,main,perlin_2d:,17000.0000
2026-05-29T00:56:12Z,8a08c99,main,vec3_add:,207000.0000
2026-05-29T00:56:12Z,8a08c99,main,vec3_cross:,124000.0000
2026-05-29T00:56:12Z,8a08c99,main,vec3_normalize:,124000.0000
2026-05-29T00:56:12Z,8a08c99,main,vec3_dot_x64:,21000.0000
2026-05-29T00:56:12Z,8a08c99,main,vec4_dot_x64:,38000.0000
2026-05-29T00:56:12Z,8a08c99,main,m4_mul_x16:,133000.0000
2026-05-29T00:56:12Z,8a08c99,main,m4_transform_x64:,191000.0000
2026-05-29T00:56:12Z,8a08c99,main,quat_mul:,138000.0000
2026-05-29T00:56:12Z,8a08c99,main,quat_slerp:,382000.0000
2026-05-29T00:56:12Z,8a08c99,main,quat_rotate_vec3:,59000.0000
2026-05-29T00:56:12Z,8a08c99,main,m4_mul:,67000.0000
2026-05-29T00:56:12Z,8a08c99,main,m4_inverse:,61000.0000
2026-05-29T00:56:12Z,8a08c99,main,m4_transform_point:,75000.0000
2026-05-29T00:56:12Z,8a08c99,main,t3d_compose:,60000.0000
2026-05-29T00:56:12Z,8a08c99,main,ray_sphere:,78000.0000
2026-05-29T00:56:12Z,8a08c99,main,ray_aabb:,24000.0000
2026-05-29T00:56:12Z,8a08c99,main,ray_triangle:,94000.0000
2026-05-29T00:56:12Z,8a08c99,main,srgb_to_linear:,33000.0000
2026-05-29T00:56:12Z,8a08c99,main,tonemap_reinhard:,54000.0000
2026-05-29T00:56:12Z,8a08c99,main,calc_derivative:,26000.0000
2026-05-29T00:56:12Z,8a08c99,main,calc_integral_simpson:,58000.0000
2026-05-29T00:56:12Z,8a08c99,main,num_gcd:,23000.0000
2026-05-29T00:56:12Z,8a08c99,main,num_is_prime:,49000.0000
2026-05-29T00:56:12Z,8a08c99,main,cx_mul:,165000.0000
2026-05-29T00:56:12Z,8a08c99,main,ease_in_out:,27000.0000
2026-05-29T00:56:12Z,8a08c99,main,perlin_2d:,25000.0000
2026-05-29T16:54:40Z,b1165f9,main,vec3_add:,445000.0000
2026-05-29T16:54:40Z,b1165f9,main,vec3_cross:,141000.0000
2026-05-29T16:54:40Z,b1165f9,main,vec3_normalize:,94000.0000
2026-05-29T16:54:40Z,b1165f9,main,vec3_dot_x64:,35000.0000
2026-05-29T16:54:40Z,b1165f9,main,vec4_dot_x64:,17000.0000
2026-05-29T16:54:40Z,b1165f9,main,m4_mul_x16:,160000.0000
2026-05-29T16:54:40Z,b1165f9,main,m4_transform_x64:,107000.0000
2026-05-29T16:54:40Z,b1165f9,main,quat_mul:,59000.0000
2026-05-29T16:54:40Z,b1165f9,main,quat_slerp:,52000.0000
2026-05-29T16:54:40Z,b1165f9,main,quat_rotate_vec3:,59000.0000
2026-05-29T16:54:40Z,b1165f9,main,m4_mul:,72000.0000
2026-05-29T16:54:40Z,b1165f9,main,m4_inverse:,47000.0000
2026-05-29T16:54:40Z,b1165f9,main,m4_transform_point:,57000.0000
2026-05-29T16:54:40Z,b1165f9,main,t3d_compose:,60000.0000
2026-05-29T16:54:40Z,b1165f9,main,ray_sphere:,54000.0000
2026-05-29T16:54:40Z,b1165f9,main,ray_aabb:,28000.0000
2026-05-29T16:54:40Z,b1165f9,main,ray_triangle:,84000.0000
2026-05-29T16:54:40Z,b1165f9,main,srgb_to_linear:,23000.0000
2026-05-29T16:54:40Z,b1165f9,main,tonemap_reinhard:,53000.0000
2026-05-29T16:54:40Z,b1165f9,main,calc_derivative:,21000.0000
2026-05-29T16:54:40Z,b1165f9,main,calc_integral_simpson:,20000.0000
2026-05-29T16:54:40Z,b1165f9,main,num_gcd:,23000.0000
2026-05-29T16:54:40Z,b1165f9,main,num_is_prime:,57000.0000
2026-05-29T16:54:40Z,b1165f9,main,cx_mul:,53000.0000
2026-05-29T16:54:40Z,b1165f9,main,ease_in_out:,19000.0000
2026-05-29T16:54:40Z,b1165f9,main,perlin_2d:,29000.0000
2026-06-16T01:23:49Z,7ae75ef,main,vec3_add:,202000.0000
2026-06-16T01:23:49Z,7ae75ef,main,vec3_cross:,217000.0000
2026-06-16T01:23:49Z,7ae75ef,main,vec3_normalize:,137000.0000
2026-06-16T01:23:49Z,7ae75ef,main,vec3_dot_x64:,24000.0000
2026-06-16T01:23:49Z,7ae75ef,main,vec4_dot_x64:,23000.0000
2026-06-16T01:23:49Z,7ae75ef,main,m4_mul_x16:,245000.0000
2026-06-16T01:23:49Z,7ae75ef,main,m4_transform_x64:,160000.0000
2026-06-16T01:23:49Z,7ae75ef,main,quat_mul:,76000.0000
2026-06-16T01:23:49Z,7ae75ef,main,quat_slerp:,70000.0000
2026-06-16T01:23:49Z,7ae75ef,main,quat_rotate_vec3:,204000.0000
2026-06-16T01:23:49Z,7ae75ef,main,m4_mul:,178000.0000
2026-06-16T01:23:49Z,7ae75ef,main,m4_inverse:,68000.0000
2026-06-16T01:23:49Z,7ae75ef,main,m4_transform_point:,87000.0000
2026-06-16T01:23:49Z,7ae75ef,main,t3d_compose:,171000.0000
2026-06-16T01:23:49Z,7ae75ef,main,ray_sphere:,71000.0000
2026-06-16T01:23:49Z,7ae75ef,main,ray_aabb:,32000.0000
2026-06-16T01:23:49Z,7ae75ef,main,ray_triangle:,92000.0000
2026-06-16T01:23:49Z,7ae75ef,main,srgb_to_linear:,54000.0000
2026-06-16T01:23:49Z,7ae75ef,main,tonemap_reinhard:,97000.0000
2026-06-16T01:23:49Z,7ae75ef,main,calc_derivative:,26000.0000
2026-06-16T01:23:49Z,7ae75ef,main,calc_integral_simpson:,38000.0000
2026-06-16T01:23:49Z,7ae75ef,main,num_gcd:,36000.0000
2026-06-16T01:23:49Z,7ae75ef,main,num_is_prime:,487000.0000
2026-06-16T01:23:49Z,7ae75ef,main,cx_mul:,89000.0000
2026-06-16T01:23:49Z,7ae75ef,main,ease_in_out:,28000.0000
2026-06-16T01:23:49Z,7ae75ef,main,perlin_2d:,520000.0000
2026-08-03T22:08:00Z,5331f05,main,vec3_add:,81435.0000
2026-08-03T22:08:00Z,5331f05,main,vec3_cross:,81365.0000
2026-08-03T22:08:00Z,5331f05,main,vec3_normalize:,108673.0000
2026-08-03T22:08:00Z,5331f05,main,vec3_dot_x64:,20603.0000
2026-08-03T22:08:00Z,5331f05,main,vec4_dot_x64:,22420.0000
2026-08-03T22:08:00Z,5331f05,main,m4_mul_x16:,188990.0000
2026-08-03T22:08:00Z,5331f05,main,m4_transform_x64:,104343.0000
2026-08-03T22:08:00Z,5331f05,main,quat_mul:,148064.0000
2026-08-03T22:08:00Z,5331f05,main,quat_slerp:,56781.0000
2026-08-03T22:08:00Z,5331f05,main,quat_rotate_vec3:,88140.0000
2026-08-03T22:08:00Z,5331f05,main,m4_mul:,82134.0000
2026-08-03T22:08:00Z,5331f05,main,m4_inverse:,73333.0000
2026-08-03T22:08:00Z,5331f05,main,m4_transform_point:,209105.0000
2026-08-03T22:08:00Z,5331f05,main,t3d_compose:,89537.0000
2026-08-03T22:08:00Z,5331f05,main,ray_sphere:,81086.0000
2026-08-03T22:08:00Z,5331f05,main,ray_aabb:,52521.0000
2026-08-03T22:08:00Z,5331f05,main,ray_triangle:,70121.0000
2026-08-03T22:08:00Z,5331f05,main,srgb_to_linear:,29612.0000
2026-08-03T22:08:00Z,5331f05,main,tonemap_reinhard:,429873.0000
2026-08-03T22:08:00Z,5331f05,main,calc_derivative:,629340.0000
2026-08-03T22:08:00Z,5331f05,main,calc_integral_simpson:,42673.0000
2026-08-03T22:08:00Z,5331f05,main,num_gcd:,42743.0000
2026-08-03T22:08:00Z,5331f05,main,num_is_prime:,253384.0000
2026-08-03T22:08:00Z,5331f05,main,cx_mul:,97848.0000
2026-08-03T22:08:00Z,5331f05,main,ease_in_out:,33804.0000
2026-08-03T22:08:00Z,5331f05,main,perlin_2d:,26958.0000
2026-08-03T23:43:55Z,ee8032c,main,vec3_add:,203517.0000
2026-08-03T23:43:55Z,ee8032c,main,vec3_cross:,206731.0000
2026-08-03T23:43:55Z,ee8032c,main,vec3_normalize:,215879.0000
2026-08-03T23:43:55Z,ee8032c,main,vec3_dot_x64:,24375.0000
2026-08-03T23:43:55Z,ee8032c,main,vec4_dot_x64:,24444.0000
2026-08-03T23:43:55Z,ee8032c,main,m4_mul_x16:,222864.0000
2026-08-03T23:43:55Z,ee8032c,main,m4_transform_x64:,100292.0000
2026-08-03T23:43:55Z,ee8032c,main,quat_mul:,93028.0000
2026-08-03T23:43:55Z,ee8032c,main,quat_slerp:,74031.0000
2026-08-03T23:43:55Z,ee8032c,main,quat_rotate_vec3:,91632.0000
2026-08-03T23:43:55Z,ee8032c,main,m4_mul:,109790.0000
2026-08-03T23:43:55Z,ee8032c,main,m4_inverse:,98756.0000
2026-08-03T23:43:55Z,ee8032c,main,m4_transform_point:,94844.0000
2026-08-03T23:43:55Z,ee8032c,main,t3d_compose:,194439.0000
2026-08-03T23:43:55Z,ee8032c,main,ray_sphere:,99873.0000
2026-08-03T23:43:55Z,ee8032c,main,ray_aabb:,32895.0000
2026-08-03T23:43:55Z,ee8032c,main,ray_triangle:,112654.0000
2026-08-03T23:43:55Z,ee8032c,main,srgb_to_linear:,37575.0000
2026-08-03T23:43:55Z,ee8032c,main,tonemap_reinhard:,221466.0000
2026-08-03T23:43:55Z,ee8032c,main,calc_derivative:,30800.0000
2026-08-03T23:43:55Z,ee8032c,main,calc_integral_simpson:,32896.0000
2026-08-03T23:43:55Z,ee8032c,main,num_gcd:,35759.0000
2026-08-03T23:43:55Z,ee8032c,main,num_is_prime:,67886.0000
2026-08-03T23:43:55Z,ee8032c,main,cx_mul:,210502.0000
2026-08-03T23:43:55Z,ee8032c,main,ease_in_out:,32406.0000
2026-08-03T23:43:55Z,ee8032c,main,perlin_2d:,30031.0000
2026-08-04T00:55:46Z,151f9d9,main,vec3_add:,100712.0000
2026-08-04T00:55:46Z,151f9d9,main,vec3_cross:,161403.0000
2026-08-04T00:55:46Z,151f9d9,main,vec3_normalize:,108813.0000
2026-08-04T00:55:46Z,151f9d9,main,vec3_dot_x64:,39950.0000
2026-08-04T00:55:46Z,151f9d9,main,vec4_dot_x64:,47632.0000
2026-08-04T00:55:46Z,151f9d9,main,m4_mul_x16:,102107.0000
2026-08-04T00:55:46Z,151f9d9,main,m4_transform_x64:,120336.0000
2026-08-04T00:55:46Z,151f9d9,main,quat_mul:,63695.0000
2026-08-04T00:55:46Z,151f9d9,main,quat_slerp:,84089.0000
2026-08-04T00:55:46Z,151f9d9,main,quat_rotate_vec3:,74311.0000
2026-08-04T00:55:46Z,151f9d9,main,m4_mul:,96940.0000
2026-08-04T00:55:46Z,151f9d9,main,m4_inverse:,93029.0000
2026-08-04T00:55:46Z,151f9d9,main,m4_transform_point:,80457.0000
2026-08-04T00:55:46Z,151f9d9,main,t3d_compose:,81504.0000
2026-08-04T00:55:46Z,151f9d9,main,ray_sphere:,90584.0000
2026-08-04T00:55:46Z,151f9d9,main,ray_aabb:,46584.0000
2026-08-04T00:55:46Z,151f9d9,main,ray_triangle:,101898.0000
2026-08-04T00:55:46Z,151f9d9,main,srgb_to_linear:,40997.0000
2026-08-04T00:55:46Z,151f9d9,main,tonemap_reinhard:,86813.0000
2026-08-04T00:55:46Z,151f9d9,main,calc_derivative:,29054.0000
2026-08-04T00:55:46Z,151f9d9,main,calc_integral_simpson:,45816.0000
2026-08-04T00:55:46Z,151f9d9,main,num_gcd:,47771.0000
2026-08-04T00:55:46Z,151f9d9,main,num_is_prime:,291517.0000
2026-08-04T00:55:46Z,151f9d9,main,cx_mul:,66140.0000
2026-08-04T00:55:46Z,151f9d9,main,ease_in_out:,61740.0000
2026-08-04T00:55:46Z,151f9d9,main,perlin_2d:,32896.0000
2026-08-04T00:55:46Z,151f9d9,main,convex_hull_2d_2k:,22068000.0000
2026-08-04T00:55:46Z,151f9d9,main,halfedge_2k_tris:,190125000.0000
2026-08-04T01:06:51Z,151f9d9,main,vec3_add:,89117.0000
2026-08-04T01:06:51Z,151f9d9,main,vec3_cross:,96800.0000
2026-08-04T01:06:51Z,151f9d9,main,vec3_normalize:,109162.0000
2026-08-04T01:06:51Z,151f9d9,main,vec3_dot_x64:,27238.0000
2026-08-04T01:06:51Z,151f9d9,main,vec4_dot_x64:,27657.0000
2026-08-04T01:06:51Z,151f9d9,main,m4_mul_x16:,174813.0000
2026-08-04T01:06:51Z,151f9d9,main,m4_transform_x64:,93867.0000
2026-08-04T01:06:51Z,151f9d9,main,quat_mul:,84159.0000
2026-08-04T01:06:51Z,151f9d9,main,quat_slerp:,92121.0000
2026-08-04T01:06:51Z,151f9d9,main,quat_rotate_vec3:,74521.0000
2026-08-04T01:06:51Z,151f9d9,main,m4_mul:,72006.0000
2026-08-04T01:06:51Z,151f9d9,main,m4_inverse:,69841.0000
2026-08-04T01:06:51Z,151f9d9,main,m4_transform_point:,81295.0000
2026-08-04T01:06:51Z,151f9d9,main,t3d_compose:,206102.0000
2026-08-04T01:06:51Z,151f9d9,main,ray_sphere:,199956.0000
2026-08-04T01:06:51Z,151f9d9,main,ray_aabb:,32197.0000
2026-08-04T01:06:51Z,151f9d9,main,ray_triangle:,117263.0000
2026-08-04T01:06:51Z,151f9d9,main,srgb_to_linear:,47911.0000
2026-08-04T01:06:51Z,151f9d9,main,tonemap_reinhard:,83321.0000
2026-08-04T01:06:51Z,151f9d9,main,calc_derivative:,37086.0000
2026-08-04T01:06:51Z,151f9d9,main,calc_integral_simpson:,36318.0000
2026-08-04T01:06:51Z,151f9d9,main,num_gcd:,40647.0000
2026-08-04T01:06:51Z,151f9d9,main,num_is_prime:,100012.0000
2026-08-04T01:06:51Z,151f9d9,main,cx_mul:,246400.0000
2026-08-04T01:06:51Z,151f9d9,main,ease_in_out:,50914.0000
2026-08-04T01:06:51Z,151f9d9,main,perlin_2d:,31010.0000
2026-08-04T01:06:51Z,151f9d9,main,convex_hull_2d_2k:,2141000.0000
2026-08-04T01:06:51Z,151f9d9,main,halfedge_2k_tris:,1214000.0000
2026-08-04T03:44:50Z,565e278,main,vec3_add:,88209.0000
2026-08-04T03:44:50Z,565e278,main,vec3_cross:,289562.0000
2026-08-04T03:44:50Z,565e278,main,vec3_normalize:,211759.0000
2026-08-04T03:44:50Z,565e278,main,vec3_dot_x64:,47632.0000
2026-08-04T03:44:50Z,565e278,main,vec4_dot_x64:,28635.0000
2026-08-04T03:44:50Z,565e278,main,m4_mul_x16:,208546.0000
2026-08-04T03:44:50Z,565e278,main,m4_transform_x64:,146178.0000
2026-08-04T03:44:50Z,565e278,main,quat_mul:,257156.0000
2026-08-04T03:44:50Z,565e278,main,quat_slerp:,203588.0000
2026-08-04T03:44:50Z,565e278,main,quat_rotate_vec3:,208197.0000
2026-08-04T03:44:50Z,565e278,main,m4_mul:,161753.0000
2026-08-04T03:44:50Z,565e278,main,m4_inverse:,97638.0000
2026-08-04T03:44:50Z,565e278,main,m4_transform_point:,407733.0000
2026-08-04T03:44:50Z,565e278,main,t3d_compose:,204565.0000
2026-08-04T03:44:50Z,565e278,main,ray_sphere:,94915.0000
2026-08-04T03:44:50Z,565e278,main,ray_aabb:,44349.0000
2026-08-04T03:44:50Z,565e278,main,ray_triangle:,129835.0000
2026-08-04T03:44:50Z,565e278,main,srgb_to_linear:,32406.0000
2026-08-04T03:44:50Z,565e278,main,tonemap_reinhard:,87511.0000
2026-08-04T03:44:50Z,565e278,main,calc_derivative:,49937.0000
2026-08-04T03:44:50Z,565e278,main,calc_integral_simpson:,34711.0000
2026-08-04T03:44:50Z,565e278,main,num_gcd:,32895.0000
2026-08-04T03:44:50Z,565e278,main,num_is_prime:,64813.0000
2026-08-04T03:44:50Z,565e278,main,cx_mul:,209874.0000
2026-08-04T03:44:50Z,565e278,main,ease_in_out:,30032.0000
2026-08-04T03:44:50Z,565e278,main,perlin_2d:,26680.0000
2026-08-04T03:44:50Z,565e278,main,convex_hull_2d_2k:,2040000.0000
2026-08-04T03:44:50Z,565e278,main,halfedge_2k_tris:,1050000.0000
2026-08-04T03:44:50Z,565e278,main,bvh_degenerate_4k:,16266000.0000
2026-08-04T18:45:50Z,978b414,main,vec3_add:,41416.0000
2026-08-04T18:45:50Z,978b414,main,vec3_cross:,165105.0000
2026-08-04T18:45:50Z,978b414,main,vec3_normalize:,44489.0000
2026-08-04T18:45:50Z,978b414,main,vec3_dot_x64:,21022.0000
2026-08-04T18:45:50Z,978b414,main,vec4_dot_x64:,35689.0000
2026-08-04T18:45:50Z,978b414,main,m4_mul_x16:,125644.0000
2026-08-04T18:45:50Z,978b414,main,m4_transform_x64:,97778.0000
2026-08-04T18:45:50Z,978b414,main,quat_mul:,91073.0000
2026-08-04T18:45:50Z,978b414,main,quat_slerp:,66279.0000
2026-08-04T18:45:50Z,978b414,main,quat_rotate_vec3:,137447.0000
2026-08-04T18:45:50Z,978b414,main,m4_mul:,65860.0000
2026-08-04T18:45:50Z,978b414,main,m4_inverse:,68654.0000
2026-08-04T18:45:50Z,978b414,main,m4_transform_point:,65301.0000
2026-08-04T18:45:50Z,978b414,main,t3d_compose:,72355.0000
2026-08-04T18:45:50Z,978b414,main,ray_sphere:,131092.0000
2026-08-04T18:45:50Z,978b414,main,ray_aabb:,28565.0000
2026-08-04T18:45:50Z,978b414,main,ray_triangle:,94495.0000
2026-08-04T18:45:50Z,978b414,main,srgb_to_linear:,33943.0000
2026-08-04T18:45:50Z,978b414,main,tonemap_reinhard:,103784.0000
2026-08-04T18:45:50Z,978b414,main,calc_derivative:,23536.0000
2026-08-04T18:45:50Z,978b414,main,calc_integral_simpson:,26540.0000
2026-08-04T18:45:50Z,978b414,main,num_gcd:,30241.0000
2026-08-04T18:45:50Z,978b414,main,num_is_prime:,72425.0000
2026-08-04T18:45:50Z,978b414,main,cx_mul:,146527.0000
2026-08-04T18:45:50Z,978b414,main,ease_in_out:,26610.0000
2026-08-04T18:45:50Z,978b414,main,perlin_2d:,24375.0000
2026-08-04T18:45:50Z,978b414,main,convex_hull_2d_2k:,2009000.0000
2026-08-04T18:45:50Z,978b414,main,halfedge_2k_tris:,1135000.0000
2026-08-04T18:45:50Z,978b414,main,bvh_degenerate_4k:,16072000.0000
2026-08-04T18:45:50Z,978b414,main,kdtree_build_4k:,2271000.0000
2026-08-04T18:45:50Z,978b414,main,kdtree_radius_4k:,7123.0000
2026-08-04T18:45:50Z,978b414,main,delaunay_2d_400:,15153000.0000
2026-08-04T18:45:50Z,978b414,main,triangulate_600gon:,9933000.0000
2026-08-04T18:45:50Z,978b414,main,svd_golub_kahan_12:,181378.0000
2026-08-04T18:45:50Z,978b414,main,eigen_qr_12:,139822.0000
2026-08-04T19:08:49Z,26429cc,main,vec3_add:,171111.0000
2026-08-04T19:08:49Z,26429cc,main,vec3_cross:,109650.0000
2026-08-04T19:08:49Z,26429cc,main,vec3_normalize:,366667.0000
2026-08-04T19:08:49Z,26429cc,main,vec3_dot_x64:,50984.0000
2026-08-04T19:08:49Z,26429cc,main,vec4_dot_x64:,23606.0000
2026-08-04T19:08:49Z,26429cc,main,m4_mul_x16:,93797.0000
2026-08-04T19:08:49Z,26429cc,main,m4_transform_x64:,189480.0000
2026-08-04T19:08:49Z,26429cc,main,quat_mul:,98196.0000
2026-08-04T19:08:49Z,26429cc,main,quat_slerp:,64743.0000
2026-08-04T19:08:49Z,26429cc,main,quat_rotate_vec3:,79968.0000
2026-08-04T19:08:49Z,26429cc,main,m4_mul:,83949.0000
2026-08-04T19:08:49Z,26429cc,main,m4_inverse:,51613.0000
2026-08-04T19:08:49Z,26429cc,main,m4_transform_point:,70679.0000
2026-08-04T19:08:49Z,26429cc,main,t3d_compose:,76406.0000
2026-08-04T19:08:49Z,26429cc,main,ray_sphere:,86743.0000
2026-08-04T19:08:49Z,26429cc,main,ray_aabb:,36667.0000
2026-08-04T19:08:49Z,26429cc,main,ray_triangle:,108673.0000
2026-08-04T19:08:49Z,26429cc,main,srgb_to_linear:,26191.0000
2026-08-04T19:08:49Z,26429cc,main,tonemap_reinhard:,382311.0000
2026-08-04T19:08:49Z,26429cc,main,calc_derivative:,37086.0000
2026-08-04T19:08:49Z,26429cc,main,calc_integral_simpson:,41137.0000
2026-08-04T19:08:49Z,26429cc,main,num_gcd:,31079.0000
2026-08-04T19:08:49Z,26429cc,main,num_is_prime:,61530.0000
2026-08-04T19:08:49Z,26429cc,main,cx_mul:,61810.0000
2026-08-04T19:08:49Z,26429cc,main,ease_in_out:,34292.0000
2026-08-04T19:08:49Z,26429cc,main,perlin_2d:,29124.0000
2026-08-04T19:08:49Z,26429cc,main,convex_hull_2d_2k:,1965000.0000
2026-08-04T19:08:49Z,26429cc,main,halfedge_2k_tris:,1031000.0000
2026-08-04T19:08:49Z,26429cc,main,bvh_degenerate_4k:,15575000.0000
2026-08-04T19:08:49Z,26429cc,main,kdtree_build_4k:,2214000.0000
2026-08-04T19:08:49Z,26429cc,main,kdtree_radius_4k:,6635.0000
2026-08-04T19:08:49Z,26429cc,main,delaunay_2d_400:,14746000.0000
2026-08-04T19:08:49Z,26429cc,main,triangulate_600gon:,9741000.0000
2026-08-04T19:08:49Z,26429cc,main,svd_golub_kahan_12:,179143.0000
2026-08-04T19:08:49Z,26429cc,main,eigen_qr_12:,133536.0000
2026-08-04T21:50:34Z,6e93b87,main,vec3_add:,109092.0000
2026-08-04T21:50:34Z,6e93b87,main,vec3_cross:,158540.0000
2026-08-04T21:50:34Z,6e93b87,main,vec3_normalize:,96731.0000
2026-08-04T21:50:34Z,6e93b87,main,vec3_dot_x64:,31988.0000
2026-08-04T21:50:34Z,6e93b87,main,vec4_dot_x64:,24095.0000
2026-08-04T21:50:34Z,6e93b87,main,m4_mul_x16:,158819.0000
2026-08-04T21:50:34Z,6e93b87,main,m4_transform_x64:,85835.0000
2026-08-04T21:50:34Z,6e93b87,main,quat_mul:,63486.0000
2026-08-04T21:50:34Z,6e93b87,main,quat_slerp:,58667.0000
2026-08-04T21:50:34Z,6e93b87,main,quat_rotate_vec3:,72984.0000
2026-08-04T21:50:34Z,6e93b87,main,m4_mul:,126692.0000
2026-08-04T21:50:34Z,6e93b87,main,m4_inverse:,86324.0000
2026-08-04T21:50:34Z,6e93b87,main,m4_transform_point:,81505.0000
2026-08-04T21:50:34Z,6e93b87,main,t3d_compose:,64813.0000
2026-08-04T21:50:34Z,6e93b87,main,ray_sphere:,77873.0000
2026-08-04T21:50:34Z,6e93b87,main,ray_aabb:,31499.0000
2026-08-04T21:50:34Z,6e93b87,main,ray_triangle:,81505.0000
2026-08-04T21:50:34Z,6e93b87,main,srgb_to_linear:,28635.0000
2026-08-04T21:50:34Z,6e93b87,main,tonemap_reinhard:,79759.0000
2026-08-04T21:50:34Z,6e93b87,main,calc_derivative:,390972.0000
2026-08-04T21:50:34Z,6e93b87,main,calc_integral_simpson:,50705.0000
2026-08-04T21:50:34Z,6e93b87,main,num_gcd:,28496.0000
2026-08-04T21:50:34Z,6e93b87,main,num_is_prime:,68165.0000
2026-08-04T21:50:34Z,6e93b87,main,cx_mul:,80178.0000
2026-08-04T21:50:34Z,6e93b87,main,ease_in_out:,34781.0000
2026-08-04T21:50:34Z,6e93b87,main,perlin_2d:,20743.0000
2026-08-04T21:50:34Z,6e93b87,main,convex_hull_2d_2k:,2021000.0000
2026-08-04T21:50:34Z,6e93b87,main,halfedge_2k_tris:,1168000.0000
2026-08-04T21:50:34Z,6e93b87,main,bvh_degenerate_4k:,16235000.0000
2026-08-04T21:50:34Z,6e93b87,main,kdtree_build_4k:,2678000.0000
2026-08-04T21:50:34Z,6e93b87,main,kdtree_radius_4k:,4400.0000
2026-08-04T21:50:34Z,6e93b87,main,delaunay_2d_400:,14799000.0000
2026-08-04T21:50:34Z,6e93b87,main,triangulate_600gon:,1689000.0000
2026-08-04T21:50:34Z,6e93b87,main,svd_golub_kahan_12:,182565.0000
2026-08-04T21:50:34Z,6e93b87,main,eigen_qr_12:,139194.0000
2026-08-04T22:04:01Z,97bed43,main,vec3_add:,127111.0000
2026-08-04T22:04:01Z,97bed43,main,vec3_cross:,141429.0000
2026-08-04T22:04:01Z,97bed43,main,vec3_normalize:,45676.0000
2026-08-04T22:04:01Z,97bed43,main,vec3_dot_x64:,19067.0000
2026-08-04T22:04:01Z,97bed43,main,vec4_dot_x64:,25213.0000
2026-08-04T22:04:01Z,97bed43,main,m4_mul_x16:,206241.0000
2026-08-04T22:04:01Z,97bed43,main,m4_transform_x64:,97778.0000
2026-08-04T22:04:01Z,97bed43,main,quat_mul:,138285.0000
2026-08-04T22:04:01Z,97bed43,main,quat_slerp:,55314.0000
2026-08-04T22:04:01Z,97bed43,main,quat_rotate_vec3:,110070.0000
2026-08-04T22:04:01Z,97bed43,main,m4_mul:,124039.0000
2026-08-04T22:04:01Z,97bed43,main,m4_inverse:,134374.0000
2026-08-04T22:04:01Z,97bed43,main,m4_transform_point:,132000.0000
2026-08-04T22:04:01Z,97bed43,main,t3d_compose:,149251.0000
2026-08-04T22:04:01Z,97bed43,main,ray_sphere:,139752.0000
2026-08-04T22:04:01Z,97bed43,main,ray_aabb:,51473.0000
2026-08-04T22:04:01Z,97bed43,main,ray_triangle:,139263.0000
2026-08-04T22:04:01Z,97bed43,main,srgb_to_linear:,56223.0000
2026-08-04T22:04:01Z,97bed43,main,tonemap_reinhard:,60971.0000
2026-08-04T22:04:01Z,97bed43,main,calc_derivative:,27867.0000
2026-08-04T22:04:01Z,97bed43,main,calc_integral_simpson:,32407.0000
2026-08-04T22:04:01Z,97bed43,main,num_gcd:,29053.0000
2026-08-04T22:04:01Z,97bed43,main,num_is_prime:,87092.0000
2026-08-04T22:04:01Z,97bed43,main,cx_mul:,197022.0000
2026-08-04T22:04:01Z,97bed43,main,ease_in_out:,28635.0000
2026-08-04T22:04:01Z,97bed43,main,perlin_2d:,30032.0000
2026-08-04T22:04:01Z,97bed43,main,convex_hull_2d_2k:,2025000.0000
2026-08-04T22:04:01Z,97bed43,main,halfedge_2k_tris:,1063000.0000
2026-08-04T22:04:01Z,97bed43,main,bvh_degenerate_4k:,16057000.0000
2026-08-04T22:04:01Z,97bed43,main,kdtree_build_4k:,2677000.0000
2026-08-04T22:04:01Z,97bed43,main,kdtree_radius_4k:,4400.0000
2026-08-04T22:04:01Z,97bed43,main,delaunay_2d_400:,14908000.0000
2026-08-04T22:04:01Z,97bed43,main,triangulate_600gon:,1698000.0000
2026-08-04T22:04:01Z,97bed43,main,svd_golub_kahan_12:,183822.0000
2026-08-04T22:04:01Z,97bed43,main,eigen_qr_12:,138915.0000
2026-08-04T23:44:49Z,b018c61,main,vec3_add:,197092.0000
2026-08-04T23:44:49Z,b018c61,main,vec3_cross:,205613.0000
2026-08-04T23:44:49Z,b018c61,main,vec3_normalize:,207848.0000
2026-08-04T23:44:49Z,b018c61,main,vec3_dot_x64:,23816.0000
2026-08-04T23:44:49Z,b018c61,main,vec4_dot_x64:,30590.0000
2026-08-04T23:44:49Z,b018c61,main,m4_mul_x16:,211828.0000
2026-08-04T23:44:49Z,b018c61,main,m4_transform_x64:,117822.0000
2026-08-04T23:44:49Z,b018c61,main,quat_mul:,97778.0000
2026-08-04T23:44:49Z,b018c61,main,quat_slerp:,68095.0000
2026-08-04T23:44:49Z,b018c61,main,quat_rotate_vec3:,78641.0000
2026-08-04T23:44:49Z,b018c61,main,m4_mul:,83670.0000
2026-08-04T23:44:49Z,b018c61,main,m4_inverse:,80248.0000
2026-08-04T23:44:49Z,b018c61,main,m4_transform_point:,74031.0000
2026-08-04T23:44:49Z,b018c61,main,t3d_compose:,88070.0000
2026-08-04T23:44:49Z,b018c61,main,ray_sphere:,73823.0000
2026-08-04T23:44:49Z,b018c61,main,ray_aabb:,38204.0000
2026-08-04T23:44:49Z,b018c61,main,ray_triangle:,142895.0000
2026-08-04T23:44:49Z,b018c61,main,srgb_to_linear:,27587.0000
2026-08-04T23:44:49Z,b018c61,main,tonemap_reinhard:,117822.0000
2026-08-04T23:44:49Z,b018c61,main,calc_derivative:,23117.0000
2026-08-04T23:44:49Z,b018c61,main,calc_integral_simpson:,79898.0000
2026-08-04T23:44:49Z,b018c61,main,num_gcd:,31499.0000
2026-08-04T23:44:49Z,b018c61,main,num_is_prime:,77384.0000
2026-08-04T23:44:49Z,b018c61,main,cx_mul:,61460.0000
2026-08-04T23:44:49Z,b018c61,main,ease_in_out:,46375.0000
2026-08-04T23:44:49Z,b018c61,main,perlin_2d:,16692.0000
2026-08-04T23:44:49Z,b018c61,main,convex_hull_2d_2k:,1896000.0000
2026-08-04T23:44:49Z,b018c61,main,halfedge_2k_tris:,1029000.0000
2026-08-04T23:44:49Z,b018c61,main,bvh_degenerate_4k:,15588000.0000
2026-08-04T23:44:49Z,b018c61,main,kdtree_build_4k:,2584000.0000
2026-08-04T23:44:49Z,b018c61,main,kdtree_radius_4k:,10336.0000
2026-08-04T23:44:49Z,b018c61,main,delaunay_2d_400:,1672000.0000
2026-08-04T23:44:49Z,b018c61,main,delaunay_2d_circle_150:,466330.0000
2026-08-04T23:44:49Z,b018c61,main,triangulate_600gon:,1686000.0000
2026-08-04T23:44:49Z,b018c61,main,svd_golub_kahan_12:,172229.0000
2026-08-04T23:44:49Z,b018c61,main,eigen_qr_12:,127810.0000
2026-08-05T06:13:48Z,70e7c8b,main,vec3_add:,241931.0000
2026-08-05T06:13:48Z,70e7c8b,main,vec3_cross:,251848.0000
2026-08-05T06:13:48Z,70e7c8b,main,vec3_normalize:,237390.0000
2026-08-05T06:13:48Z,70e7c8b,main,vec3_dot_x64:,24863.0000
2026-08-05T06:13:48Z,70e7c8b,main,vec4_dot_x64:,20185.0000
2026-08-05T06:13:48Z,70e7c8b,main,m4_mul_x16:,195905.0000
2026-08-05T06:13:48Z,70e7c8b,main,m4_transform_x64:,204285.0000
2026-08-05T06:13:48Z,70e7c8b,main,quat_mul:,132209.0000
2026-08-05T06:13:48Z,70e7c8b,main,quat_slerp:,114261.0000
2026-08-05T06:13:48Z,70e7c8b,main,quat_rotate_vec3:,137169.0000
2026-08-05T06:13:48Z,70e7c8b,main,m4_mul:,137448.0000
2026-08-05T06:13:48Z,70e7c8b,main,m4_inverse:,125156.0000
2026-08-05T06:13:48Z,70e7c8b,main,m4_transform_point:,138215.0000
2026-08-05T06:13:48Z,70e7c8b,main,t3d_compose:,127879.0000
2026-08-05T06:13:48Z,70e7c8b,main,ray_sphere:,124527.0000
2026-08-05T06:13:48Z,70e7c8b,main,ray_aabb:,21442.0000
2026-08-05T06:13:48Z,70e7c8b,main,ray_triangle:,122153.0000
2026-08-05T06:13:48Z,70e7c8b,main,srgb_to_linear:,24724.0000
2026-08-05T06:13:48Z,70e7c8b,main,tonemap_reinhard:,131022.0000
2026-08-05T06:13:48Z,70e7c8b,main,calc_derivative:,24584.0000
2026-08-05T06:13:48Z,70e7c8b,main,calc_integral_simpson:,28076.0000
2026-08-05T06:13:48Z,70e7c8b,main,num_gcd:,23257.0000
2026-08-05T06:13:48Z,70e7c8b,main,num_is_prime:,60063.0000
2026-08-05T06:13:48Z,70e7c8b,main,cx_mul:,123200.0000
2026-08-05T06:13:48Z,70e7c8b,main,ease_in_out:,21931.0000
2026-08-05T06:13:48Z,70e7c8b,main,perlin_2d:,13759.0000
2026-08-05T06:13:48Z,70e7c8b,main,convex_hull_2d_2k:,4157000.0000
2026-08-05T06:13:48Z,70e7c8b,main,halfedge_2k_tris:,2009000.0000
2026-08-05T06:13:48Z,70e7c8b,main,bvh_degenerate_4k:,30693000.0000
2026-08-05T06:13:48Z,70e7c8b,main,kdtree_build_4k:,5158000.0000
2026-08-05T06:13:48Z,70e7c8b,main,kdtree_radius_4k:,12432.0000
2026-08-05T06:13:48Z,70e7c8b,main,delaunay_2d_400:,3537000.0000
2026-08-05T06:13:48Z,70e7c8b,main,delaunay_2d_circle_150:,896622.0000
2026-08-05T06:13:48Z,70e7c8b,main,triangulate_600gon:,3840000.0000
2026-08-05T06:13:48Z,70e7c8b,main,svd_golub_kahan_12:,367644.0000
2026-08-05T06:13:48Z,70e7c8b,main,eigen_qr_12:,281390.0000
2026-08-05T19:16:28Z,00f7c49,main,vec3_add:,162381.0000
2026-08-05T19:16:28Z,00f7c49,main,vec3_cross:,131372.0000
2026-08-05T19:16:28Z,00f7c49,main,vec3_normalize:,136819.0000
2026-08-05T19:16:28Z,00f7c49,main,vec3_dot_x64:,37225.0000
2026-08-05T19:16:28Z,00f7c49,main,vec4_dot_x64:,31987.0000
2026-08-05T19:16:28Z,00f7c49,main,m4_mul_x16:,166083.0000
2026-08-05T19:16:28Z,00f7c49,main,m4_transform_x64:,123060.0000
2026-08-05T19:16:28Z,00f7c49,main,quat_mul:,84508.0000
2026-08-05T19:16:28Z,00f7c49,main,quat_slerp:,55733.0000
2026-08-05T19:16:28Z,00f7c49,main,quat_rotate_vec3:,115587.0000
2026-08-05T19:16:28Z,00f7c49,main,m4_mul:,97359.0000
2026-08-05T19:16:28Z,00f7c49,main,m4_inverse:,63905.0000
2026-08-05T19:16:28Z,00f7c49,main,m4_transform_point:,204425.0000
2026-08-05T19:16:28Z,00f7c49,main,t3d_compose:,108393.0000
2026-08-05T19:16:28Z,00f7c49,main,ray_sphere:,86254.0000
2026-08-05T19:16:28Z,00f7c49,main,ray_aabb:,29962.0000
2026-08-05T19:16:28Z,00f7c49,main,ray_triangle:,216089.0000
2026-08-05T19:16:28Z,00f7c49,main,srgb_to_linear:,192482.0000
2026-08-05T19:16:28Z,00f7c49,main,tonemap_reinhard:,67257.0000
2026-08-05T19:16:28Z,00f7c49,main,calc_derivative:,35130.0000
2026-08-05T19:16:28Z,00f7c49,main,calc_integral_simpson:,64882.0000
2026-08-05T19:16:28Z,00f7c49,main,num_gcd:,35270.0000
2026-08-05T19:16:28Z,00f7c49,main,num_is_prime:,125086.0000
2026-08-05T19:16:28Z,00f7c49,main,cx_mul:,64812.0000
2026-08-05T19:16:28Z,00f7c49,main,ease_in_out:,497759.0000
2026-08-05T19:16:28Z,00f7c49,main,perlin_2d:,25841.0000
2026-08-05T19:16:28Z,00f7c49,main,convex_hull_2d_2k:,2065000.0000
2026-08-05T19:16:28Z,00f7c49,main,halfedge_2k_tris:,1209000.0000
2026-08-05T19:16:28Z,00f7c49,main,bvh_degenerate_4k:,3779000.0000
2026-08-05T19:16:28Z,00f7c49,main,bvh_query_ray_200x4k:,2269000.0000
2026-08-05T19:16:28Z,00f7c49,main,kdtree_build_4k:,2755000.0000
2026-08-05T19:16:28Z,00f7c49,main,kdtree_radius_4k:,20114.0000
2026-08-05T19:16:28Z,00f7c49,main,delaunay_2d_400:,1859000.0000
2026-08-05T19:16:28Z,00f7c49,main,delaunay_2d_circle_150:,467029.0000
2026-08-05T19:16:28Z,00f7c49,main,triangulate_600gon:,1735000.0000
2026-08-05T19:16:28Z,00f7c49,main,svd_golub_kahan_12:,188991.0000
2026-08-05T19:16:28Z,00f7c49,main,eigen_qr_12:,147784.0000
2026-08-05T19:16:28Z,00f7c49,main,gjk_epa_3d_cyl_box:,154000.0000
2026-08-05T19:16:28Z,00f7c49,main,mpr_penetration_boxes:,111048.0000
2026-08-05T19:16:28Z,00f7c49,main,gjk_epa_boxes:,41486.0000
2026-08-05T19:16:28Z,00f7c49,main,gjk_epa_spheres:,818261.0000
2026-08-05T19:16:28Z,00f7c49,main,gjk_epa_sphere_box:,208896.0000
2026-08-05T19:16:28Z,00f7c49,main,bvh_scatter_4k:,6491000.0000
2026-08-05T19:16:28Z,00f7c49,main,spatial_hash_query_2k:,988255.0000
2026-08-05T19:16:28Z,00f7c49,main,num_dct_1024:,320642.0000
2026-08-05T19:16:28Z,00f7c49,main,num_dst_1024:,7143000.0000
2026-08-05T19:49:17Z,b498a5c,main,vec3_add:,212946.0000
2026-08-05T19:49:17Z,b498a5c,main,vec3_cross:,206381.0000
2026-08-05T19:49:17Z,b498a5c,main,vec3_normalize:,105879.0000
2026-08-05T19:49:17Z,b498a5c,main,vec3_dot_x64:,34781.0000
2026-08-05T19:49:17Z,b498a5c,main,vec4_dot_x64:,31009.0000
2026-08-05T19:49:17Z,b498a5c,main,m4_mul_x16:,219791.0000
2026-08-05T19:49:17Z,b498a5c,main,m4_transform_x64:,95263.0000
2026-08-05T19:49:17Z,b498a5c,main,quat_mul:,108813.0000
2026-08-05T19:49:17Z,b498a5c,main,quat_slerp:,148832.0000
2026-08-05T19:49:17Z,b498a5c,main,quat_rotate_vec3:,207638.0000
2026-08-05T19:49:17Z,b498a5c,main,m4_mul:,133886.0000
2026-08-05T19:49:17Z,b498a5c,main,m4_inverse:,72425.0000
2026-08-05T19:49:17Z,b498a5c,main,m4_transform_point:,107207.0000
2026-08-05T19:49:17Z,b498a5c,main,t3d_compose:,95893.0000
2026-08-05T19:49:17Z,b498a5c,main,ray_sphere:,129766.0000
2026-08-05T19:49:17Z,b498a5c,main,ray_aabb:,31219.0000
2026-08-05T19:49:17Z,b498a5c,main,ray_triangle:,219441.0000
2026-08-05T19:49:17Z,b498a5c,main,srgb_to_linear:,24793.0000
2026-08-05T19:49:17Z,b498a5c,main,tonemap_reinhard:,74870.0000
2026-08-05T19:49:17Z,b498a5c,main,calc_derivative:,37645.0000
2026-08-05T19:49:17Z,b498a5c,main,calc_integral_simpson:,155956.0000
2026-08-05T19:49:17Z,b498a5c,main,num_gcd:,27657.0000
2026-08-05T19:49:17Z,b498a5c,main,num_is_prime:,65651.0000
2026-08-05T19:49:17Z,b498a5c,main,cx_mul:,195416.0000
2026-08-05T19:49:17Z,b498a5c,main,ease_in_out:,33803.0000
2026-08-05T19:49:17Z,b498a5c,main,perlin_2d:,370857.0000
2026-08-05T19:49:17Z,b498a5c,main,convex_hull_2d_2k:,2041000.0000
2026-08-05T19:49:17Z,b498a5c,main,halfedge_2k_tris:,1305000.0000
2026-08-05T19:49:17Z,b498a5c,main,bvh_degenerate_4k:,3783000.0000
2026-08-05T19:49:17Z,b498a5c,main,bvh_query_ray_200x4k:,2154000.0000
2026-08-05T19:49:17Z,b498a5c,main,kdtree_build_4k:,2639000.0000
2026-08-05T19:49:17Z,b498a5c,main,kdtree_radius_4k:,4820.0000
2026-08-05T19:49:17Z,b498a5c,main,delaunay_2d_400:,1707000.0000
2026-08-05T19:49:17Z,b498a5c,main,delaunay_2d_circle_150:,452292.0000
2026-08-05T19:49:17Z,b498a5c,main,triangulate_600gon:,1667000.0000
2026-08-05T19:49:17Z,b498a5c,main,svd_golub_kahan_12:,179911.0000
2026-08-05T19:49:17Z,b498a5c,main,eigen_qr_12:,134374.0000
2026-08-05T19:49:17Z,b498a5c,main,gjk_epa_3d_cyl_box:,220000.0000
2026-08-05T19:49:17Z,b498a5c,main,mpr_penetration_boxes:,34222.0000
2026-08-05T19:49:17Z,b498a5c,main,gjk_epa_boxes:,117962.0000
2026-08-05T19:49:17Z,b498a5c,main,gjk_epa_spheres:,677950.0000
2026-08-05T19:49:17Z,b498a5c,main,gjk_epa_sphere_box:,190667.0000
2026-08-05T19:49:17Z,b498a5c,main,bvh_scatter_4k:,6275000.0000
2026-08-05T19:49:17Z,b498a5c,main,spatial_hash_query_2k:,912756.0000
2026-08-05T19:49:17Z,b498a5c,main,num_dct_1024:,287048.0000
2026-08-05T19:49:17Z,b498a5c,main,num_dst_1024:,6839000.0000
2026-08-05T19:49:17Z,b498a5c,main,num_dct_1023:,1675000.0000
2026-08-05T19:49:17Z,b498a5c,main,num_dst_1023:,478553.0000
2026-08-05T21:42:41Z,0adde51,main,vec3_add:,83600.0000
2026-08-05T21:42:41Z,0adde51,main,vec3_cross:,204286.0000
2026-08-05T21:42:41Z,0adde51,main,vec3_normalize:,47631.0000
2026-08-05T21:42:41Z,0adde51,main,vec3_dot_x64:,26750.0000
2026-08-05T21:42:41Z,0adde51,main,vec4_dot_x64:,24235.0000
2026-08-05T21:42:41Z,0adde51,main,m4_mul_x16:,172369.0000
2026-08-05T21:42:41Z,0adde51,main,m4_transform_x64:,105880.0000
2026-08-05T21:42:41Z,0adde51,main,quat_mul:,129276.0000
2026-08-05T21:42:41Z,0adde51,main,quat_slerp:,88558.0000
2026-08-05T21:42:41Z,0adde51,main,quat_rotate_vec3:,130253.0000
2026-08-05T21:42:41Z,0adde51,main,m4_mul:,216229.0000
2026-08-05T21:42:41Z,0adde51,main,m4_inverse:,141848.0000
2026-08-05T21:42:41Z,0adde51,main,m4_transform_point:,436229.0000
2026-08-05T21:42:41Z,0adde51,main,t3d_compose:,81854.0000
2026-08-05T21:42:41Z,0adde51,main,ray_sphere:,125924.0000
2026-08-05T21:42:41Z,0adde51,main,ray_aabb:,63975.0000
2026-08-05T21:42:41Z,0adde51,main,ray_triangle:,217695.0000
2026-08-05T21:42:41Z,0adde51,main,srgb_to_linear:,34711.0000
2026-08-05T21:42:41Z,0adde51,main,tonemap_reinhard:,69073.0000
2026-08-05T21:42:41Z,0adde51,main,calc_derivative:,53917.0000
2026-08-05T21:42:41Z,0adde51,main,calc_integral_simpson:,25003.0000
2026-08-05T21:42:41Z,0adde51,main,num_gcd:,38273.0000
2026-08-05T21:42:41Z,0adde51,main,num_is_prime:,383428.0000
2026-08-05T21:42:41Z,0adde51,main,cx_mul:,108673.0000
2026-08-05T21:42:41Z,0adde51,main,ease_in_out:,429384.0000
2026-08-05T21:42:41Z,0adde51,main,perlin_2d:,31917.0000
2026-08-05T21:42:41Z,0adde51,main,convex_hull_2d_2k:,2089000.0000
2026-08-05T21:42:41Z,0adde51,main,halfedge_2k_tris:,1157000.0000
2026-08-05T21:42:41Z,0adde51,main,bvh_degenerate_4k:,3840000.0000
2026-08-05T21:42:41Z,0adde51,main,bvh_query_ray_200x4k:,2194000.0000
2026-08-05T21:42:41Z,0adde51,main,kdtree_build_4k:,2732000.0000
2026-08-05T21:42:41Z,0adde51,main,kdtree_radius_4k:,4400.0000
2026-08-05T21:42:41Z,0adde51,main,delaunay_2d_400:,1743000.0000
2026-08-05T21:42:41Z,0adde51,main,delaunay_2d_circle_150:,464235.0000
2026-08-05T21:42:41Z,0adde51,main,triangulate_600gon:,1692000.0000
2026-08-05T21:42:41Z,0adde51,main,svd_golub_kahan_12:,184241.0000
2026-08-05T21:42:41Z,0adde51,main,eigen_qr_12:,144083.0000
2026-08-05T21:42:41Z,0adde51,main,gjk_epa_3d_cyl_box:,220489.0000
2026-08-05T21:42:41Z,0adde51,main,mpr_penetration_boxes:,37924.0000
2026-08-05T21:42:41Z,0adde51,main,gjk_epa_boxes:,99384.0000
2026-08-05T21:42:41Z,0adde51,main,gjk_epa_spheres:,675086.0000
2026-08-05T21:42:41Z,0adde51,main,gjk_epa_sphere_box:,162241.0000
2026-08-05T21:42:41Z,0adde51,main,gjk_intersect_box_miss:,782
2026-08-05T21:42:41Z,0adde51,main,gjk_intersect_sph_miss:,1161.0000
2026-08-05T21:42:41Z,0adde51,main,gjk_intersect_box_hit:,2009.0000
2026-08-05T21:42:41Z,0adde51,main,gjk_intersect_tangent:,2286.0000
2026-08-05T21:42:41Z,0adde51,main,bvh_scatter_4k:,6454000.0000
2026-08-05T21:42:41Z,0adde51,main,spatial_hash_query_2k:,920718.0000
2026-08-05T21:42:41Z,0adde51,main,num_dct_1024:,304299.0000
2026-08-05T21:42:41Z,0adde51,main,num_dst_1024:,7071000.0000
2026-08-05T21:42:41Z,0adde51,main,num_dct_1023:,1695000.0000
2026-08-05T21:42:41Z,0adde51,main,num_dst_1023:,481137.0000
2026-08-10T02:40:34Z,891d83e,main,vec3_add:,127740.0000
2026-08-10T02:40:34Z,891d83e,main,vec3_cross:,134654.0000
2026-08-10T02:40:34Z,891d83e,main,vec3_normalize:,90584.0000
2026-08-10T02:40:34Z,891d83e,main,vec3_dot_x64:,34851.0000
2026-08-10T02:40:34Z,891d83e,main,vec4_dot_x64:,37226.0000
2026-08-10T02:40:34Z,891d83e,main,m4_mul_x16:,130953.0000
2026-08-10T02:40:34Z,891d83e,main,m4_transform_x64:,489168.0000
2026-08-10T02:40:34Z,891d83e,main,quat_mul:,108394.0000
2026-08-10T02:40:34Z,891d83e,main,quat_slerp:,70679.0000
2026-08-10T02:40:34Z,891d83e,main,quat_rotate_vec3:,116775.0000
2026-08-10T02:40:34Z,891d83e,main,m4_mul:,129346.0000
2026-08-10T02:40:34Z,891d83e,main,m4_inverse:,88699.0000
2026-08-10T02:40:34Z,891d83e,main,m4_transform_point:,75428.0000
2026-08-10T02:40:34Z,891d83e,main,t3d_compose:,50495.0000
2026-08-10T02:40:34Z,891d83e,main,ray_sphere:,54266.0000
2026-08-10T02:40:34Z,891d83e,main,ray_aabb:,34083.0000
2026-08-10T02:40:34Z,891d83e,main,ray_triangle:,92121.0000
2026-08-10T02:40:34Z,891d83e,main,srgb_to_linear:,292426.0000
2026-08-10T02:40:34Z,891d83e,main,tonemap_reinhard:,82343.0000
2026-08-10T02:40:34Z,891d83e,main,calc_derivative:,28635.0000
2026-08-10T02:40:34Z,891d83e,main,calc_integral_simpson:,74870.0000
2026-08-10T02:40:34Z,891d83e,main,num_gcd:,32407.0000
2026-08-10T02:40:34Z,891d83e,main,num_is_prime:,184451.0000
2026-08-10T02:40:34Z,891d83e,main,cx_mul:,65931.0000
2026-08-10T02:40:34Z,891d83e,main,ease_in_out:,30730.0000
2026-08-10T02:40:34Z,891d83e,main,perlin_2d:,28565.0000
2026-08-10T02:40:34Z,891d83e,main,convex_hull_2d_2k:,2248000.0000
2026-08-10T02:40:34Z,891d83e,main,halfedge_2k_tris:,1207000.0000
2026-08-10T02:40:34Z,891d83e,main,bvh_degenerate_4k:,3665000.0000
2026-08-10T02:40:34Z,891d83e,main,bvh_query_ray_200x4k:,2053000.0000
2026-08-10T02:40:34Z,891d83e,main,kdtree_build_4k:,2639000.0000
2026-08-10T02:40:34Z,891d83e,main,kdtree_radius_4k:,3911.0000
2026-08-10T02:40:34Z,891d83e,main,delaunay_2d_400:,1621000.0000
2026-08-10T02:40:34Z,891d83e,main,delaunay_2d_circle_150:,460813.0000
2026-08-10T02:40:34Z,891d83e,main,triangulate_600gon:,1681000.0000
2026-08-10T02:40:34Z,891d83e,main,svd_golub_kahan_12:,172368.0000
2026-08-10T02:40:34Z,891d83e,main,eigen_qr_12:,140940.0000
2026-08-10T02:40:34Z,891d83e,main,gjk_epa_3d_cyl_box:,198001.0000
2026-08-10T02:40:34Z,891d83e,main,mpr_penetration_boxes:,35269.0000
2026-08-10T02:40:34Z,891d83e,main,gjk_epa_boxes:,77803.0000
2026-08-10T02:40:34Z,891d83e,main,gjk_epa_spheres:,657975.0000
2026-08-10T02:40:34Z,891d83e,main,gjk_epa_sphere_box:,173137.0000
2026-08-10T02:40:34Z,891d83e,main,gjk_intersect_box_miss:,787
2026-08-10T02:40:34Z,891d83e,main,gjk_intersect_sph_miss:,1173.0000
2026-08-10T02:40:34Z,891d83e,main,gjk_intersect_box_hit:,1961.0000
2026-08-10T02:40:34Z,891d83e,main,gjk_intersect_tangent:,2203.0000
2026-08-10T02:40:34Z,891d83e,main,mpr_intersect_box_miss:,1741.0000
2026-08-10T02:40:34Z,891d83e,main,mpr_intersect_box_hit:,6043.0000
2026-08-10T02:40:34Z,891d83e,main,mpr_intersect_tangent:,6459.0000
2026-08-10T02:40:34Z,891d83e,main,bvh_scatter_4k:,6128000.0000
2026-08-10T02:40:34Z,891d83e,main,spatial_hash_query_2k:,900115.0000
2026-08-10T02:40:34Z,891d83e,main,num_dct_1024:,287537.0000
2026-08-10T02:40:34Z,891d83e,main,num_dst_1024:,6692000.0000
2026-08-10T02:40:34Z,891d83e,main,num_dct_1023:,1604000.0000
2026-08-10T02:40:34Z,891d83e,main,num_dst_1023:,455645.0000
2026-08-10T02:49:44Z,891d83e,main,vec3_add,1447.0000,avg,1447.0000,838,119359.0000,1000000
2026-08-10T02:49:44Z,891d83e,main,vec3_cross,1463.0000,avg,1463.0000,838,123270.0000,1000000
2026-08-10T02:49:44Z,891d83e,main,vec3_normalize,1457.0000,avg,1457.0000,488,183753.0000,1000000
2026-08-10T02:49:44Z,891d83e,main,vec3_dot_x64,1881.0000,avg,1881.0000,489,17949.0000,200000
2026-08-10T02:49:44Z,891d83e,main,vec4_dot_x64,1695.0000,avg,1695.0000,489,29054.0000,200000
2026-08-10T02:49:44Z,891d83e,main,m4_mul_x16,4123.0000,avg,4123.0000,1885.0000,206870.0000,200000
2026-08-10T02:49:44Z,891d83e,main,m4_transform_x64,5804.0000,avg,5804.0000,2933.0000,86534.0000,200000
2026-08-10T02:49:44Z,891d83e,main,quat_mul,1461.0000,avg,1461.0000,489,186337.0000,1000000
2026-08-10T02:49:44Z,891d83e,main,quat_slerp,1456.0000,avg,1456.0000,489,73752.0000,500000
2026-08-10T02:49:44Z,891d83e,main,quat_rotate_vec3,1465.0000,avg,1465.0000,489,269727.0000,1000000
2026-08-10T02:49:44Z,891d83e,main,m4_mul,1614.0000,avg,1614.0000,907,87790.0000,500000
2026-08-10T02:49:44Z,891d83e,main,m4_inverse,1602.0000,avg,1602.0000,838,64534.0000,200000
2026-08-10T02:49:44Z,891d83e,main,m4_transform_point,1581.0000,avg,1581.0000,488,177607.0000,1000000
2026-08-10T02:49:44Z,891d83e,main,t3d_compose,1493.0000,avg,1493.0000,838,86323.0000,500000
2026-08-10T02:49:44Z,891d83e,main,ray_sphere,1466.0000,avg,1466.0000,489,99663.0000,1000000
2026-08-10T02:49:44Z,891d83e,main,ray_aabb,1474.0000,avg,1474.0000,489,46374.0000,1000000
2026-08-10T02:49:44Z,891d83e,main,ray_triangle,1554.0000,avg,1554.0000,489,99385.0000,1000000
2026-08-10T02:49:44Z,891d83e,main,srgb_to_linear,1438.0000,avg,1438.0000,838,48959.0000,1000000
2026-08-10T02:49:44Z,891d83e,main,tonemap_reinhard,1444.0000,avg,1444.0000,488,116147.0000,1000000
2026-08-10T02:49:44Z,891d83e,main,calc_derivative,1431.0000,avg,1431.0000,489,47981.0000,500000
2026-08-10T02:49:44Z,891d83e,main,calc_integral_simpson,6812.0000,avg,6812.0000,5238.0000,53429.0000,100000
2026-08-10T02:49:44Z,891d83e,main,num_gcd,1439.0000,avg,1439.0000,488,41625.0000,1000000
2026-08-10T02:49:44Z,891d83e,main,num_is_prime,21902.0000,avg,21902.0000,16273.0000,86603.0000,500000
2026-08-10T02:49:44Z,891d83e,main,cx_mul,1431.0000,avg,1431.0000,838,117193.0000,1000000
2026-08-10T02:49:44Z,891d83e,main,ease_in_out,1420.0000,avg,1420.0000,488,30102.0000,1000000
2026-08-10T02:49:44Z,891d83e,main,perlin_2d,1424.0000,avg,1424.0000,838,30311.0000,200000
2026-08-10T02:49:44Z,891d83e,main,convex_hull_2d_2k,2032000.0000,avg,2032000.0000,2003000.0000,2128000.0000,20
2026-08-10T02:49:44Z,891d83e,main,halfedge_2k_tris,1095000.0000,avg,1095000.0000,1047000.0000,1264000.0000,20
2026-08-10T02:49:44Z,891d83e,main,bvh_degenerate_4k,3795000.0000,avg,3795000.0000,3763000.0000,3857000.0000,3
2026-08-10T02:49:44Z,891d83e,main,bvh_query_ray_200x4k,1893000.0000,avg,1893000.0000,1803000.0000,2178000.0000,5
2026-08-10T02:49:44Z,891d83e,main,kdtree_build_4k,2687000.0000,avg,2687000.0000,2641000.0000,2798000.0000,5
2026-08-10T02:49:44Z,891d83e,main,kdtree_radius_4k,1478.0000,avg,1478.0000,908,3422.0000,200
2026-08-10T02:49:44Z,891d83e,main,delaunay_2d_400,1784000.0000,avg,1784000.0000,1736000.0000,1845000.0000,3
2026-08-10T02:49:44Z,891d83e,main,delaunay_2d_circle_150,450034.0000,avg,450034.0000,443632.0000,453480.0000,3
2026-08-10T02:49:44Z,891d83e,main,triangulate_600gon,1703000.0000,avg,1703000.0000,1686000.0000,1721000.0000,3
2026-08-10T02:49:44Z,891d83e,main,svd_golub_kahan_12,172046.0000,avg,172046.0000,168666.0000,183263.0000,20
2026-08-10T02:49:44Z,891d83e,main,eigen_qr_12,133868.0000,avg,133868.0000,126413.0000,170832.0000,20
2026-08-10T02:49:44Z,891d83e,main,gjk_epa_3d_cyl_box,133657.0000,avg,133657.0000,125016.0000,332165.0000,100
2026-08-10T02:49:44Z,891d83e,main,mpr_penetration_boxes,25760.0000,avg,25760.0000,22908.0000,42394.0000,200
2026-08-10T02:49:44Z,891d83e,main,gjk_epa_boxes,25930.0000,avg,25930.0000,21930.0000,212876.0000,200
2026-08-10T02:49:44Z,891d83e,main,gjk_epa_spheres,619640.0000,avg,619640.0000,601264.0000,814559.0000,200
2026-08-10T02:49:44Z,891d83e,main,gjk_epa_sphere_box,124718.0000,avg,124718.0000,118800.0000,331048.0000,200
2026-08-10T02:49:44Z,891d83e,main,gjk_intersect_box_miss,840,avg,840,803,930,40000
2026-08-10T02:49:44Z,891d83e,main,gjk_intersect_sph_miss,1182.0000,avg,1182.0000,1153.0000,1240.0000,40000
2026-08-10T02:49:44Z,891d83e,main,gjk_intersect_box_hit,1989.0000,avg,1989.0000,1967.0000,2216.0000,10000
2026-08-10T02:49:44Z,891d83e,main,gjk_intersect_tangent,2262.0000,avg,2262.0000,2216.0000,2510.0000,10000
2026-08-10T02:49:44Z,891d83e,main,mpr_intersect_box_miss,1790.0000,avg,1790.0000,1760.0000,1922.0000,40000
2026-08-10T02:49:44Z,891d83e,main,mpr_intersect_box_hit,6340.0000,avg,6340.0000,6257.0000,6546.0000,10000
2026-08-10T02:49:44Z,891d83e,main,mpr_intersect_tangent,6519.0000,avg,6519.0000,6402.0000,6966.0000,10000
2026-08-10T02:49:44Z,891d83e,main,bvh_scatter_4k,6348000.0000,avg,6348000.0000,6339000.0000,6380000.0000,5
2026-08-10T02:49:44Z,891d83e,main,spatial_hash_query_2k,543560.0000,avg,543560.0000,439022.0000,939645.0000,5
2026-08-10T02:49:44Z,891d83e,main,num_dct_1024,293969.0000,avg,293969.0000,288864.0000,302762.0000,10
2026-08-10T02:49:44Z,891d83e,main,num_dst_1024,7095000.0000,avg,7095000.0000,7049000.0000,7284000.0000,10
2026-08-10T02:49:44Z,891d83e,main,num_dct_1023,1723000.0000,avg,1723000.0000,1704000.0000,1838000.0000,10
2026-08-10T02:49:44Z,891d83e,main,num_dst_1023,475025.0000,avg,475025.0000,468915.0000,480648.0000,10
2026-08-10T05:55:55Z,2c62720,main,vec3_add,1428.0000,avg,1428.0000,419,108534.0000,1000000
2026-08-10T05:55:55Z,2c62720,main,vec3_cross,1460.0000,avg,1460.0000,488,87372.0000,1000000
2026-08-10T05:55:55Z,2c62720,main,vec3_normalize,1466.0000,avg,1466.0000,489,86184.0000,1000000
2026-08-10T05:55:55Z,2c62720,main,vec3_dot_x64,2033.0000,avg,2033.0000,838,26749.0000,200000
2026-08-10T05:55:55Z,2c62720,main,vec4_dot_x64,1765.0000,avg,1765.0000,488,31917.0000,200000
2026-08-10T05:55:55Z,2c62720,main,m4_mul_x16,4474.0000,avg,4474.0000,1885.0000,181238.0000,200000
2026-08-10T05:55:55Z,2c62720,main,m4_transform_x64,6061.0000,avg,6061.0000,4260.0000,111536.0000,200000
2026-08-10T05:55:55Z,2c62720,main,quat_mul,1471.0000,avg,1471.0000,489,88349.0000,1000000
2026-08-10T05:55:55Z,2c62720,main,quat_slerp,1748.0000,avg,1748.0000,489,70540.0000,500000
2026-08-10T05:55:55Z,2c62720,main,quat_rotate_vec3,1466.0000,avg,1466.0000,488,72844.0000,1000000
2026-08-10T05:55:55Z,2c62720,main,m4_mul,1544.0000,avg,1544.0000,489,94425.0000,500000
2026-08-10T05:55:55Z,2c62720,main,m4_inverse,1759.0000,avg,1759.0000,489,76546.0000,200000
2026-08-10T05:55:55Z,2c62720,main,m4_transform_point,1531.0000,avg,1531.0000,419,64324.0000,1000000
2026-08-10T05:55:55Z,2c62720,main,t3d_compose,1754.0000,avg,1754.0000,419,84788.0000,500000
2026-08-10T05:55:55Z,2c62720,main,ray_sphere,1471.0000,avg,1471.0000,419,640514.0000,1000000
2026-08-10T05:55:55Z,2c62720,main,ray_aabb,1457.0000,avg,1457.0000,419,46235.0000,1000000
2026-08-10T05:55:55Z,2c62720,main,ray_triangle,1693.0000,avg,1693.0000,488,139682.0000,1000000
2026-08-10T05:55:55Z,2c62720,main,srgb_to_linear,1460.0000,avg,1460.0000,488,42115.0000,1000000
2026-08-10T05:55:55Z,2c62720,main,tonemap_reinhard,1464.0000,avg,1464.0000,488,69073.0000,1000000
2026-08-10T05:55:55Z,2c62720,main,calc_derivative,1458.0000,avg,1458.0000,489,38482.0000,500000
2026-08-10T05:55:55Z,2c62720,main,calc_integral_simpson,6771.0000,avg,6771.0000,5168.0000,40927.0000,100000
2026-08-10T05:55:55Z,2c62720,main,num_gcd,1442.0000,avg,1442.0000,420,45188.0000,1000000
2026-08-10T05:55:55Z,2c62720,main,num_is_prime,21364.0000,avg,21364.0000,15784.0000,552794.0000,500000
2026-08-10T05:55:55Z,2c62720,main,cx_mul,1463.0000,avg,1463.0000,489,172508.0000,1000000
2026-08-10T05:55:55Z,2c62720,main,ease_in_out,1376.0000,avg,1376.0000,489,79689.0000,1000000
2026-08-10T05:55:55Z,2c62720,main,perlin_2d,1459.0000,avg,1459.0000,838,55384.0000,200000
2026-08-10T05:55:55Z,2c62720,main,convex_hull_2d_2k,1941000.0000,avg,1941000.0000,1911000.0000,2020000.0000,20
2026-08-10T05:55:55Z,2c62720,main,halfedge_2k_tris,1045000.0000,avg,1045000.0000,993143.0000,1275000.0000,20
2026-08-10T05:55:55Z,2c62720,main,bvh_degenerate_4k,3576000.0000,avg,3576000.0000,3542000.0000,3626000.0000,3
2026-08-10T05:55:55Z,2c62720,main,bvh_query_ray_200x4k,1867000.0000,avg,1867000.0000,1754000.0000,2165000.0000,5
2026-08-10T05:55:55Z,2c62720,main,kdtree_build_4k,2525000.0000,avg,2525000.0000,2485000.0000,2566000.0000,5
2026-08-10T05:55:55Z,2c62720,main,kdtree_radius_4k,1989.0000,avg,1989.0000,908,10895.0000,200
2026-08-10T05:55:55Z,2c62720,main,delaunay_2d_400,1732000.0000,avg,1732000.0000,1704000.0000,1756000.0000,3
2026-08-10T05:55:55Z,2c62720,main,delaunay_2d_circle_150,451779.0000,avg,451779.0000,439371.0000,459905.0000,3
2026-08-10T05:55:55Z,2c62720,main,triangulate_600gon,1692000.0000,avg,1692000.0000,1659000.0000,1715000.0000,3
2026-08-10T05:55:55Z,2c62720,main,svd_golub_kahan_12,169047.0000,avg,169047.0000,159867.0000,185848.0000,20
2026-08-10T05:55:55Z,2c62720,main,eigen_qr_12,131224.0000,avg,131224.0000,125015.0000,141708.0000,20
2026-08-10T05:55:55Z,2c62720,main,gjk_epa_3d_cyl_box,129358.0000,avg,129358.0000,122990.0000,153092.0000,100
2026-08-10T05:55:55Z,2c62720,main,mpr_penetration_boxes,24650.0000,avg,24650.0000,21372.0000,70260.0000,200
2026-08-10T05:55:55Z,2c62720,main,gjk_epa_boxes,24096.0000,avg,24096.0000,21092.0000,45467.0000,200
2026-08-10T05:55:55Z,2c62720,main,gjk_epa_spheres,598242.0000,avg,598242.0000,563689.0000,678159.0000,200
2026-08-10T05:55:55Z,2c62720,main,gjk_epa_sphere_box,122995.0000,avg,122995.0000,115447.0000,172368.0000,200
2026-08-10T05:55:55Z,2c62720,main,gjk_intersect_box_miss,780,avg,780,765,813,40000
2026-08-10T05:55:55Z,2c62720,main,gjk_intersect_sph_miss,1112.0000,avg,1112.0000,1090.0000,1196.0000,40000
2026-08-10T05:55:55Z,2c62720,main,gjk_intersect_box_hit,1883.0000,avg,1883.0000,1827.0000,1977.0000,10000
2026-08-10T05:55:55Z,2c62720,main,gjk_intersect_tangent,2145.0000,avg,2145.0000,2101.0000,2253.0000,10000
2026-08-10T05:55:55Z,2c62720,main,mpr_intersect_box_miss,1674.0000,avg,1674.0000,1650.0000,1748.0000,40000
2026-08-10T05:55:55Z,2c62720,main,mpr_intersect_box_hit,6095.0000,avg,6095.0000,5920.0000,6399.0000,10000
2026-08-10T05:55:55Z,2c62720,main,mpr_intersect_tangent,6402.0000,avg,6402.0000,6101.0000,6609.0000,10000
2026-08-10T05:55:55Z,2c62720,main,bvh_scatter_4k,6285000.0000,avg,6285000.0000,6165000.0000,6366000.0000,5
2026-08-10T05:55:55Z,2c62720,main,spatial_hash_query_2k,532581.0000,avg,532581.0000,415486.0000,929727.0000,5
2026-08-10T05:55:55Z,2c62720,main,num_dct_1024,293494.0000,avg,293494.0000,284953.0000,308489.0000,10
2026-08-10T05:55:55Z,2c62720,main,num_dst_1024,6928000.0000,avg,6928000.0000,6691000.0000,7103000.0000,10
2026-08-10T05:55:55Z,2c62720,main,num_dct_1023,1642000.0000,avg,1642000.0000,1615000.0000,1689000.0000,10
2026-08-10T05:55:55Z,2c62720,main,num_dst_1023,468250.0000,avg,468250.0000,447054.0000,517943.0000,10
2026-08-10T14:39:42Z,9427003,main,vec3_add,1407.0000,avg,1407.0000,489,80038.0000,1000000
2026-08-10T14:39:42Z,9427003,main,vec3_cross,1465.0000,avg,1465.0000,488,242350.0000,1000000
2026-08-10T14:39:42Z,9427003,main,vec3_normalize,1462.0000,avg,1462.0000,489,90165.0000,1000000
2026-08-10T14:39:42Z,9427003,main,vec3_dot_x64,1954.0000,avg,1954.0000,489,32615.0000,200000
2026-08-10T14:39:42Z,9427003,main,vec4_dot_x64,1706.0000,avg,1706.0000,489,23886.0000,200000
2026-08-10T14:39:42Z,9427003,main,m4_mul_x16,4216.0000,avg,4216.0000,1885.0000,104413.0000,200000
2026-08-10T14:39:42Z,9427003,main,m4_transform_x64,5799.0000,avg,5799.0000,3912.0000,86324.0000,200000
2026-08-10T14:39:42Z,9427003,main,quat_mul,1467.0000,avg,1467.0000,489,322038.0000,1000000
2026-08-10T14:39:42Z,9427003,main,quat_slerp,1704.0000,avg,1704.0000,489,59994.0000,500000
2026-08-10T14:39:42Z,9427003,main,quat_rotate_vec3,1467.0000,avg,1467.0000,489,442375.0000,1000000
2026-08-10T14:39:42Z,9427003,main,m4_mul,1527.0000,avg,1527.0000,489,81086.0000,500000
2026-08-10T14:39:42Z,9427003,main,m4_inverse,1733.0000,avg,1733.0000,488,68724.0000,200000
2026-08-10T14:39:42Z,9427003,main,m4_transform_point,1513.0000,avg,1513.0000,419,502648.0000,1000000
2026-08-10T14:39:42Z,9427003,main,t3d_compose,1745.0000,avg,1745.0000,489,179772.0000,500000
2026-08-10T14:39:42Z,9427003,main,ray_sphere,1465.0000,avg,1465.0000,489,424425.0000,1000000
2026-08-10T14:39:42Z,9427003,main,ray_aabb,1455.0000,avg,1455.0000,838,135562.0000,1000000
2026-08-10T14:39:42Z,9427003,main,ray_triangle,1729.0000,avg,1729.0000,488,109791.0000,1000000
2026-08-10T14:39:42Z,9427003,main,srgb_to_linear,1453.0000,avg,1453.0000,489,54825.0000,1000000
2026-08-10T14:39:42Z,9427003,main,tonemap_reinhard,1420.0000,avg,1420.0000,489,124667.0000,1000000
2026-08-10T14:39:42Z,9427003,main,calc_derivative,1453.0000,avg,1453.0000,489,32406.0000,500000
2026-08-10T14:39:42Z,9427003,main,calc_integral_simpson,6483.0000,avg,6483.0000,5099.0000,40369.0000,100000
2026-08-10T14:39:42Z,9427003,main,num_gcd,1327.0000,avg,1327.0000,419,158121.0000,1000000
2026-08-10T14:39:42Z,9427003,main,num_is_prime,20613.0000,avg,20613.0000,17251.0000,843403.0000,500000
2026-08-10T14:39:42Z,9427003,main,cx_mul,1453.0000,avg,1453.0000,838,56362.0000,1000000
2026-08-10T14:39:42Z,9427003,main,ease_in_out,1341.0000,avg,1341.0000,488,40927.0000,1000000
2026-08-10T14:39:42Z,9427003,main,perlin_2d,1455.0000,avg,1455.0000,489,38971.0000,200000
2026-08-10T14:39:42Z,9427003,main,convex_hull_2d_2k,1869000.0000,avg,1869000.0000,1845000.0000,1923000.0000,20
2026-08-10T14:39:42Z,9427003,main,halfedge_2k_tris,1004000.0000,avg,1004000.0000,963460.0000,1086000.0000,20
2026-08-10T14:39:42Z,9427003,main,bvh_degenerate_4k,3468000.0000,avg,3468000.0000,3452000.0000,3494000.0000,3
2026-08-10T14:39:42Z,9427003,main,bvh_query_ray_200x4k,1742000.0000,avg,1742000.0000,1662000.0000,2026000.0000,5
2026-08-10T14:39:42Z,9427003,main,kdtree_build_4k,2439000.0000,avg,2439000.0000,2430000.0000,2451000.0000,5
2026-08-10T14:39:42Z,9427003,main,kdtree_radius_4k,1959.0000,avg,1959.0000,1397.0000,11524.0000,200
2026-08-10T14:39:42Z,9427003,main,delaunay_2d_400,1672000.0000,avg,1672000.0000,1655000.0000,1693000.0000,3
2026-08-10T14:39:42Z,9427003,main,delaunay_2d_circle_150,425170.0000,avg,425170.0000,422330.0000,428825.0000,3
2026-08-10T14:39:42Z,9427003,main,triangulate_600gon,1584000.0000,avg,1584000.0000,1572000.0000,1592000.0000,3
2026-08-10T14:39:42Z,9427003,main,svd_golub_kahan_12,164511.0000,avg,164511.0000,161194.0000,173485.0000,20
2026-08-10T14:39:42Z,9427003,main,eigen_qr_12,124300.0000,avg,124300.0000,122572.0000,135004.0000,20
2026-08-10T14:39:42Z,9427003,main,gjk_epa_3d_cyl_box,124641.0000,avg,124641.0000,115518.0000,176559.0000,100
2026-08-10T14:39:42Z,9427003,main,mpr_penetration_boxes,23173.0000,avg,23173.0000,21511.0000,33245.0000,200
2026-08-10T14:39:42Z,9427003,main,gjk_epa_boxes,22939.0000,avg,22939.0000,20533.0000,34851.0000,200
2026-08-10T14:39:42Z,9427003,main,gjk_epa_spheres,568878.0000,avg,568878.0000,556356.0000,631784.0000,200
2026-08-10T14:39:42Z,9427003,main,gjk_epa_sphere_box,118188.0000,avg,118188.0000,108883.0000,159657.0000,200
2026-08-10T14:39:42Z,9427003,main,gjk_intersect_box_miss,756,avg,756,748,785,40000
2026-08-10T14:39:42Z,9427003,main,gjk_intersect_sph_miss,1077.0000,avg,1077.0000,1067.0000,1100.0000,40000
2026-08-10T14:39:42Z,9427003,main,gjk_intersect_box_hit,1823.0000,avg,1823.0000,1796.0000,1911.0000,10000
2026-08-10T14:39:42Z,9427003,main,gjk_intersect_tangent,2072.0000,avg,2072.0000,2046.0000,2146.0000,10000
2026-08-10T14:39:42Z,9427003,main,mpr_intersect_box_miss,1633.0000,avg,1633.0000,1607.0000,1709.0000,40000
2026-08-10T14:39:42Z,9427003,main,mpr_intersect_box_hit,5920.0000,avg,5920.0000,5733.0000,6249.0000,10000
2026-08-10T14:39:42Z,9427003,main,mpr_intersect_tangent,6074.0000,avg,6074.0000,5917.0000,6451.0000,10000
2026-08-10T14:39:42Z,9427003,main,bvh_scatter_4k,5933000.0000,avg,5933000.0000,5865000.0000,6041000.0000,5
2026-08-10T14:39:42Z,9427003,main,spatial_hash_query_2k,510386.0000,avg,510386.0000,406965.0000,906121.0000,5
2026-08-10T14:39:42Z,9427003,main,num_dct_1024,275489.0000,avg,275489.0000,271054.0000,285301.0000,10
2026-08-10T14:39:42Z,9427003,main,num_dst_1024,6612000.0000,avg,6612000.0000,6530000.0000,6719000.0000,10
2026-08-10T14:39:42Z,9427003,main,num_dct_1023,1604000.0000,avg,1604000.0000,1575000.0000,1668000.0000,10
2026-08-10T14:39:42Z,9427003,main,num_dst_1023,457285.0000,avg,457285.0000,429594.0000,479460.0000,10
2026-08-10T14:49:05Z,aa9febe,main,vec3_add,1384.0000,avg,1384.0000,838,129206.0000,1000000
2026-08-10T14:49:05Z,aa9febe,main,vec3_cross,1463.0000,avg,1463.0000,838,84927.0000,1000000
2026-08-10T14:49:05Z,aa9febe,main,vec3_normalize,1459.0000,avg,1459.0000,488,83111.0000,1000000
2026-08-10T14:49:05Z,aa9febe,main,vec3_dot_x64,1948.0000,avg,1948.0000,907,23955.0000,200000
2026-08-10T14:49:05Z,aa9febe,main,vec4_dot_x64,1691.0000,avg,1691.0000,907,33873.0000,200000
2026-08-10T14:49:05Z,aa9febe,main,m4_mul_x16,4218.0000,avg,4218.0000,1816.0000,204495.0000,200000
2026-08-10T14:49:05Z,aa9febe,main,m4_transform_x64,5735.0000,avg,5735.0000,4190.0000,83181.0000,200000
2026-08-10T14:49:05Z,aa9febe,main,quat_mul,1467.0000,avg,1467.0000,488,202749.0000,1000000
2026-08-10T14:49:05Z,aa9febe,main,quat_slerp,1709.0000,avg,1709.0000,489,139334.0000,500000
2026-08-10T14:49:05Z,aa9febe,main,quat_rotate_vec3,1465.0000,avg,1465.0000,489,57130.0000,1000000
2026-08-10T14:49:05Z,aa9febe,main,m4_mul,1522.0000,avg,1522.0000,489,84927.0000,500000
2026-08-10T14:49:05Z,aa9febe,main,m4_inverse,1730.0000,avg,1730.0000,489,60971.0000,200000
2026-08-10T14:49:05Z,aa9febe,main,m4_transform_point,1505.0000,avg,1505.0000,488,150927.0000,1000000
2026-08-10T14:49:05Z,aa9febe,main,t3d_compose,1741.0000,avg,1741.0000,489,94845.0000,500000
2026-08-10T14:49:05Z,aa9febe,main,ray_sphere,1464.0000,avg,1464.0000,489,129067.0000,1000000
2026-08-10T14:49:05Z,aa9febe,main,ray_aabb,1444.0000,avg,1444.0000,489,45117.0000,1000000
2026-08-10T14:49:05Z,aa9febe,main,ray_triangle,1729.0000,avg,1729.0000,488,65441.0000,1000000
2026-08-10T14:49:05Z,aa9febe,main,srgb_to_linear,1449.0000,avg,1449.0000,419,301226.0000,1000000
2026-08-10T14:49:05Z,aa9febe,main,tonemap_reinhard,1432.0000,avg,1432.0000,419,60063.0000,1000000
2026-08-10T14:49:05Z,aa9febe,main,calc_derivative,1455.0000,avg,1455.0000,489,35689.0000,500000
2026-08-10T14:49:05Z,aa9febe,main,calc_integral_simpson,6611.0000,avg,6611.0000,4889.0000,90166.0000,100000
2026-08-10T14:49:05Z,aa9febe,main,num_gcd,1363.0000,avg,1363.0000,489,56571.0000,1000000
2026-08-10T14:49:05Z,aa9febe,main,num_is_prime,20505.0000,avg,20505.0000,17390.0000,96101.0000,500000
2026-08-10T14:49:05Z,aa9febe,main,cx_mul,1453.0000,avg,1453.0000,489,61600.0000,1000000
2026-08-10T14:49:05Z,aa9febe,main,ease_in_out,1339.0000,avg,1339.0000,489,35689.0000,1000000
2026-08-10T14:49:05Z,aa9febe,main,perlin_2d,1454.0000,avg,1454.0000,838,34431.0000,200000
2026-08-10T14:49:05Z,aa9febe,main,convex_hull_2d_2k,1878000.0000,avg,1878000.0000,1846000.0000,1947000.0000,20
2026-08-10T14:49:05Z,aa9febe,main,halfedge_2k_tris,995185.0000,avg,995185.0000,970026.0000,1078000.0000,20
2026-08-10T14:49:05Z,aa9febe,main,bvh_degenerate_4k,3502000.0000,avg,3502000.0000,3455000.0000,3568000.0000,3
2026-08-10T14:49:05Z,aa9febe,main,bvh_query_ray_200x4k,1792000.0000,avg,1792000.0000,1672000.0000,2092000.0000,5
2026-08-10T14:49:05Z,aa9febe,main,kdtree_build_4k,2482000.0000,avg,2482000.0000,2453000.0000,2504000.0000,5
2026-08-10T14:49:05Z,aa9febe,main,kdtree_radius_4k,1902.0000,avg,1902.0000,1396.0000,5238.0000,200
2026-08-10T14:49:05Z,aa9febe,main,delaunay_2d_400,1676000.0000,avg,1676000.0000,1662000.0000,1686000.0000,3
2026-08-10T14:49:05Z,aa9febe,main,delaunay_2d_circle_150,452129.0000,avg,452129.0000,439512.0000,476388.0000,3
2026-08-10T14:49:05Z,aa9febe,main,triangulate_600gon,1593000.0000,avg,1593000.0000,1583000.0000,1605000.0000,3
2026-08-10T14:49:05Z,aa9febe,main,triangulate_comb_600,5718000.0000,avg,5718000.0000,5647000.0000,5788000.0000,3
2026-08-10T14:49:05Z,aa9febe,main,triangulate_hex_6,2906.0000,avg,2906.0000,1397.0000,18648.0000,20000
2026-08-10T14:49:05Z,aa9febe,main,svd_golub_kahan_12,165523.0000,avg,165523.0000,154350.0000,178514.0000,20
2026-08-10T14:49:05Z,aa9febe,main,eigen_qr_12,126252.0000,avg,126252.0000,121594.0000,138076.0000,20
2026-08-10T14:49:05Z,aa9febe,main,gjk_epa_3d_cyl_box,127379.0000,avg,127379.0000,114889.0000,184171.0000,100
2026-08-10T14:49:05Z,aa9febe,main,mpr_penetration_boxes,23187.0000,avg,23187.0000,21651.0000,32896.0000,200
2026-08-10T14:49:05Z,aa9febe,main,gjk_epa_boxes,23221.0000,avg,23221.0000,20603.0000,70051.0000,200
2026-08-10T14:49:05Z,aa9febe,main,gjk_epa_spheres,585022.0000,avg,585022.0000,557054.0000,725301.0000,200
2026-08-10T14:49:05Z,aa9febe,main,gjk_epa_sphere_box,120175.0000,avg,120175.0000,109721.0000,182216.0000,200
2026-08-10T14:49:05Z,aa9febe,main,gjk_intersect_box_miss,802,avg,802,789,846,40000
2026-08-10T14:49:05Z,aa9febe,main,gjk_intersect_sph_miss,1135.0000,avg,1135.0000,1073.0000,1220.0000,40000
2026-08-10T14:49:05Z,aa9febe,main,gjk_intersect_box_hit,1857.0000,avg,1857.0000,1779.0000,2040.0000,10000
2026-08-10T14:49:05Z,aa9febe,main,gjk_intersect_tangent,2125.0000,avg,2125.0000,2058.0000,2207.0000,10000
2026-08-10T14:49:05Z,aa9febe,main,mpr_intersect_box_miss,1644.0000,avg,1644.0000,1630.0000,1671.0000,40000
2026-08-10T14:49:05Z,aa9febe,main,mpr_intersect_box_hit,6069.0000,avg,6069.0000,5827.0000,6255.0000,10000
2026-08-10T14:49:05Z,aa9febe,main,mpr_intersect_tangent,6209.0000,avg,6209.0000,5921.0000,6445.0000,10000
2026-08-10T14:49:05Z,aa9febe,main,bvh_scatter_4k,5951000.0000,avg,5951000.0000,5886000.0000,6037000.0000,5
2026-08-10T14:49:05Z,aa9febe,main,spatial_hash_query_2k,523502.0000,avg,523502.0000,406616.0000,885588.0000,5
2026-08-10T14:49:05Z,aa9febe,main,num_dct_1024,286377.0000,avg,286377.0000,272800.0000,297873.0000,10
2026-08-10T14:49:05Z,aa9febe,main,num_dst_1024,6617000.0000,avg,6617000.0000,6546000.0000,6939000.0000,10
2026-08-10T14:49:05Z,aa9febe,main,num_dct_1023,1595000.0000,avg,1595000.0000,1571000.0000,1676000.0000,10
2026-08-10T14:49:05Z,aa9febe,main,num_dst_1023,448562.0000,avg,448562.0000,433086.0000,471359.0000,10
2026-08-10T14:54:18Z,aa9febe,main,vec3_add,1449.0000,avg,1449.0000,419,94914.0000,1000000
2026-08-10T14:54:18Z,aa9febe,main,vec3_cross,1463.0000,avg,1463.0000,419,211131.0000,1000000
2026-08-10T14:54:18Z,aa9febe,main,vec3_normalize,1467.0000,avg,1467.0000,488,111606.0000,1000000
2026-08-10T14:54:18Z,aa9febe,main,vec3_dot_x64,1987.0000,avg,1987.0000,839,43231.0000,200000
2026-08-10T14:54:18Z,aa9febe,main,vec4_dot_x64,1738.0000,avg,1738.0000,907,47981.0000,200000
2026-08-10T14:54:18Z,aa9febe,main,m4_mul_x16,4328.0000,avg,4328.0000,1816.0000,185499.0000,200000
2026-08-10T14:54:18Z,aa9febe,main,m4_transform_x64,5859.0000,avg,5859.0000,4190.0000,110279.0000,200000
2026-08-10T14:54:18Z,aa9febe,main,quat_mul,1472.0000,avg,1472.0000,488,89117.0000,1000000
2026-08-10T14:54:18Z,aa9febe,main,quat_slerp,1718.0000,avg,1718.0000,489,64254.0000,500000
2026-08-10T14:54:18Z,aa9febe,main,quat_rotate_vec3,1465.0000,avg,1465.0000,489,84508.0000,1000000
2026-08-10T14:54:18Z,aa9febe,main,m4_mul,1530.0000,avg,1530.0000,488,85835.0000,500000
2026-08-10T14:54:18Z,aa9febe,main,m4_inverse,1735.0000,avg,1735.0000,838,82902.0000,200000
2026-08-10T14:54:18Z,aa9febe,main,m4_transform_point,1511.0000,avg,1511.0000,488,84019.0000,1000000
2026-08-10T14:54:18Z,aa9febe,main,t3d_compose,1741.0000,avg,1741.0000,489,119289.0000,500000
2026-08-10T14:54:18Z,aa9febe,main,ray_sphere,1463.0000,avg,1463.0000,488,84368.0000,1000000
2026-08-10T14:54:18Z,aa9febe,main,ray_aabb,1453.0000,avg,1453.0000,488,50635.0000,1000000
2026-08-10T14:54:18Z,aa9febe,main,ray_triangle,1734.0000,avg,1734.0000,489,169016.0000,1000000
2026-08-10T14:54:18Z,aa9febe,main,srgb_to_linear,1450.0000,avg,1450.0000,488,40089.0000,1000000
2026-08-10T14:54:18Z,aa9febe,main,tonemap_reinhard,1439.0000,avg,1439.0000,488,63485.0000,1000000
2026-08-10T14:54:18Z,aa9febe,main,calc_derivative,1452.0000,avg,1452.0000,489,33105.0000,500000
2026-08-10T14:54:18Z,aa9febe,main,calc_integral_simpson,6535.0000,avg,6535.0000,4819.0000,45327.0000,100000
2026-08-10T14:54:18Z,aa9febe,main,num_gcd,1412.0000,avg,1412.0000,419,31009.0000,1000000
2026-08-10T14:54:18Z,aa9febe,main,num_is_prime,21037.0000,avg,21037.0000,17461.0000,79828.0000,500000
2026-08-10T14:54:18Z,aa9febe,main,cx_mul,1454.0000,avg,1454.0000,489,93029.0000,1000000
2026-08-10T14:54:18Z,aa9febe,main,ease_in_out,1343.0000,avg,1343.0000,838,34781.0000,1000000
2026-08-10T14:54:18Z,aa9febe,main,perlin_2d,1452.0000,avg,1452.0000,489,26190.0000,200000
2026-08-10T14:54:18Z,aa9febe,main,convex_hull_2d_2k,1973000.0000,avg,1973000.0000,1945000.0000,1989000.0000,20
2026-08-10T14:54:18Z,aa9febe,main,halfedge_2k_tris,1045000.0000,avg,1045000.0000,971702.0000,1151000.0000,20
2026-08-10T14:54:18Z,aa9febe,main,bvh_degenerate_4k,3538000.0000,avg,3538000.0000,3444000.0000,3632000.0000,3
2026-08-10T14:54:18Z,aa9febe,main,bvh_query_ray_200x4k,1776000.0000,avg,1776000.0000,1667000.0000,2106000.0000,5
2026-08-10T14:54:18Z,aa9febe,main,kdtree_build_4k,2498000.0000,avg,2498000.0000,2448000.0000,2532000.0000,5
2026-08-10T14:54:18Z,aa9febe,main,kdtree_build_octave_512,563783.0000,avg,563783.0000,543854.0000,593581.0000,20
2026-08-10T14:54:18Z,aa9febe,main,kdtree_radius_4k,1924.0000,avg,1924.0000,908,6705.0000,200
2026-08-10T14:54:18Z,aa9febe,main,delaunay_2d_400,1723000.0000,avg,1723000.0000,1686000.0000,1767000.0000,3
2026-08-10T14:54:18Z,aa9febe,main,delaunay_2d_circle_150,433598.0000,avg,433598.0000,424286.0000,439023.0000,3
2026-08-10T14:54:18Z,aa9febe,main,triangulate_600gon,1643000.0000,avg,1643000.0000,1631000.0000,1659000.0000,3
2026-08-10T14:54:18Z,aa9febe,main,triangulate_comb_600,5767000.0000,avg,5767000.0000,5701000.0000,5892000.0000,3
2026-08-10T14:54:18Z,aa9febe,main,triangulate_hex_6,2950.0000,avg,2950.0000,1396.0000,69981.0000,20000
2026-08-10T14:54:18Z,aa9febe,main,svd_golub_kahan_12,165499.0000,avg,165499.0000,153371.0000,181727.0000,20
2026-08-10T14:54:18Z,aa9febe,main,eigen_qr_12,122449.0000,avg,122449.0000,121245.0000,126483.0000,20
2026-08-10T14:54:18Z,aa9febe,main,gjk_epa_3d_cyl_box,127487.0000,avg,127487.0000,115867.0000,212247.0000,100
2026-08-10T14:54:18Z,aa9febe,main,mpr_penetration_boxes,24276.0000,avg,24276.0000,21790.0000,40507.0000,200
2026-08-10T14:54:18Z,aa9febe,main,gjk_epa_boxes,24180.0000,avg,24180.0000,20603.0000,99105.0000,200
2026-08-10T14:54:18Z,aa9febe,main,gjk_epa_spheres,583239.0000,avg,583239.0000,552584.0000,659232.0000,200
2026-08-10T14:54:18Z,aa9febe,main,gjk_epa_sphere_box,120301.0000,avg,120301.0000,109790.0000,157422.0000,200
2026-08-10T14:54:18Z,aa9febe,main,gjk_intersect_box_miss,782,avg,782,748,802,40000
2026-08-10T14:54:18Z,aa9febe,main,gjk_intersect_sph_miss,1097.0000,avg,1097.0000,1062.0000,1149.0000,40000
2026-08-10T14:54:18Z,aa9febe,main,gjk_intersect_box_hit,1878.0000,avg,1878.0000,1803.0000,2054.0000,10000
2026-08-10T14:54:18Z,aa9febe,main,gjk_intersect_tangent,2156.0000,avg,2156.0000,2049.0000,2510.0000,10000
2026-08-10T14:54:18Z,aa9febe,main,mpr_intersect_box_miss,1675.0000,avg,1675.0000,1631.0000,1729.0000,40000
2026-08-10T14:54:18Z,aa9febe,main,mpr_intersect_box_hit,5939.0000,avg,5939.0000,5811.0000,6138.0000,10000
2026-08-10T14:54:18Z,aa9febe,main,mpr_intersect_tangent,6084.0000,avg,6084.0000,5959.0000,6210.0000,10000
2026-08-10T14:54:18Z,aa9febe,main,bvh_scatter_4k,6020000.0000,avg,6020000.0000,5944000.0000,6120000.0000,5
2026-08-10T14:54:18Z,aa9febe,main,spatial_hash_query_2k,546242.0000,avg,546242.0000,432736.0000,959061.0000,5
2026-08-10T14:54:18Z,aa9febe,main,num_dct_1024,291887.0000,avg,291887.0000,286489.0000,299061.0000,10
2026-08-10T14:54:18Z,aa9febe,main,num_dst_1024,6696000.0000,avg,6696000.0000,6611000.0000,6867000.0000,10
2026-08-10T14:54:18Z,aa9febe,main,num_dct_1023,1614000.0000,avg,1614000.0000,1581000.0000,1642000.0000,10
2026-08-10T14:54:18Z,aa9febe,main,num_dst_1023,449337.0000,avg,449337.0000,436717.0000,471289.0000,10
2026-08-10T15:01:48Z,c59e1fc,main,vec3_add,1461.0000,avg,1461.0000,419,126413.0000,1000000
2026-08-10T15:01:48Z,c59e1fc,main,vec3_cross,1465.0000,avg,1465.0000,488,96800.0000,1000000
2026-08-10T15:01:48Z,c59e1fc,main,vec3_normalize,1466.0000,avg,1466.0000,488,73753.0000,1000000
2026-08-10T15:01:48Z,c59e1fc,main,vec3_dot_x64,1994.0000,avg,1994.0000,489,62927.0000,200000
2026-08-10T15:01:48Z,c59e1fc,main,vec4_dot_x64,1738.0000,avg,1738.0000,489,20743.0000,200000
2026-08-10T15:01:48Z,c59e1fc,main,m4_mul_x16,4421.0000,avg,4421.0000,1885.0000,133537.0000,200000
2026-08-10T15:01:48Z,c59e1fc,main,m4_transform_x64,6105.0000,avg,6105.0000,4260.0000,146387.0000,200000
2026-08-10T15:01:48Z,c59e1fc,main,quat_mul,1468.0000,avg,1468.0000,489,76336.0000,1000000
2026-08-10T15:01:48Z,c59e1fc,main,quat_slerp,1759.0000,avg,1759.0000,489,63905.0000,500000
2026-08-10T15:01:48Z,c59e1fc,main,quat_rotate_vec3,1467.0000,avg,1467.0000,489,202120.0000,1000000
2026-08-10T15:01:48Z,c59e1fc,main,m4_mul,1535.0000,avg,1535.0000,907,209384.0000,500000
2026-08-10T15:01:48Z,c59e1fc,main,m4_inverse,1738.0000,avg,1738.0000,419,154559.0000,200000
2026-08-10T15:01:48Z,c59e1fc,main,m4_transform_point,1515.0000,avg,1515.0000,489,159098.0000,1000000
2026-08-10T15:01:48Z,c59e1fc,main,t3d_compose,1744.0000,avg,1744.0000,838,121943.0000,500000
2026-08-10T15:01:48Z,c59e1fc,main,ray_sphere,1463.0000,avg,1463.0000,419,173136.0000,1000000
2026-08-10T15:01:48Z,c59e1fc,main,ray_aabb,1459.0000,avg,1459.0000,489,34781.0000,1000000
2026-08-10T15:01:48Z,c59e1fc,main,ray_triangle,1735.0000,avg,1735.0000,489,210292.0000,1000000
2026-08-10T15:01:48Z,c59e1fc,main,srgb_to_linear,1456.0000,avg,1456.0000,489,34362.0000,1000000
2026-08-10T15:01:48Z,c59e1fc,main,tonemap_reinhard,1462.0000,avg,1462.0000,489,54756.0000,1000000
2026-08-10T15:01:48Z,c59e1fc,main,calc_derivative,1457.0000,avg,1457.0000,838,49098.0000,500000
2026-08-10T15:01:48Z,c59e1fc,main,calc_integral_simpson,6695.0000,avg,6695.0000,5238.0000,27657.0000,100000
2026-08-10T15:01:48Z,c59e1fc,main,num_gcd,1430.0000,avg,1430.0000,488,53638.0000,1000000
2026-08-10T15:01:48Z,c59e1fc,main,num_is_prime,21189.0000,avg,21189.0000,16692.0000,167619.0000,500000
2026-08-10T15:01:48Z,c59e1fc,main,cx_mul,1458.0000,avg,1458.0000,419,27169.0000,1000000
2026-08-10T15:01:48Z,c59e1fc,main,ease_in_out,1358.0000,avg,1358.0000,489,41416.0000,1000000
2026-08-10T15:01:48Z,c59e1fc,main,perlin_2d,1457.0000,avg,1457.0000,838,25003.0000,200000
2026-08-10T15:01:48Z,c59e1fc,main,convex_hull_2d_2k,1949000.0000,avg,1949000.0000,1888000.0000,2037000.0000,20
2026-08-10T15:01:48Z,c59e1fc,main,halfedge_2k_tris,1064000.0000,avg,1064000.0000,994540.0000,1162000.0000,20
2026-08-10T15:01:48Z,c59e1fc,main,bvh_degenerate_4k,3538000.0000,avg,3538000.0000,3512000.0000,3574000.0000,3
2026-08-10T15:01:48Z,c59e1fc,main,bvh_query_ray_200x4k,1807000.0000,avg,1807000.0000,1694000.0000,2101000.0000,5
2026-08-10T15:01:48Z,c59e1fc,main,kdtree_build_4k,2537000.0000,avg,2537000.0000,2495000.0000,2604000.0000,5
2026-08-10T15:01:48Z,c59e1fc,main,kdtree_build_octave_512,567443.0000,avg,567443.0000,553073.0000,598889.0000,20
2026-08-10T15:01:48Z,c59e1fc,main,kdtree_radius_4k,1971.0000,avg,1971.0000,977,10616.0000,200
2026-08-10T15:01:48Z,c59e1fc,main,delaunay_2d_400,1733000.0000,avg,1733000.0000,1683000.0000,1801000.0000,3
2026-08-10T15:01:48Z,c59e1fc,main,delaunay_2d_circle_150,482836.0000,avg,482836.0000,455854.0000,530026.0000,3
2026-08-10T15:01:48Z,c59e1fc,main,triangulate_600gon,1636000.0000,avg,1636000.0000,1611000.0000,1680000.0000,3
2026-08-10T15:01:48Z,c59e1fc,main,triangulate_comb_600,5717000.0000,avg,5717000.0000,5689000.0000,5768000.0000,3
2026-08-10T15:01:48Z,c59e1fc,main,triangulate_hex_6,2977.0000,avg,2977.0000,1397.0000,14387.0000,20000
2026-08-10T15:01:48Z,c59e1fc,main,svd_golub_kahan_12,169267.0000,avg,169267.0000,161822.0000,180959.0000,20
2026-08-10T15:01:48Z,c59e1fc,main,eigen_qr_12,128088.0000,avg,128088.0000,124248.0000,135353.0000,20
2026-08-10T15:01:48Z,c59e1fc,main,gjk_epa_3d_cyl_box,127348.0000,avg,127348.0000,119638.0000,192762.0000,100
2026-08-10T15:01:48Z,c59e1fc,main,mpr_penetration_boxes,24390.0000,avg,24390.0000,22140.0000,37644.0000,200
2026-08-10T15:01:48Z,c59e1fc,main,gjk_epa_boxes,24961.0000,avg,24961.0000,22489.0000,89536.0000,200
2026-08-10T15:01:48Z,c59e1fc,main,gjk_epa_spheres,605960.0000,avg,605960.0000,585619.0000,659511.0000,200
2026-08-10T15:01:48Z,c59e1fc,main,gjk_epa_sphere_box,142910.0000,avg,142910.0000,136680.0000,216089.0000,200
2026-08-10T15:01:48Z,c59e1fc,main,gjk_intersect_box_miss,778,avg,778,757,807,40000
2026-08-10T15:01:48Z,c59e1fc,main,gjk_intersect_sph_miss,1120.0000,avg,1120.0000,1086.0000,1175.0000,40000
2026-08-10T15:01:48Z,c59e1fc,main,gjk_intersect_box_hit,1857.0000,avg,1857.0000,1807.0000,1987.0000,10000
2026-08-10T15:01:48Z,c59e1fc,main,gjk_intersect_tangent,2100.0000,avg,2100.0000,2076.0000,2229.0000,10000
2026-08-10T15:01:48Z,c59e1fc,main,mpr_intersect_box_miss,1659.0000,avg,1659.0000,1638.0000,1690.0000,40000
2026-08-10T15:01:48Z,c59e1fc,main,mpr_intersect_box_hit,6017.0000,avg,6017.0000,5861.0000,6503.0000,10000
2026-08-10T15:01:48Z,c59e1fc,main,mpr_intersect_tangent,6148.0000,avg,6148.0000,6016.0000,6439.0000,10000
2026-08-10T15:01:48Z,c59e1fc,main,bvh_scatter_4k,6098000.0000,avg,6098000.0000,5956000.0000,6351000.0000,5
2026-08-10T15:01:48Z,c59e1fc,main,spatial_hash_query_2k,571469.0000,avg,571469.0000,440070.0000,994610.0000,5
2026-08-10T15:01:48Z,c59e1fc,main,num_dct_1024,291950.0000,avg,291950.0000,276431.0000,308419.0000,10
2026-08-10T15:01:48Z,c59e1fc,main,num_dst_1024,6735000.0000,avg,6735000.0000,6627000.0000,6939000.0000,10
2026-08-10T15:01:48Z,c59e1fc,main,num_dct_1023,1631000.0000,avg,1631000.0000,1602000.0000,1676000.0000,10
2026-08-10T15:01:48Z,c59e1fc,main,num_dst_1023,461588.0000,avg,461588.0000,443562.0000,477575.0000,10
2026-08-10T15:23:14Z,882023d,main,vec3_add,1457.0000,avg,1457.0000,488,132699.0000,1000000
2026-08-10T15:23:14Z,882023d,main,vec3_cross,1469.0000,avg,1469.0000,489,195765.0000,1000000
2026-08-10T15:23:14Z,882023d,main,vec3_normalize,1467.0000,avg,1467.0000,489,91073.0000,1000000
2026-08-10T15:23:14Z,882023d,main,vec3_dot_x64,2034.0000,avg,2034.0000,838,29124.0000,200000
2026-08-10T15:23:14Z,882023d,main,vec4_dot_x64,1743.0000,avg,1743.0000,488,27658.0000,200000
2026-08-10T15:23:14Z,882023d,main,m4_mul_x16,4414.0000,avg,4414.0000,1886.0000,151346.0000,200000
2026-08-10T15:23:14Z,882023d,main,m4_transform_x64,5916.0000,avg,5916.0000,4260.0000,116565.0000,200000
2026-08-10T15:23:14Z,882023d,main,quat_mul,1469.0000,avg,1469.0000,838,176070.0000,1000000
2026-08-10T15:23:14Z,882023d,main,quat_slerp,1727.0000,avg,1727.0000,419,117473.0000,500000
2026-08-10T15:23:14Z,882023d,main,quat_rotate_vec3,1466.0000,avg,1466.0000,488,75079.0000,1000000
2026-08-10T15:23:14Z,882023d,main,m4_mul,1529.0000,avg,1529.0000,488,87302.0000,500000
2026-08-10T15:23:14Z,882023d,main,m4_inverse,1765.0000,avg,1765.0000,489,83530.0000,200000
2026-08-10T15:23:14Z,882023d,main,m4_transform_point,1510.0000,avg,1510.0000,419,149460.0000,1000000
2026-08-10T15:23:14Z,882023d,main,t3d_compose,1745.0000,avg,1745.0000,489,181727.0000,500000
2026-08-10T15:23:14Z,882023d,main,ray_sphere,1465.0000,avg,1465.0000,489,77803.0000,1000000
2026-08-10T15:23:14Z,882023d,main,ray_aabb,1455.0000,avg,1455.0000,419,36666.0000,1000000
2026-08-10T15:23:14Z,882023d,main,ray_triangle,1733.0000,avg,1733.0000,489,93937.0000,1000000
2026-08-10T15:23:14Z,882023d,main,srgb_to_linear,1455.0000,avg,1455.0000,488,44349.0000,1000000
2026-08-10T15:23:14Z,882023d,main,tonemap_reinhard,1456.0000,avg,1456.0000,488,172717.0000,1000000
2026-08-10T15:23:14Z,882023d,main,calc_derivative,1456.0000,avg,1456.0000,489,24794.0000,500000
2026-08-10T15:23:14Z,882023d,main,calc_integral_simpson,6939.0000,avg,6939.0000,5238.0000,153162.0000,100000
2026-08-10T15:23:14Z,882023d,main,num_gcd,1445.0000,avg,1445.0000,488,40648.0000,1000000
2026-08-10T15:23:14Z,882023d,main,num_is_prime,21220.0000,avg,21220.0000,18508.0000,552863.0000,500000
2026-08-10T15:23:14Z,882023d,main,cx_mul,1459.0000,avg,1459.0000,838,206032.0000,1000000
2026-08-10T15:23:14Z,882023d,main,ease_in_out,1361.0000,avg,1361.0000,838,21092.0000,1000000
2026-08-10T15:23:14Z,882023d,main,perlin_2d,1456.0000,avg,1456.0000,907,24235.0000,200000
2026-08-10T15:23:14Z,882023d,main,convex_hull_2d_2k,1944000.0000,avg,1944000.0000,1898000.0000,2110000.0000,20
2026-08-10T15:23:14Z,882023d,main,halfedge_2k_tris,1050000.0000,avg,1050000.0000,995866.0000,1200000.0000,20
2026-08-10T15:23:14Z,882023d,main,bvh_degenerate_4k,3785000.0000,avg,3785000.0000,3715000.0000,3838000.0000,3
2026-08-10T15:23:14Z,882023d,main,bvh_query_ray_200x4k,1866000.0000,avg,1866000.0000,1781000.0000,2168000.0000,5
2026-08-10T15:23:14Z,882023d,main,kdtree_build_4k,2532000.0000,avg,2532000.0000,2476000.0000,2626000.0000,5
2026-08-10T15:23:14Z,882023d,main,kdtree_build_octave_512,565613.0000,avg,565613.0000,552934.0000,594070.0000,20
2026-08-10T15:23:14Z,882023d,main,einsum_matmul_2x2,2534.0000,avg,2534.0000,1396.0000,13339.0000,20000
2026-08-10T15:23:14Z,882023d,main,einsum_trace_2x2,1893.0000,avg,1893.0000,907,16971.0000,20000
2026-08-10T15:23:14Z,882023d,main,kdtree_radius_4k,1915.0000,avg,1915.0000,978,4260.0000,200
2026-08-10T15:23:14Z,882023d,main,delaunay_2d_400,1793000.0000,avg,1793000.0000,1718000.0000,1877000.0000,3
2026-08-10T15:23:14Z,882023d,main,delaunay_2d_circle_150,454247.0000,avg,454247.0000,444819.0000,467936.0000,3
2026-08-10T15:23:14Z,882023d,main,triangulate_600gon,1636000.0000,avg,1636000.0000,1598000.0000,1689000.0000,3
2026-08-10T15:23:14Z,882023d,main,triangulate_comb_600,5783000.0000,avg,5783000.0000,5733000.0000,5823000.0000,3
2026-08-10T15:23:14Z,882023d,main,triangulate_hex_6,2972.0000,avg,2972.0000,1816.0000,82622.0000,20000
2026-08-10T15:23:14Z,882023d,main,svd_golub_kahan_12,169396.0000,avg,169396.0000,162939.0000,179771.0000,20
2026-08-10T15:23:14Z,882023d,main,eigen_qr_12,128417.0000,avg,128417.0000,123968.0000,136400.0000,20
2026-08-10T15:23:14Z,882023d,main,gjk_epa_3d_cyl_box,127076.0000,avg,127076.0000,119918.0000,138285.0000,100
2026-08-10T15:23:14Z,882023d,main,mpr_penetration_boxes,24735.0000,avg,24735.0000,22280.0000,108185.0000,200
2026-08-10T15:23:14Z,882023d,main,gjk_epa_boxes,24170.0000,avg,24170.0000,21372.0000,35688.0000,200
2026-08-10T15:23:14Z,882023d,main,gjk_epa_spheres,585690.0000,avg,585690.0000,568578.0000,694572.0000,200
2026-08-10T15:23:14Z,882023d,main,gjk_epa_sphere_box,121350.0000,avg,121350.0000,116915.0000,167969.0000,200
2026-08-10T15:23:14Z,882023d,main,gjk_intersect_box_miss,774,avg,774,766,795,40000
2026-08-10T15:23:14Z,882023d,main,gjk_intersect_sph_miss,1130.0000,avg,1130.0000,1113.0000,1203.0000,40000
2026-08-10T15:23:14Z,882023d,main,gjk_intersect_box_hit,1877.0000,avg,1877.0000,1831.0000,2000.0000,10000
2026-08-10T15:23:14Z,882023d,main,gjk_intersect_tangent,2151.0000,avg,2151.0000,2068.0000,2263.0000,10000
2026-08-10T15:23:14Z,882023d,main,mpr_intersect_box_miss,1719.0000,avg,1719.0000,1653.0000,1787.0000,40000
2026-08-10T15:23:14Z,882023d,main,mpr_intersect_box_hit,6178.0000,avg,6178.0000,5931.0000,6540.0000,10000
2026-08-10T15:23:14Z,882023d,main,mpr_intersect_tangent,6194.0000,avg,6194.0000,6101.0000,6364.0000,10000
2026-08-10T15:23:14Z,882023d,main,bvh_scatter_4k,6105000.0000,avg,6105000.0000,5983000.0000,6253000.0000,5
2026-08-10T15:23:14Z,882023d,main,spatial_hash_query_2k,553631.0000,avg,553631.0000,437695.0000,981619.0000,5
2026-08-10T15:23:14Z,882023d,main,num_dct_1024,291922.0000,avg,291922.0000,276502.0000,311981.0000,10
2026-08-10T15:23:14Z,882023d,main,num_dst_1024,6684000.0000,avg,6684000.0000,6669000.0000,6730000.0000,10
2026-08-10T15:23:14Z,882023d,main,num_dct_1023,1650000.0000,avg,1650000.0000,1611000.0000,1695000.0000,10
2026-08-10T15:23:14Z,882023d,main,num_dst_1023,462586.0000,avg,462586.0000,443352.0000,476527.0000,10
2026-08-10T22:27:12Z,6cb1ba5,main,vec3_add,34,avg,34,31,94,400000
2026-08-10T22:27:12Z,6cb1ba5,main,vec3_cross,69,avg,69,63,172,400000
2026-08-10T22:27:12Z,6cb1ba5,main,vec3_normalize,47,avg,47,44,115,400000
2026-08-10T22:27:12Z,6cb1ba5,main,vec3_dot_x64,1986.0000,avg,1986.0000,838,64394.0000,200000
2026-08-10T22:27:12Z,6cb1ba5,main,vec4_dot_x64,289,avg,289,278,305,400000
2026-08-10T22:27:12Z,6cb1ba5,main,m4_mul_x16,4289.0000,avg,4289.0000,1816.0000,459136.0000,200000
2026-08-10T22:27:12Z,6cb1ba5,main,m4_transform_x64,5918.0000,avg,5918.0000,4190.0000,97289.0000,200000
2026-08-10T22:27:12Z,6cb1ba5,main,quat_mul,1468.0000,avg,1468.0000,489,125086.0000,1000000
2026-08-10T22:27:12Z,6cb1ba5,main,quat_slerp,271,avg,271,262,301,400000
2026-08-10T22:27:12Z,6cb1ba5,main,quat_rotate_vec3,76,avg,76,69,144,400000
2026-08-10T22:27:12Z,6cb1ba5,main,m4_mul,181,avg,181,171,245,400000
2026-08-10T22:27:12Z,6cb1ba5,main,m4_inverse,292,avg,292,283,340,400000
2026-08-10T22:27:12Z,6cb1ba5,main,m4_transform_point,164,avg,164,154,196,400000
2026-08-10T22:27:12Z,6cb1ba5,main,t3d_compose,268,avg,268,256,300,400000
2026-08-10T22:27:12Z,6cb1ba5,main,ray_sphere,77,avg,77,74,106,400000
2026-08-10T22:27:12Z,6cb1ba5,main,ray_aabb,83,avg,83,80,90,400000
2026-08-10T22:27:12Z,6cb1ba5,main,ray_triangle,284,avg,284,276,315,400000
2026-08-10T22:27:12Z,6cb1ba5,main,srgb_to_linear,86,avg,86,81,93,400000
2026-08-10T22:27:12Z,6cb1ba5,main,tonemap_reinhard,38,avg,38,36,67,400000
2026-08-10T22:27:12Z,6cb1ba5,main,calc_derivative,95,avg,95,92,103,400000
2026-08-10T22:27:12Z,6cb1ba5,main,calc_integral_simpson,6654.0000,avg,6654.0000,5168.0000,43791.0000,100000
2026-08-10T22:27:12Z,6cb1ba5,main,num_gcd,26,avg,26,25,31,400000
2026-08-10T22:27:12Z,6cb1ba5,main,num_is_prime,20963.0000,avg,20963.0000,17600.0000,240254.0000,500000
2026-08-10T22:27:12Z,6cb1ba5,main,cx_mul,1458.0000,avg,1458.0000,419,46724.0000,1000000
2026-08-10T22:27:12Z,6cb1ba5,main,ease_in_out,1379.0000,avg,1379.0000,489,71168.0000,1000000
2026-08-10T22:27:12Z,6cb1ba5,main,perlin_2d,1459.0000,avg,1459.0000,838,30800.0000,200000
2026-08-10T22:27:12Z,6cb1ba5,main,convex_hull_2d_2k,1926000.0000,avg,1926000.0000,1910000.0000,1999000.0000,20
2026-08-10T22:27:12Z,6cb1ba5,main,halfedge_2k_tris,1078000.0000,avg,1078000.0000,1028000.0000,1153000.0000,20
2026-08-10T22:27:12Z,6cb1ba5,main,bvh_degenerate_4k,3655000.0000,avg,3655000.0000,3607000.0000,3715000.0000,3
2026-08-10T22:27:12Z,6cb1ba5,main,bvh_query_ray_200x4k,1834000.0000,avg,1834000.0000,1735000.0000,2189000.0000,5
2026-08-10T22:27:12Z,6cb1ba5,main,kdtree_build_4k,2607000.0000,avg,2607000.0000,2493000.0000,2656000.0000,5
2026-08-10T22:27:12Z,6cb1ba5,main,kdtree_build_octave_512,571162.0000,avg,571162.0000,553701.0000,600076.0000,20
2026-08-10T22:27:12Z,6cb1ba5,main,einsum_matmul_2x2,2599.0000,avg,2599.0000,1396.0000,42952.0000,20000
2026-08-10T22:27:12Z,6cb1ba5,main,einsum_trace_2x2,1914.0000,avg,1914.0000,838,30800.0000,20000
2026-08-10T22:27:12Z,6cb1ba5,main,kdtree_radius_4k,1983.0000,avg,1983.0000,1396.0000,11873.0000,200
2026-08-10T22:27:12Z,6cb1ba5,main,delaunay_2d_400,1762000.0000,avg,1762000.0000,1712000.0000,1823000.0000,3
2026-08-10T22:27:12Z,6cb1ba5,main,delaunay_2d_circle_150,464491.0000,avg,464491.0000,454527.0000,482813.0000,3
2026-08-10T22:27:12Z,6cb1ba5,main,triangulate_600gon,1665000.0000,avg,1665000.0000,1639000.0000,1712000.0000,3
2026-08-10T22:27:12Z,6cb1ba5,main,triangulate_comb_600,5776000.0000,avg,5776000.0000,5749000.0000,5828000.0000,3
2026-08-10T22:27:12Z,6cb1ba5,main,triangulate_hex_6,3004.0000,avg,3004.0000,1467.0000,66768.0000,20000
2026-08-10T22:27:12Z,6cb1ba5,main,svd_golub_kahan_12,170849.0000,avg,170849.0000,163708.0000,185079.0000,20
2026-08-10T22:27:12Z,6cb1ba5,main,eigen_qr_12,129440.0000,avg,129440.0000,125086.0000,145968.0000,20
2026-08-10T22:27:12Z,6cb1ba5,main,gjk_epa_3d_cyl_box,127867.0000,avg,127867.0000,122222.0000,192064.0000,100
2026-08-10T22:27:12Z,6cb1ba5,main,mpr_penetration_boxes,24360.0000,avg,24360.0000,22279.0000,37295.0000,200
2026-08-10T22:27:12Z,6cb1ba5,main,gjk_epa_boxes,24588.0000,avg,24588.0000,21162.0000,79968.0000,200
2026-08-10T22:27:12Z,6cb1ba5,main,gjk_epa_spheres,593363.0000,avg,593363.0000,566413.0000,693105.0000,200
2026-08-10T22:27:12Z,6cb1ba5,main,gjk_epa_sphere_box,124400.0000,avg,124400.0000,115797.0000,201562.0000,200
2026-08-10T22:27:12Z,6cb1ba5,main,gjk_intersect_box_miss,774,avg,774,745,810,40000
2026-08-10T22:27:12Z,6cb1ba5,main,gjk_intersect_sph_miss,1108.0000,avg,1108.0000,1080.0000,1169.0000,40000
2026-08-10T22:27:12Z,6cb1ba5,main,gjk_intersect_box_hit,1891.0000,avg,1891.0000,1834.0000,1945.0000,10000
2026-08-10T22:27:12Z,6cb1ba5,main,gjk_intersect_tangent,2138.0000,avg,2138.0000,2065.0000,2224.0000,10000
2026-08-10T22:27:12Z,6cb1ba5,main,mpr_intersect_box_miss,1656.0000,avg,1656.0000,1620.0000,1730.0000,40000
2026-08-10T22:27:12Z,6cb1ba5,main,mpr_intersect_box_hit,6063.0000,avg,6063.0000,5919.0000,6377.0000,10000
2026-08-10T22:27:12Z,6cb1ba5,main,mpr_intersect_tangent,6287.0000,avg,6287.0000,6035.0000,6630.0000,10000
2026-08-10T22:27:12Z,6cb1ba5,main,bvh_scatter_4k,6173000.0000,avg,6173000.0000,6085000.0000,6375000.0000,5
2026-08-10T22:27:12Z,6cb1ba5,main,spatial_hash_query_2k,546382.0000,avg,546382.0000,426451.0000,940972.0000,5
2026-08-10T22:27:12Z,6cb1ba5,main,num_dct_1024,289401.0000,avg,289401.0000,275454.0000,309956.0000,10
2026-08-10T22:27:12Z,6cb1ba5,main,num_dst_1024,6918000.0000,avg,6918000.0000,6751000.0000,7163000.0000,10
2026-08-10T22:27:12Z,6cb1ba5,main,num_dct_1023,1677000.0000,avg,1677000.0000,1617000.0000,1732000.0000,10
2026-08-10T22:27:12Z,6cb1ba5,main,num_dst_1023,460750.0000,avg,460750.0000,447333.0000,482534.0000,10
2026-08-10T22:44:33Z,a5ef9b3,main,vec3_add,35,avg,35,32,103,400000
2026-08-10T22:44:33Z,a5ef9b3,main,vec3_cross,72,avg,72,69,129,400000
2026-08-10T22:44:33Z,a5ef9b3,main,vec3_normalize,51,avg,51,48,110,400000
2026-08-10T22:44:33Z,a5ef9b3,main,vec3_dot_x64,2051.0000,avg,2051.0000,489,32896.0000,200000
2026-08-10T22:44:33Z,a5ef9b3,main,vec4_dot_x64,301,avg,301,283,314,400000
2026-08-10T22:44:33Z,a5ef9b3,main,m4_mul_x16,4428.0000,avg,4428.0000,1816.0000,208476.0000,200000
2026-08-10T22:44:33Z,a5ef9b3,main,m4_transform_x64,6005.0000,avg,6005.0000,4330.0000,118730.0000,200000
2026-08-10T22:44:33Z,a5ef9b3,main,quat_mul,1469.0000,avg,1469.0000,488,204705.0000,1000000
2026-08-10T22:44:33Z,a5ef9b3,main,quat_slerp,273,avg,273,265,293,400000
2026-08-10T22:44:33Z,a5ef9b3,main,quat_rotate_vec3,73,avg,73,70,100,400000
2026-08-10T22:44:33Z,a5ef9b3,main,m4_mul,179,avg,179,171,211,400000
2026-08-10T22:44:33Z,a5ef9b3,main,m4_inverse,298,avg,298,284,336,400000
2026-08-10T22:44:33Z,a5ef9b3,main,m4_transform_point,162,avg,162,154,192,400000
2026-08-10T22:44:33Z,a5ef9b3,main,t3d_compose,277,avg,277,260,324,400000
2026-08-10T22:44:33Z,a5ef9b3,main,ray_sphere,99,avg,99,92,132,400000
2026-08-10T22:44:33Z,a5ef9b3,main,ray_aabb,86,avg,86,81,98,400000
2026-08-10T22:44:33Z,a5ef9b3,main,ray_triangle,300,avg,300,290,360,400000
2026-08-10T22:44:33Z,a5ef9b3,main,srgb_to_linear,88,avg,88,85,99,400000
2026-08-10T22:44:33Z,a5ef9b3,main,tonemap_reinhard,39,avg,39,36,61,400000
2026-08-10T22:44:33Z,a5ef9b3,main,calc_derivative,97,avg,97,94,105,400000
2026-08-10T22:44:33Z,a5ef9b3,main,calc_integral_simpson,6728.0000,avg,6728.0000,5238.0000,30241.0000,100000
2026-08-10T22:44:33Z,a5ef9b3,main,num_gcd,28,avg,28,27,32,400000
2026-08-10T22:44:33Z,a5ef9b3,main,num_is_prime,22104.0000,avg,22104.0000,18648.0000,77663.0000,500000
2026-08-10T22:44:33Z,a5ef9b3,main,cx_mul,1462.0000,avg,1462.0000,489,81295.0000,1000000
2026-08-10T22:44:33Z,a5ef9b3,main,ease_in_out,1413.0000,avg,1413.0000,488,36666.0000,1000000
2026-08-10T22:44:33Z,a5ef9b3,main,perlin_2d,1458.0000,avg,1458.0000,489,23955.0000,200000
2026-08-10T22:44:33Z,a5ef9b3,main,convex_hull_2d_2k,2043000.0000,avg,2043000.0000,2033000.0000,2055000.0000,20
2026-08-10T22:44:33Z,a5ef9b3,main,halfedge_2k_tris,1124000.0000,avg,1124000.0000,1099000.0000,1212000.0000,20
2026-08-10T22:44:33Z,a5ef9b3,main,bvh_degenerate_4k,3853000.0000,avg,3853000.0000,3824000.0000,3888000.0000,3
2026-08-10T22:44:33Z,a5ef9b3,main,bvh_query_ray_200x4k,1920000.0000,avg,1920000.0000,1842000.0000,2196000.0000,5
2026-08-10T22:44:33Z,a5ef9b3,main,kdtree_build_4k,2684000.0000,avg,2684000.0000,2668000.0000,2702000.0000,5
2026-08-10T22:44:33Z,a5ef9b3,main,kdtree_build_octave_512,604968.0000,avg,604968.0000,588902.0000,638559.0000,20
2026-08-10T22:44:33Z,a5ef9b3,main,einsum_matmul_2x2,2683.0000,avg,2683.0000,1396.0000,25771.0000,20000
2026-08-10T22:44:33Z,a5ef9b3,main,einsum_trace_2x2,1974.0000,avg,1974.0000,907,17181.0000,20000
2026-08-10T22:44:33Z,a5ef9b3,main,kdtree_radius_4k,1887.0000,avg,1887.0000,908,4819.0000,200
2026-08-10T22:44:33Z,a5ef9b3,main,delaunay_2d_400,1812000.0000,avg,1812000.0000,1807000.0000,1814000.0000,3
2026-08-10T22:44:33Z,a5ef9b3,main,delaunay_2d_circle_150,460230.0000,avg,460230.0000,452641.0000,467727.0000,3
2026-08-10T22:44:33Z,a5ef9b3,main,triangulate_600gon,1723000.0000,avg,1723000.0000,1716000.0000,1728000.0000,3
2026-08-10T22:44:33Z,a5ef9b3,main,triangulate_comb_600,6136000.0000,avg,6136000.0000,6123000.0000,6144000.0000,3
2026-08-10T22:44:33Z,a5ef9b3,main,triangulate_hex_6,3125.0000,avg,3125.0000,1466.0000,70680.0000,20000
2026-08-10T22:44:33Z,a5ef9b3,main,svd_golub_kahan_12,177375.0000,avg,177375.0000,174604.0000,184731.0000,20
2026-08-10T22:44:33Z,a5ef9b3,main,eigen_qr_12,134999.0000,avg,134999.0000,133187.0000,146387.0000,20
2026-08-10T22:44:33Z,a5ef9b3,main,gjk_epa_3d_cyl_box,134169.0000,avg,134169.0000,126133.0000,146527.0000,100
2026-08-10T22:44:33Z,a5ef9b3,main,mpr_penetration_boxes,25553.0000,avg,25553.0000,23607.0000,72077.0000,200
2026-08-10T22:44:33Z,a5ef9b3,main,gjk_epa_boxes,25580.0000,avg,25580.0000,22489.0000,98196.0000,200
2026-08-10T22:44:33Z,a5ef9b3,main,gjk_epa_spheres,616500.0000,avg,616500.0000,599308.0000,686261.0000,200
2026-08-10T22:44:33Z,a5ef9b3,main,gjk_epa_sphere_box,126886.0000,avg,126886.0000,119428.0000,176699.0000,200
2026-08-10T22:44:33Z,a5ef9b3,main,gjk_intersect_box_miss,801,avg,801,789,825,40000
2026-08-10T22:44:33Z,a5ef9b3,main,gjk_intersect_sph_miss,1159.0000,avg,1159.0000,1143.0000,1188.0000,40000
2026-08-10T22:44:33Z,a5ef9b3,main,gjk_intersect_box_hit,1961.0000,avg,1961.0000,1941.0000,2051.0000,10000
2026-08-10T22:44:33Z,a5ef9b3,main,gjk_intersect_tangent,2231.0000,avg,2231.0000,2215.0000,2322.0000,10000
2026-08-10T22:44:33Z,a5ef9b3,main,mpr_intersect_box_miss,1744.0000,avg,1744.0000,1731.0000,1767.0000,40000
2026-08-10T22:44:33Z,a5ef9b3,main,mpr_intersect_box_hit,6299.0000,avg,6299.0000,6225.0000,6417.0000,10000
2026-08-10T22:44:33Z,a5ef9b3,main,mpr_intersect_tangent,6460.0000,avg,6460.0000,6392.0000,6571.0000,10000
2026-08-10T22:44:33Z,a5ef9b3,main,bvh_scatter_4k,6457000.0000,avg,6457000.0000,6440000.0000,6471000.0000,5
2026-08-10T22:44:33Z,a5ef9b3,main,spatial_hash_query_2k,563842.0000,avg,563842.0000,456762.0000,947607.0000,5
2026-08-10T22:44:33Z,a5ef9b3,main,num_dct_1024,298892.0000,avg,298892.0000,291936.0000,310933.0000,10
2026-08-10T22:44:33Z,a5ef9b3,main,num_dst_1024,7100000.0000,avg,7100000.0000,7072000.0000,7130000.0000,10
2026-08-10T22:44:33Z,a5ef9b3,main,num_dct_1023,1727000.0000,avg,1727000.0000,1718000.0000,1740000.0000,10
2026-08-10T22:44:33Z,a5ef9b3,main,num_dst_1023,482589.0000,avg,482589.0000,471498.0000,489797.0000,10
2026-08-10T22:46:07Z,a5ef9b3,main,vec3_add,36,avg,36,32,121,400000
2026-08-10T22:46:07Z,a5ef9b3,main,vec3_cross,72,avg,72,68,132,400000
2026-08-10T22:46:07Z,a5ef9b3,main,vec3_normalize,51,avg,51,48,112,400000
2026-08-10T22:46:07Z,a5ef9b3,main,vec3_dot_x64,2070.0000,avg,2070.0000,838,54895.0000,200000
2026-08-10T22:46:07Z,a5ef9b3,main,vec4_dot_x64,307,avg,307,298,396,400000
2026-08-10T22:46:07Z,a5ef9b3,main,m4_mul_x16,4504.0000,avg,4504.0000,1886.0000,143454.0000,200000
2026-08-10T22:46:07Z,a5ef9b3,main,m4_transform_x64,6212.0000,avg,6212.0000,4260.0000,101759.0000,200000
2026-08-10T22:46:07Z,a5ef9b3,main,quat_mul,1470.0000,avg,1470.0000,488,31499.0000,1000000
2026-08-10T22:46:07Z,a5ef9b3,main,quat_slerp,289,avg,289,281,383,400000
2026-08-10T22:46:07Z,a5ef9b3,main,quat_rotate_vec3,77,avg,77,73,106,400000
2026-08-10T22:46:07Z,a5ef9b3,main,m4_mul,188,avg,188,181,263,400000
2026-08-10T22:46:07Z,a5ef9b3,main,m4_inverse,309,avg,309,300,343,400000
2026-08-10T22:46:07Z,a5ef9b3,main,m4_transform_point,171,avg,171,165,230,400000
2026-08-10T22:46:07Z,a5ef9b3,main,t3d_compose,288,avg,288,276,397,400000
2026-08-10T22:46:07Z,a5ef9b3,main,ray_capsule,526,avg,526,516,604,400000
2026-08-10T22:46:07Z,a5ef9b3,main,ray_sphere,101,avg,101,96,130,400000
2026-08-10T22:46:07Z,a5ef9b3,main,ray_aabb,89,avg,89,85,124,400000
2026-08-10T22:46:07Z,a5ef9b3,main,ray_triangle,303,avg,303,294,383,400000
2026-08-10T22:46:07Z,a5ef9b3,main,srgb_to_linear,91,avg,91,87,98,400000
2026-08-10T22:46:07Z,a5ef9b3,main,tonemap_reinhard,41,avg,41,39,73,400000
2026-08-10T22:46:07Z,a5ef9b3,main,calc_derivative,102,avg,102,99,107,400000
2026-08-10T22:46:07Z,a5ef9b3,main,calc_integral_simpson,6947.0000,avg,6947.0000,5238.0000,39181.0000,100000
2026-08-10T22:46:07Z,a5ef9b3,main,num_gcd,27,avg,27,27,32,400000
2026-08-10T22:46:07Z,a5ef9b3,main,num_is_prime,22080.0000,avg,22080.0000,18857.0000,74451.0000,500000
2026-08-10T22:46:07Z,a5ef9b3,main,cx_mul,1461.0000,avg,1461.0000,419,86534.0000,1000000
2026-08-10T22:46:07Z,a5ef9b3,main,ease_in_out,1420.0000,avg,1420.0000,489,31917.0000,1000000
2026-08-10T22:46:07Z,a5ef9b3,main,perlin_2d,1459.0000,avg,1459.0000,488,14248.0000,200000
2026-08-10T22:46:07Z,a5ef9b3,main,convex_hull_2d_2k,2049000.0000,avg,2049000.0000,2037000.0000,2061000.0000,20
2026-08-10T22:46:07Z,a5ef9b3,main,halfedge_2k_tris,1130000.0000,avg,1130000.0000,1100000.0000,1270000.0000,20
2026-08-10T22:46:07Z,a5ef9b3,main,bvh_degenerate_4k,3841000.0000,avg,3841000.0000,3835000.0000,3846000.0000,3
2026-08-10T22:46:07Z,a5ef9b3,main,bvh_query_ray_200x4k,1939000.0000,avg,1939000.0000,1848000.0000,2251000.0000,5
2026-08-10T22:46:07Z,a5ef9b3,main,kdtree_build_4k,2712000.0000,avg,2712000.0000,2691000.0000,2771000.0000,5
2026-08-10T22:46:07Z,a5ef9b3,main,kdtree_build_octave_512,598833.0000,avg,598833.0000,586318.0000,614323.0000,20
2026-08-10T22:46:07Z,a5ef9b3,main,einsum_matmul_2x2,2557.0000,avg,2557.0000,1396.0000,15086.0000,20000
2026-08-10T22:46:07Z,a5ef9b3,main,einsum_trace_2x2,1968.0000,avg,1968.0000,908,42603.0000,20000
2026-08-10T22:46:07Z,a5ef9b3,main,kdtree_radius_4k,1938.0000,avg,1938.0000,1396.0000,5239.0000,200
2026-08-10T22:46:07Z,a5ef9b3,main,delaunay_2d_400,1809000.0000,avg,1809000.0000,1807000.0000,1810000.0000,3
2026-08-10T22:46:07Z,a5ef9b3,main,delaunay_2d_circle_150,463629.0000,avg,463629.0000,456692.0000,476806.0000,3
2026-08-10T22:46:07Z,a5ef9b3,main,triangulate_600gon,1717000.0000,avg,1717000.0000,1711000.0000,1722000.0000,3
2026-08-10T22:46:07Z,a5ef9b3,main,triangulate_comb_600,6076000.0000,avg,6076000.0000,6060000.0000,6089000.0000,3
2026-08-10T22:46:07Z,a5ef9b3,main,triangulate_hex_6,3106.0000,avg,3106.0000,1397.0000,176628.0000,20000
2026-08-10T22:46:07Z,a5ef9b3,main,svd_golub_kahan_12,178262.0000,avg,178262.0000,170343.0000,195555.0000,20
2026-08-10T22:46:07Z,a5ef9b3,main,eigen_qr_12,134710.0000,avg,134710.0000,131511.0000,146248.0000,20
2026-08-10T22:46:07Z,a5ef9b3,main,gjk_epa_3d_cyl_box,135008.0000,avg,135008.0000,124946.0000,219022.0000,100
2026-08-10T22:46:07Z,a5ef9b3,main,mpr_penetration_boxes,25252.0000,avg,25252.0000,23327.0000,46025.0000,200
2026-08-10T22:46:07Z,a5ef9b3,main,gjk_epa_boxes,25456.0000,avg,25456.0000,22279.0000,106438.0000,200
2026-08-10T22:46:07Z,a5ef9b3,main,gjk_epa_spheres,616128.0000,avg,616128.0000,594769.0000,762038.0000,200
2026-08-10T22:46:07Z,a5ef9b3,main,gjk_epa_sphere_box,126317.0000,avg,126317.0000,117543.0000,179073.0000,200
2026-08-10T22:46:07Z,a5ef9b3,main,gjk_intersect_box_miss,796,avg,796,785,815,40000
2026-08-10T22:46:07Z,a5ef9b3,main,gjk_intersect_sph_miss,1163.0000,avg,1163.0000,1139.0000,1275.0000,40000
2026-08-10T22:46:07Z,a5ef9b3,main,gjk_intersect_box_hit,1901.0000,avg,1901.0000,1823.0000,2009.0000,10000
2026-08-10T22:46:07Z,a5ef9b3,main,gjk_intersect_tangent,2158.0000,avg,2158.0000,2093.0000,2252.0000,10000
2026-08-10T22:46:07Z,a5ef9b3,main,mpr_intersect_box_miss,1674.0000,avg,1674.0000,1634.0000,1750.0000,40000
2026-08-10T22:46:07Z,a5ef9b3,main,mpr_intersect_box_hit,6225.0000,avg,6225.0000,5940.0000,6763.0000,10000
2026-08-10T22:46:07Z,a5ef9b3,main,mpr_intersect_tangent,6341.0000,avg,6341.0000,6090.0000,6605.0000,10000
2026-08-10T22:46:07Z,a5ef9b3,main,bvh_scatter_4k,6554000.0000,avg,6554000.0000,6468000.0000,6606000.0000,5
2026-08-10T22:46:07Z,a5ef9b3,main,spatial_hash_query_2k,565588.0000,avg,565588.0000,459626.0000,948304.0000,5
2026-08-10T22:46:07Z,a5ef9b3,main,num_dct_1024,297572.0000,avg,297572.0000,290330.0000,309117.0000,10
2026-08-10T22:46:07Z,a5ef9b3,main,num_dst_1024,7160000.0000,avg,7160000.0000,7090000.0000,7396000.0000,10
2026-08-10T22:46:07Z,a5ef9b3,main,num_dct_1023,1735000.0000,avg,1735000.0000,1708000.0000,1841000.0000,10
2026-08-10T22:46:07Z,a5ef9b3,main,num_dst_1023,484118.0000,avg,484118.0000,475549.0000,495244.0000,10
2026-08-10T22:53:39Z,b0783ad,main,vec3_add,36,avg,36,32,98,400000
2026-08-10T22:53:39Z,b0783ad,main,vec3_cross,69,avg,69,65,123,400000
2026-08-10T22:53:39Z,b0783ad,main,vec3_normalize,48,avg,48,44,107,400000
2026-08-10T22:53:39Z,b0783ad,main,vec3_dot_x64,1990.0000,avg,1990.0000,489,19975.0000,200000
2026-08-10T22:53:39Z,b0783ad,main,vec4_dot_x64,309,avg,309,291,353,400000
2026-08-10T22:53:39Z,b0783ad,main,m4_mul_x16,4315.0000,avg,4315.0000,1816.0000,183823.0000,200000
2026-08-10T22:53:39Z,b0783ad,main,m4_transform_x64,6017.0000,avg,6017.0000,4260.0000,140101.0000,200000
2026-08-10T22:53:39Z,b0783ad,main,quat_mul,1468.0000,avg,1468.0000,489,195486.0000,1000000
2026-08-10T22:53:39Z,b0783ad,main,quat_slerp,270,avg,270,255,311,400000
2026-08-10T22:53:39Z,b0783ad,main,quat_rotate_vec3,72,avg,72,67,93,400000
2026-08-10T22:53:39Z,b0783ad,main,m4_mul,177,avg,177,167,230,400000
2026-08-10T22:53:39Z,b0783ad,main,m4_inverse,297,avg,297,278,334,400000
2026-08-10T22:53:39Z,b0783ad,main,m4_transform_point,165,avg,165,157,209,400000
2026-08-10T22:53:39Z,b0783ad,main,t3d_compose,272,avg,272,253,327,400000
2026-08-10T22:53:39Z,b0783ad,main,jet_sphere,336,avg,336,315,374,400000
2026-08-10T22:53:39Z,b0783ad,main,jet_plane,159,avg,159,148,186,400000
2026-08-10T22:53:39Z,b0783ad,main,ray_capsule,500,avg,500,472,565,400000
2026-08-10T22:53:39Z,b0783ad,main,ray_sphere,95,avg,95,89,119,400000
2026-08-10T22:53:39Z,b0783ad,main,ray_aabb,83,avg,83,77,94,400000
2026-08-10T22:53:39Z,b0783ad,main,ray_triangle,285,avg,285,272,329,400000
2026-08-10T22:53:39Z,b0783ad,main,srgb_to_linear,85,avg,85,80,93,400000
2026-08-10T22:53:39Z,b0783ad,main,tonemap_reinhard,38,avg,38,35,59,400000
2026-08-10T22:53:39Z,b0783ad,main,calc_derivative,94,avg,94,88,104,400000
2026-08-10T22:53:39Z,b0783ad,main,calc_integral_simpson,6625.0000,avg,6625.0000,4819.0000,52939.0000,100000
2026-08-10T22:53:39Z,b0783ad,main,num_gcd,26,avg,26,25,36,400000
2026-08-10T22:53:39Z,b0783ad,main,num_is_prime,20842.0000,avg,20842.0000,17320.0000,68096.0000,500000
2026-08-10T22:53:39Z,b0783ad,main,cx_mul,1450.0000,avg,1450.0000,489,44768.0000,1000000
2026-08-10T22:53:39Z,b0783ad,main,ease_in_out,1351.0000,avg,1351.0000,419,37155.0000,1000000
2026-08-10T22:53:39Z,b0783ad,main,perlin_2d,1457.0000,avg,1457.0000,489,25772.0000,200000
2026-08-10T22:53:39Z,b0783ad,main,convex_hull_2d_2k,1993000.0000,avg,1993000.0000,1896000.0000,2025000.0000,20
2026-08-10T22:53:39Z,b0783ad,main,halfedge_2k_tris,1069000.0000,avg,1069000.0000,1031000.0000,1261000.0000,20
2026-08-10T22:53:39Z,b0783ad,main,bvh_degenerate_4k,3606000.0000,avg,3606000.0000,3583000.0000,3648000.0000,3
2026-08-10T22:53:39Z,b0783ad,main,bvh_query_ray_200x4k,1832000.0000,avg,1832000.0000,1718000.0000,2153000.0000,5
2026-08-10T22:53:39Z,b0783ad,main,kdtree_build_4k,2609000.0000,avg,2609000.0000,2528000.0000,2671000.0000,5
2026-08-10T22:53:39Z,b0783ad,main,kdtree_build_octave_512,569674.0000,avg,569674.0000,554190.0000,605384.0000,20
2026-08-10T22:53:39Z,b0783ad,main,einsum_matmul_2x2,2568.0000,avg,2568.0000,1397.0000,13828.0000,20000
2026-08-10T22:53:39Z,b0783ad,main,einsum_trace_2x2,1927.0000,avg,1927.0000,488,25561.0000,20000
2026-08-10T22:53:39Z,b0783ad,main,kdtree_radius_4k,1996.0000,avg,1996.0000,977,10477.0000,200
2026-08-10T22:53:39Z,b0783ad,main,delaunay_2d_400,1745000.0000,avg,1745000.0000,1697000.0000,1820000.0000,3
2026-08-10T22:53:39Z,b0783ad,main,delaunay_2d_circle_150,467959.0000,avg,467959.0000,455435.0000,476667.0000,3
2026-08-10T22:53:39Z,b0783ad,main,triangulate_600gon,1666000.0000,avg,1666000.0000,1635000.0000,1703000.0000,3
2026-08-10T22:53:39Z,b0783ad,main,triangulate_comb_600,6010000.0000,avg,6010000.0000,5938000.0000,6048000.0000,3
2026-08-10T22:53:39Z,b0783ad,main,triangulate_hex_6,3059.0000,avg,3059.0000,1397.0000,93867.0000,20000
2026-08-10T22:53:39Z,b0783ad,main,svd_golub_kahan_12,170978.0000,avg,170978.0000,163149.0000,186686.0000,20
2026-08-10T22:53:39Z,b0783ad,main,eigen_qr_12,128640.0000,avg,128640.0000,123898.0000,141778.0000,20
2026-08-10T22:53:39Z,b0783ad,main,gjk_epa_3d_cyl_box,128984.0000,avg,128984.0000,120266.0000,179562.0000,100
2026-08-10T22:53:39Z,b0783ad,main,mpr_penetration_boxes,24188.0000,avg,24188.0000,22139.0000,41905.0000,200
2026-08-10T22:53:39Z,b0783ad,main,gjk_epa_boxes,25831.0000,avg,25831.0000,21511.0000,44349.0000,200
2026-08-10T22:53:39Z,b0783ad,main,gjk_epa_spheres,596625.0000,avg,596625.0000,565296.0000,680813.0000,200
2026-08-10T22:53:39Z,b0783ad,main,gjk_epa_sphere_box,122809.0000,avg,122809.0000,115727.0000,149391.0000,200
2026-08-10T22:53:39Z,b0783ad,main,gjk_intersect_box_miss,764,avg,764,745,814,40000
2026-08-10T22:53:39Z,b0783ad,main,gjk_intersect_sph_miss,1101.0000,avg,1101.0000,1082.0000,1149.0000,40000
2026-08-10T22:53:39Z,b0783ad,main,gjk_intersect_box_hit,1898.0000,avg,1898.0000,1825.0000,1961.0000,10000
2026-08-10T22:53:39Z,b0783ad,main,gjk_intersect_tangent,2100.0000,avg,2100.0000,2079.0000,2205.0000,10000
2026-08-10T22:53:39Z,b0783ad,main,mpr_intersect_box_miss,1642.0000,avg,1642.0000,1618.0000,1684.0000,40000
2026-08-10T22:53:39Z,b0783ad,main,mpr_intersect_box_hit,5943.0000,avg,5943.0000,5871.0000,6147.0000,10000
2026-08-10T22:53:39Z,b0783ad,main,mpr_intersect_tangent,6128.0000,avg,6128.0000,6028.0000,6459.0000,10000
2026-08-10T22:53:39Z,b0783ad,main,bvh_scatter_4k,6126000.0000,avg,6126000.0000,6053000.0000,6394000.0000,5
2026-08-10T22:53:39Z,b0783ad,main,spatial_hash_query_2k,541898.0000,avg,541898.0000,427080.0000,934477.0000,5
2026-08-10T22:53:39Z,b0783ad,main,num_dct_1024,287515.0000,avg,287515.0000,275384.0000,306254.0000,10
2026-08-10T22:53:39Z,b0783ad,main,num_dst_1024,6707000.0000,avg,6707000.0000,6659000.0000,6781000.0000,10
2026-08-10T22:53:39Z,b0783ad,main,num_dct_1023,1624000.0000,avg,1624000.0000,1605000.0000,1677000.0000,10
2026-08-10T22:53:39Z,b0783ad,main,num_dst_1023,460694.0000,avg,460694.0000,445098.0000,483372.0000,10
2026-08-10T22:59:12Z,e8e3ec8,main,vec3_add,33,avg,33,30,137,400000
2026-08-10T22:59:12Z,e8e3ec8,main,vec3_cross,67,avg,67,64,171,400000
2026-08-10T22:59:12Z,e8e3ec8,main,vec3_normalize,47,avg,47,44,155,400000
2026-08-10T22:59:12Z,e8e3ec8,main,vec3_dot_x64,1967.0000,avg,1967.0000,907,51892.0000,200000
2026-08-10T22:59:12Z,e8e3ec8,main,vec4_dot_x64,301,avg,301,286,444,400000
2026-08-10T22:59:12Z,e8e3ec8,main,m4_mul_x16,4206.0000,avg,4206.0000,1816.0000,210781.0000,200000
2026-08-10T22:59:12Z,e8e3ec8,main,m4_transform_x64,5801.0000,avg,5801.0000,4190.0000,206661.0000,200000
2026-08-10T22:59:12Z,e8e3ec8,main,quat_mul,1462.0000,avg,1462.0000,838,78851.0000,1000000
2026-08-10T22:59:12Z,e8e3ec8,main,quat_slerp,262,avg,262,255,363,400000
2026-08-10T22:59:12Z,e8e3ec8,main,quat_rotate_vec3,71,avg,71,66,102,400000
2026-08-10T22:59:12Z,e8e3ec8,main,m4_mul,174,avg,174,166,222,400000
2026-08-10T22:59:12Z,e8e3ec8,main,m4_inverse,286,avg,286,277,334,400000
2026-08-10T22:59:12Z,e8e3ec8,main,m4_transform_point,157,avg,157,151,191,400000
2026-08-10T22:59:12Z,e8e3ec8,main,t3d_compose,264,avg,264,253,302,400000
2026-08-10T22:59:12Z,e8e3ec8,main,jet_sphere,335,avg,335,320,374,400000
2026-08-10T22:59:12Z,e8e3ec8,main,jet_plane,227,avg,227,217,267,400000
2026-08-10T22:59:12Z,e8e3ec8,main,jet_triangle,934,avg,934,919,984,400000
2026-08-10T22:59:12Z,e8e3ec8,main,ray_capsule,483,avg,483,472,533,400000
2026-08-10T22:59:12Z,e8e3ec8,main,ray_sphere,93,avg,93,89,131,400000
2026-08-10T22:59:12Z,e8e3ec8,main,ray_aabb,82,avg,82,78,93,400000
2026-08-10T22:59:12Z,e8e3ec8,main,ray_triangle,280,avg,280,271,312,400000
2026-08-10T22:59:12Z,e8e3ec8,main,srgb_to_linear,84,avg,84,80,92,400000
2026-08-10T22:59:12Z,e8e3ec8,main,tonemap_reinhard,38,avg,38,35,67,400000
2026-08-10T22:59:12Z,e8e3ec8,main,calc_derivative,93,avg,93,89,105,400000
2026-08-10T22:59:12Z,e8e3ec8,main,calc_integral_simpson,6452.0000,avg,6452.0000,4750.0000,66908.0000,100000
2026-08-10T22:59:12Z,e8e3ec8,main,num_gcd,25,avg,25,24,30,400000
2026-08-10T22:59:12Z,e8e3ec8,main,num_is_prime,20350.0000,avg,20350.0000,15435.0000,484489.0000,500000
2026-08-10T22:59:12Z,e8e3ec8,main,cx_mul,1447.0000,avg,1447.0000,419,52032.0000,1000000
2026-08-10T22:59:12Z,e8e3ec8,main,ease_in_out,1333.0000,avg,1333.0000,489,31708.0000,1000000
2026-08-10T22:59:12Z,e8e3ec8,main,perlin_2d,1451.0000,avg,1451.0000,489,25561.0000,200000
2026-08-10T22:59:12Z,e8e3ec8,main,convex_hull_2d_2k,1892000.0000,avg,1892000.0000,1842000.0000,2000000.0000,20
2026-08-10T22:59:12Z,e8e3ec8,main,halfedge_2k_tris,1032000.0000,avg,1032000.0000,1012000.0000,1074000.0000,20
2026-08-10T22:59:12Z,e8e3ec8,main,bvh_degenerate_4k,3517000.0000,avg,3517000.0000,3509000.0000,3522000.0000,3
2026-08-10T22:59:12Z,e8e3ec8,main,bvh_query_ray_200x4k,1789000.0000,avg,1789000.0000,1700000.0000,2072000.0000,5
2026-08-10T22:59:12Z,e8e3ec8,main,kdtree_build_4k,2475000.0000,avg,2475000.0000,2464000.0000,2485000.0000,5
2026-08-10T22:59:12Z,e8e3ec8,main,kdtree_build_octave_512,566122.0000,avg,566122.0000,550699.0000,638279.0000,20
2026-08-10T22:59:12Z,e8e3ec8,main,einsum_matmul_2x2,2497.0000,avg,2497.0000,1396.0000,13758.0000,20000
2026-08-10T22:59:12Z,e8e3ec8,main,einsum_trace_2x2,1873.0000,avg,1873.0000,907,12990.0000,20000
2026-08-10T22:59:12Z,e8e3ec8,main,kdtree_radius_4k,1893.0000,avg,1893.0000,1396.0000,4889.0000,200
2026-08-10T22:59:12Z,e8e3ec8,main,delaunay_2d_400,1689000.0000,avg,1689000.0000,1634000.0000,1762000.0000,3
2026-08-10T22:59:12Z,e8e3ec8,main,delaunay_2d_circle_150,421748.0000,avg,421748.0000,414088.0000,430432.0000,3
2026-08-10T22:59:12Z,e8e3ec8,main,triangulate_600gon,1616000.0000,avg,1616000.0000,1588000.0000,1655000.0000,3
2026-08-10T22:59:12Z,e8e3ec8,main,triangulate_comb_600,5608000.0000,avg,5608000.0000,5602000.0000,5611000.0000,3
2026-08-10T22:59:12Z,e8e3ec8,main,triangulate_hex_6,2934.0000,avg,2934.0000,1396.0000,91073.0000,20000
2026-08-10T22:59:12Z,e8e3ec8,main,svd_golub_kahan_12,161193.0000,avg,161193.0000,157841.0000,170831.0000,20
2026-08-10T22:59:12Z,e8e3ec8,main,eigen_qr_12,122836.0000,avg,122836.0000,121384.0000,129066.0000,20
2026-08-10T22:59:12Z,e8e3ec8,main,gjk_epa_3d_cyl_box,122776.0000,avg,122776.0000,119289.0000,135283.0000,100
2026-08-10T22:59:12Z,e8e3ec8,main,mpr_penetration_boxes,23274.0000,avg,23274.0000,21790.0000,35130.0000,200
2026-08-10T22:59:12Z,e8e3ec8,main,gjk_epa_boxes,23629.0000,avg,23629.0000,20463.0000,86953.0000,200
2026-08-10T22:59:12Z,e8e3ec8,main,gjk_epa_spheres,569028.0000,avg,569028.0000,552584.0000,636604.0000,200
2026-08-10T22:59:12Z,e8e3ec8,main,gjk_epa_sphere_box,118950.0000,avg,118950.0000,110139.0000,232921.0000,200
2026-08-10T22:59:12Z,e8e3ec8,main,gjk_intersect_box_miss,741,avg,741,730,770,40000
2026-08-10T22:59:12Z,e8e3ec8,main,gjk_intersect_sph_miss,1063.0000,avg,1063.0000,1054.0000,1092.0000,40000
2026-08-10T22:59:12Z,e8e3ec8,main,gjk_intersect_box_hit,1822.0000,avg,1822.0000,1773.0000,2067.0000,10000
2026-08-10T22:59:12Z,e8e3ec8,main,gjk_intersect_tangent,2056.0000,avg,2056.0000,2032.0000,2165.0000,10000
2026-08-10T22:59:12Z,e8e3ec8,main,mpr_intersect_box_miss,1601.0000,avg,1601.0000,1586.0000,1631.0000,40000
2026-08-10T22:59:12Z,e8e3ec8,main,mpr_intersect_box_hit,5804.0000,avg,5804.0000,5741.0000,5923.0000,10000
2026-08-10T22:59:12Z,e8e3ec8,main,mpr_intersect_tangent,5976.0000,avg,5976.0000,5896.0000,6181.0000,10000
2026-08-10T22:59:12Z,e8e3ec8,main,bvh_scatter_4k,5972000.0000,avg,5972000.0000,5955000.0000,6018000.0000,5
2026-08-10T22:59:12Z,e8e3ec8,main,spatial_hash_query_2k,538462.0000,avg,538462.0000,419886.0000,911010.0000,5
2026-08-10T22:59:12Z,e8e3ec8,main,num_dct_1024,275796.0000,avg,275796.0000,270914.0000,288654.0000,10
2026-08-10T22:59:12Z,e8e3ec8,main,num_dst_1024,6561000.0000,avg,6561000.0000,6496000.0000,6711000.0000,10
2026-08-10T22:59:12Z,e8e3ec8,main,num_dct_1023,1575000.0000,avg,1575000.0000,1563000.0000,1583000.0000,10
2026-08-10T22:59:12Z,e8e3ec8,main,num_dst_1023,442214.0000,avg,442214.0000,435042.0000,452083.0000,10
2026-08-11T00:50:58Z,f9db51b,main,vec3_add,38,avg,38,33,140,400000
2026-08-11T00:50:58Z,f9db51b,main,vec3_cross,71,avg,71,65,173,400000
2026-08-11T00:50:58Z,f9db51b,main,vec3_normalize,49,avg,49,45,153,400000
2026-08-11T00:50:58Z,f9db51b,main,vec3_dot_x64,2023.0000,avg,2023.0000,489,24793.0000,200000
2026-08-11T00:50:58Z,f9db51b,main,vec4_dot_x64,311,avg,311,292,397,400000
2026-08-11T00:50:58Z,f9db51b,main,m4_mul_x16,4343.0000,avg,4343.0000,1816.0000,157841.0000,200000
2026-08-11T00:50:58Z,f9db51b,main,m4_transform_x64,6045.0000,avg,6045.0000,4190.0000,92540.0000,200000
2026-08-11T00:50:58Z,f9db51b,main,quat_mul,1465.0000,avg,1465.0000,488,66559.0000,1000000
2026-08-11T00:50:58Z,f9db51b,main,quat_slerp,274,avg,274,258,307,400000
2026-08-11T00:50:58Z,f9db51b,main,quat_rotate_vec3,73,avg,73,67,102,400000
2026-08-11T00:50:58Z,f9db51b,main,m4_mul,180,avg,180,169,211,400000
2026-08-11T00:50:58Z,f9db51b,main,m4_inverse,299,avg,299,280,329,400000
2026-08-11T00:50:58Z,f9db51b,main,m4_transform_point,165,avg,165,154,247,400000
2026-08-11T00:50:58Z,f9db51b,main,t3d_compose,272,avg,272,256,361,400000
2026-08-11T00:50:58Z,f9db51b,main,jet_sphere,355,avg,355,332,398,400000
2026-08-11T00:50:58Z,f9db51b,main,jet_plane,240,avg,240,224,274,400000
2026-08-11T00:50:58Z,f9db51b,main,jet_triangle,992,avg,992,937,1100.0000,400000
2026-08-11T00:50:58Z,f9db51b,main,jet_aabb,351,avg,351,330,389,400000
2026-08-11T00:50:58Z,f9db51b,main,jet_obb,864,avg,864,820,947,400000
2026-08-11T00:50:58Z,f9db51b,main,jet_capsule,1327.0000,avg,1327.0000,1266.0000,1446.0000,400000
2026-08-11T00:50:58Z,f9db51b,main,ray_obb,492,avg,492,465,571,400000
2026-08-11T00:50:58Z,f9db51b,main,ray_aabb_diag,115,avg,115,109,126,400000
2026-08-11T00:50:58Z,f9db51b,main,ray_capsule_diag,953,avg,953,910,1003.0000,400000
2026-08-11T00:50:58Z,f9db51b,main,ray_capsule,507,avg,507,480,548,400000
2026-08-11T00:50:58Z,f9db51b,main,ray_sphere,97,avg,97,91,120,400000
2026-08-11T00:50:58Z,f9db51b,main,ray_aabb,91,avg,91,87,97,400000
2026-08-11T00:50:58Z,f9db51b,main,ray_triangle,293,avg,293,274,332,400000
2026-08-11T00:50:58Z,f9db51b,main,srgb_to_linear,87,avg,87,83,93,400000
2026-08-11T00:50:58Z,f9db51b,main,tonemap_reinhard,39,avg,39,36,65,400000
2026-08-11T00:50:58Z,f9db51b,main,calc_derivative,97,avg,97,92,105,400000
2026-08-11T00:50:58Z,f9db51b,main,calc_integral_simpson,6717.0000,avg,6717.0000,5099.0000,56222.0000,100000
2026-08-11T00:50:58Z,f9db51b,main,num_gcd,26,avg,26,25,37,400000
2026-08-11T00:50:58Z,f9db51b,main,num_is_prime,21398.0000,avg,21398.0000,17670.0000,94426.0000,500000
2026-08-11T00:50:58Z,f9db51b,main,cx_mul,1454.0000,avg,1454.0000,488,71936.0000,1000000
2026-08-11T00:50:58Z,f9db51b,main,ease_in_out,1378.0000,avg,1378.0000,419,34292.0000,1000000
2026-08-11T00:50:58Z,f9db51b,main,perlin_2d,1455.0000,avg,1455.0000,489,35270.0000,200000
2026-08-11T00:50:58Z,f9db51b,main,convex_hull_2d_2k,2002000.0000,avg,2002000.0000,1894000.0000,2040000.0000,20
2026-08-11T00:50:58Z,f9db51b,main,halfedge_2k_tris,1104000.0000,avg,1104000.0000,1079000.0000,1189000.0000,20
2026-08-11T00:50:58Z,f9db51b,main,bvh_degenerate_4k,3688000.0000,avg,3688000.0000,3626000.0000,3784000.0000,3
2026-08-11T00:50:58Z,f9db51b,main,bvh_query_ray_200x4k,1921000.0000,avg,1921000.0000,1821000.0000,2269000.0000,5
2026-08-11T00:50:58Z,f9db51b,main,kdtree_build_4k,2586000.0000,avg,2586000.0000,2520000.0000,2659000.0000,5
2026-08-11T00:50:58Z,f9db51b,main,kdtree_build_octave_512,592910.0000,avg,592910.0000,577518.0000,608527.0000,20
2026-08-11T00:50:58Z,f9db51b,main,einsum_matmul_2x2,2567.0000,avg,2567.0000,1396.0000,13968.0000,20000
2026-08-11T00:50:58Z,f9db51b,main,einsum_trace_2x2,1910.0000,avg,1910.0000,838,12292.0000,20000
2026-08-11T00:50:58Z,f9db51b,main,kdtree_radius_4k,1975.0000,avg,1975.0000,1397.0000,5797.0000,200
2026-08-11T00:50:58Z,f9db51b,main,delaunay_2d_400,1815000.0000,avg,1815000.0000,1804000.0000,1822000.0000,3
2026-08-11T00:50:58Z,f9db51b,main,delaunay_2d_circle_150,463048.0000,avg,463048.0000,453270.0000,479740.0000,3
2026-08-11T00:50:58Z,f9db51b,main,triangulate_600gon,1704000.0000,avg,1704000.0000,1692000.0000,1715000.0000,3
2026-08-11T00:50:58Z,f9db51b,main,triangulate_comb_600,6051000.0000,avg,6051000.0000,6008000.0000,6100000.0000,3
2026-08-11T00:50:58Z,f9db51b,main,triangulate_hex_6,3033.0000,avg,3033.0000,1397.0000,31429.0000,20000
2026-08-11T00:50:58Z,f9db51b,main,svd_golub_kahan_12,173098.0000,avg,173098.0000,165244.0000,185149.0000,20
2026-08-11T00:50:58Z,f9db51b,main,eigen_qr_12,131766.0000,avg,131766.0000,127251.0000,142407.0000,20
2026-08-11T00:50:58Z,f9db51b,main,gjk_epa_3d_cyl_box,131401.0000,avg,131401.0000,122362.0000,208127.0000,100
2026-08-11T00:50:58Z,f9db51b,main,mpr_penetration_boxes,24870.0000,avg,24870.0000,22209.0000,38622.0000,200
2026-08-11T00:50:58Z,f9db51b,main,gjk_epa_boxes,24643.0000,avg,24643.0000,21022.0000,84718.0000,200
2026-08-11T00:50:58Z,f9db51b,main,gjk_epa_spheres,598035.0000,avg,598035.0000,561175.0000,675295.0000,200
2026-08-11T00:50:58Z,f9db51b,main,gjk_epa_sphere_box,123614.0000,avg,123614.0000,114819.0000,178444.0000,200
2026-08-11T00:50:58Z,f9db51b,main,gjk_intersect_box_miss,781,avg,781,739,805,40000
2026-08-11T00:50:58Z,f9db51b,main,gjk_intersect_sph_miss,1126.0000,avg,1126.0000,1074.0000,1186.0000,40000
2026-08-11T00:50:58Z,f9db51b,main,gjk_intersect_box_hit,1898.0000,avg,1898.0000,1814.0000,1983.0000,10000
2026-08-11T00:50:58Z,f9db51b,main,gjk_intersect_tangent,2182.0000,avg,2182.0000,2080.0000,2238.0000,10000
2026-08-11T00:50:58Z,f9db51b,main,mpr_intersect_box_miss,1701.0000,avg,1701.0000,1650.0000,1760.0000,40000
2026-08-11T00:50:58Z,f9db51b,main,mpr_intersect_box_hit,6200.0000,avg,6200.0000,5981.0000,6373.0000,10000
2026-08-11T00:50:58Z,f9db51b,main,mpr_intersect_tangent,6236.0000,avg,6236.0000,5999.0000,6531.0000,10000
2026-08-11T00:50:58Z,f9db51b,main,bvh_scatter_4k,6310000.0000,avg,6310000.0000,6156000.0000,6420000.0000,5
2026-08-11T00:50:58Z,f9db51b,main,spatial_hash_query_2k,572098.0000,avg,572098.0000,448172.0000,956825.0000,5
2026-08-11T00:50:58Z,f9db51b,main,num_dct_1024,296650.0000,avg,296650.0000,289352.0000,306603.0000,10
2026-08-11T00:50:58Z,f9db51b,main,num_dst_1024,6923000.0000,avg,6923000.0000,6685000.0000,7073000.0000,10
2026-08-11T00:50:58Z,f9db51b,main,num_dct_1023,1658000.0000,avg,1658000.0000,1604000.0000,1712000.0000,10
2026-08-11T00:50:58Z,f9db51b,main,num_dst_1023,470974.0000,avg,470974.0000,462908.0000,487073.0000,10
2026-08-11T04:19:25Z,39dd514,main,vec3_add,35,avg,35,31,67,400000
2026-08-11T04:19:25Z,39dd514,main,vec3_cross,66,avg,66,64,105,400000
2026-08-11T04:19:25Z,39dd514,main,vec3_normalize,46,avg,46,44,88,400000
2026-08-11T04:19:25Z,39dd514,main,vec3_dot_x64,1961.0000,avg,1961.0000,907,50495.0000,200000
2026-08-11T04:19:25Z,39dd514,main,vec4_dot_x64,282,avg,282,272,345,400000
2026-08-11T04:19:25Z,39dd514,main,m4_mul_x16,4360.0000,avg,4360.0000,1885.0000,96311.0000,200000
2026-08-11T04:19:25Z,39dd514,main,m4_transform_x64,5983.0000,avg,5983.0000,4190.0000,89188.0000,200000
2026-08-11T04:19:25Z,39dd514,main,quat_mul,1467.0000,avg,1467.0000,489,74311.0000,1000000
2026-08-11T04:19:25Z,39dd514,main,quat_slerp,264,avg,264,253,345,400000
2026-08-11T04:19:25Z,39dd514,main,quat_rotate_vec3,70,avg,70,66,94,400000
2026-08-11T04:19:25Z,39dd514,main,m4_mul,173,avg,173,166,213,400000
2026-08-11T04:19:25Z,39dd514,main,m4_inverse,287,avg,287,277,326,400000
2026-08-11T04:19:25Z,39dd514,main,m4_transform_point,158,avg,158,150,190,400000
2026-08-11T04:19:25Z,39dd514,main,t3d_compose,265,avg,265,255,300,400000
2026-08-11T04:19:25Z,39dd514,main,jet_sphere,341,avg,341,330,400,400000
2026-08-11T04:19:25Z,39dd514,main,jet_plane,228,avg,228,221,257,400000
2026-08-11T04:19:25Z,39dd514,main,jet_triangle,947,avg,947,918,1089.0000,400000
2026-08-11T04:19:25Z,39dd514,main,jet_aabb,354,avg,354,327,476,400000
2026-08-11T04:19:25Z,39dd514,main,jet_obb,1004.0000,avg,1004.0000,975,1470.0000,400000
2026-08-11T04:19:25Z,39dd514,main,jet_capsule,1209.0000,avg,1209.0000,1177.0000,1563.0000,400000
2026-08-11T04:19:25Z,39dd514,main,ray_obb,477,avg,477,465,536,400000
2026-08-11T04:19:25Z,39dd514,main,ray_aabb_diag,113,avg,113,110,125,400000
2026-08-11T04:19:25Z,39dd514,main,ray_capsule_diag,842,avg,842,826,929,400000
2026-08-11T04:19:25Z,39dd514,main,ray_capsule,612,avg,612,598,666,400000
2026-08-11T04:19:25Z,39dd514,main,ray_sphere,97,avg,97,93,129,400000
2026-08-11T04:19:25Z,39dd514,main,ray_aabb,90,avg,90,86,104,400000
2026-08-11T04:19:25Z,39dd514,main,ray_triangle,284,avg,284,269,327,400000
2026-08-11T04:19:25Z,39dd514,main,srgb_to_linear,84,avg,84,80,95,400000
2026-08-11T04:19:25Z,39dd514,main,tonemap_reinhard,38,avg,38,35,63,400000
2026-08-11T04:19:25Z,39dd514,main,calc_derivative,93,avg,93,88,105,400000
2026-08-11T04:19:25Z,39dd514,main,calc_integral_simpson,6444.0000,avg,6444.0000,4680.0000,51054.0000,100000
2026-08-11T04:19:25Z,39dd514,main,num_gcd,26,avg,26,24,37,400000
2026-08-11T04:19:25Z,39dd514,main,num_is_prime,20873.0000,avg,20873.0000,16692.0000,743949.0000,500000
2026-08-11T04:19:25Z,39dd514,main,cx_mul,1458.0000,avg,1458.0000,488,97359.0000,1000000
2026-08-11T04:19:25Z,39dd514,main,ease_in_out,1377.0000,avg,1377.0000,488,39670.0000,1000000
2026-08-11T04:19:25Z,39dd514,main,perlin_2d,1391.0000,avg,1391.0000,489,30520.0000,200000
2026-08-11T04:19:25Z,39dd514,main,convex_hull_2d_2k,1901000.0000,avg,1901000.0000,1863000.0000,1955000.0000,20
2026-08-11T04:19:25Z,39dd514,main,halfedge_2k_tris,1047000.0000,avg,1047000.0000,1008000.0000,1099000.0000,20
2026-08-11T04:19:25Z,39dd514,main,bvh_degenerate_4k,3641000.0000,avg,3641000.0000,3535000.0000,3721000.0000,3
2026-08-11T04:19:25Z,39dd514,main,bvh_query_ray_200x4k,1823000.0000,avg,1823000.0000,1705000.0000,2150000.0000,5
2026-08-11T04:19:25Z,39dd514,main,kdtree_build_4k,2495000.0000,avg,2495000.0000,2469000.0000,2553000.0000,5
2026-08-11T04:19:25Z,39dd514,main,kdtree_build_octave_512,585884.0000,avg,585884.0000,554261.0000,609644.0000,20
2026-08-11T04:19:25Z,39dd514,main,einsum_matmul_2x2,2483.0000,avg,2483.0000,1396.0000,36457.0000,20000
2026-08-11T04:19:25Z,39dd514,main,einsum_trace_2x2,1760.0000,avg,1760.0000,419,21511.0000,20000
2026-08-11T04:19:25Z,39dd514,main,kdtree_radius_4k,1865.0000,avg,1865.0000,908,8940.0000,200
2026-08-11T04:19:25Z,39dd514,main,delaunay_2d_400,1740000.0000,avg,1740000.0000,1730000.0000,1745000.0000,3
2026-08-11T04:19:25Z,39dd514,main,delaunay_2d_circle_150,451617.0000,avg,451617.0000,441188.0000,462000.0000,3
2026-08-11T04:19:25Z,39dd514,main,triangulate_600gon,1675000.0000,avg,1675000.0000,1669000.0000,1680000.0000,3
2026-08-11T04:19:25Z,39dd514,main,triangulate_comb_600,5927000.0000,avg,5927000.0000,5921000.0000,5938000.0000,3
2026-08-11T04:19:25Z,39dd514,main,triangulate_hex_6,2921.0000,avg,2921.0000,1396.0000,55314.0000,20000
2026-08-11T04:19:25Z,39dd514,main,svd_golub_kahan_12,173311.0000,avg,173311.0000,166641.0000,181308.0000,20
2026-08-11T04:19:25Z,39dd514,main,eigen_qr_12,130198.0000,avg,130198.0000,125854.0000,138914.0000,20
2026-08-11T04:19:25Z,39dd514,main,gjk_epa_3d_cyl_box,129153.0000,avg,129153.0000,120616.0000,158400.0000,100
2026-08-11T04:19:25Z,39dd514,main,mpr_penetration_boxes,25009.0000,avg,25009.0000,22838.0000,75848.0000,200
2026-08-11T04:19:25Z,39dd514,main,gjk_epa_boxes,24522.0000,avg,24522.0000,21790.0000,38273.0000,200
2026-08-11T04:19:25Z,39dd514,main,gjk_epa_spheres,588382.0000,avg,588382.0000,560058.0000,665308.0000,200
2026-08-11T04:19:25Z,39dd514,main,gjk_epa_sphere_box,122132.0000,avg,122132.0000,114609.0000,170762.0000,200
2026-08-11T04:19:25Z,39dd514,main,gjk_intersect_box_miss,751,avg,751,738,778,40000
2026-08-11T04:19:25Z,39dd514,main,gjk_intersect_sph_miss,1091.0000,avg,1091.0000,1068.0000,1169.0000,40000
2026-08-11T04:19:25Z,39dd514,main,gjk_intersect_box_hit,1903.0000,avg,1903.0000,1789.0000,2165.0000,10000
2026-08-11T04:19:25Z,39dd514,main,gjk_intersect_tangent,2170.0000,avg,2170.0000,2060.0000,2392.0000,10000
2026-08-11T04:19:25Z,39dd514,main,mpr_intersect_box_miss,1668.0000,avg,1668.0000,1589.0000,1780.0000,40000
2026-08-11T04:19:25Z,39dd514,main,mpr_intersect_box_hit,5925.0000,avg,5925.0000,5790.0000,6202.0000,10000
2026-08-11T04:19:25Z,39dd514,main,mpr_intersect_tangent,6117.0000,avg,6117.0000,5891.0000,6302.0000,10000
2026-08-11T04:19:25Z,39dd514,main,bvh_scatter_4k,6148000.0000,avg,6148000.0000,6012000.0000,6399000.0000,5
2026-08-11T04:19:25Z,39dd514,main,spatial_hash_query_2k,614938.0000,avg,614938.0000,464724.0000,949213.0000,5
2026-08-11T04:19:25Z,39dd514,main,num_dct_1024,286314.0000,avg,286314.0000,269797.0000,305765.0000,10
2026-08-11T04:19:25Z,39dd514,main,num_dst_1024,6903000.0000,avg,6903000.0000,6707000.0000,7057000.0000,10
2026-08-11T04:19:25Z,39dd514,main,num_dct_1023,1646000.0000,avg,1646000.0000,1605000.0000,1702000.0000,10
2026-08-11T04:19:25Z,39dd514,main,num_dst_1023,456992.0000,avg,456992.0000,436718.0000,477574.0000,10
2026-08-11T07:20:22Z,d380cfb,main,vec3_add,35,avg,35,32,77,400000
2026-08-11T07:20:22Z,d380cfb,main,vec3_cross,68,avg,68,63,98,400000
2026-08-11T07:20:22Z,d380cfb,main,vec3_normalize,48,avg,48,44,90,400000
2026-08-11T07:20:22Z,d380cfb,main,vec3_dot_x64,2000.0000,avg,2000.0000,907,16692.0000,200000
2026-08-11T07:20:22Z,d380cfb,main,vec4_dot_x64,293,avg,293,280,364,400000
2026-08-11T07:20:22Z,d380cfb,main,m4_mul_x16,4298.0000,avg,4298.0000,1886.0000,138914.0000,200000
2026-08-11T07:20:22Z,d380cfb,main,m4_transform_x64,5693.0000,avg,5693.0000,4120.0000,118661.0000,200000
2026-08-11T07:20:22Z,d380cfb,main,quat_mul,1418.0000,avg,1418.0000,419,314285.0000,1000000
2026-08-11T07:20:22Z,d380cfb,main,quat_slerp,279,avg,279,272,316,400000
2026-08-11T07:20:22Z,d380cfb,main,quat_rotate_vec3,74,avg,74,70,107,400000
2026-08-11T07:20:22Z,d380cfb,main,m4_mul,181,avg,181,172,245,400000
2026-08-11T07:20:22Z,d380cfb,main,m4_inverse,297,avg,297,285,377,400000
2026-08-11T07:20:22Z,d380cfb,main,m4_transform_point,169,avg,169,155,228,400000
2026-08-11T07:20:22Z,d380cfb,main,t3d_compose,269,avg,269,258,341,400000
2026-08-11T07:20:22Z,d380cfb,main,jet_sphere,351,avg,351,333,412,400000
2026-08-11T07:20:22Z,d380cfb,main,jet_plane,231,avg,231,222,279,400000
2026-08-11T07:20:22Z,d380cfb,main,jet_triangle,946,avg,946,928,991,400000
2026-08-11T07:20:22Z,d380cfb,main,jet_aabb,341,avg,341,332,387,400000
2026-08-11T07:20:22Z,d380cfb,main,jet_obb,992,avg,992,967,1073.0000,400000
2026-08-11T07:20:22Z,d380cfb,main,jet_capsule,1206.0000,avg,1206.0000,1188.0000,1322.0000,400000
2026-08-11T07:20:22Z,d380cfb,main,grad_fwd_16,63719.0000,avg,63719.0000,63049.0000,67266.0000,40000
2026-08-11T07:20:22Z,d380cfb,main,grad_rev_16,5702.0000,avg,5702.0000,5663.0000,6029.0000,40000
2026-08-11T07:20:22Z,d380cfb,main,ray_obb,480,avg,480,469,545,400000
2026-08-11T07:20:22Z,d380cfb,main,ray_aabb_diag,114,avg,114,111,121,400000
2026-08-11T07:20:22Z,d380cfb,main,ray_capsule_diag,847,avg,847,833,890,400000
2026-08-11T07:20:22Z,d380cfb,main,ray_capsule,620,avg,620,603,675,400000
2026-08-11T07:20:22Z,d380cfb,main,ray_sphere,98,avg,98,93,132,400000
2026-08-11T07:20:22Z,d380cfb,main,ray_aabb,91,avg,91,87,99,400000
2026-08-11T07:20:22Z,d380cfb,main,ray_triangle,282,avg,282,273,320,400000
2026-08-11T07:20:22Z,d380cfb,main,srgb_to_linear,84,avg,84,80,97,400000
2026-08-11T07:20:22Z,d380cfb,main,tonemap_reinhard,38,avg,38,35,75,400000
2026-08-11T07:20:22Z,d380cfb,main,calc_derivative,93,avg,93,90,99,400000
2026-08-11T07:20:22Z,d380cfb,main,calc_integral_simpson,6455.0000,avg,6455.0000,4819.0000,35968.0000,100000
2026-08-11T07:20:22Z,d380cfb,main,num_gcd,25,avg,25,25,30,400000
2026-08-11T07:20:22Z,d380cfb,main,num_is_prime,20498.0000,avg,20498.0000,17460.0000,189410.0000,500000
2026-08-11T07:20:22Z,d380cfb,main,cx_mul,1449.0000,avg,1449.0000,489,167968.0000,1000000
2026-08-11T07:20:22Z,d380cfb,main,ease_in_out,1334.0000,avg,1334.0000,489,49657.0000,1000000
2026-08-11T07:20:22Z,d380cfb,main,perlin_2d,1455.0000,avg,1455.0000,907,25701.0000,200000
2026-08-11T07:20:22Z,d380cfb,main,convex_hull_2d_2k,1877000.0000,avg,1877000.0000,1847000.0000,1894000.0000,20
2026-08-11T07:20:22Z,d380cfb,main,halfedge_2k_tris,1034000.0000,avg,1034000.0000,1007000.0000,1165000.0000,20
2026-08-11T07:20:22Z,d380cfb,main,bvh_degenerate_4k,3531000.0000,avg,3531000.0000,3523000.0000,3542000.0000,3
2026-08-11T07:20:22Z,d380cfb,main,bvh_query_ray_200x4k,1787000.0000,avg,1787000.0000,1701000.0000,2093000.0000,5
2026-08-11T07:20:22Z,d380cfb,main,kdtree_build_4k,2499000.0000,avg,2499000.0000,2458000.0000,2603000.0000,5
2026-08-11T07:20:22Z,d380cfb,main,kdtree_build_octave_512,558028.0000,avg,558028.0000,548603.0000,568648.0000,20
2026-08-11T07:20:22Z,d380cfb,main,einsum_matmul_2x2,2508.0000,avg,2508.0000,1396.0000,22838.0000,20000
2026-08-11T07:20:22Z,d380cfb,main,einsum_trace_2x2,1882.0000,avg,1882.0000,908,15016.0000,20000
2026-08-11T07:20:22Z,d380cfb,main,kdtree_radius_4k,1999.0000,avg,1999.0000,908,15365.0000,200
2026-08-11T07:20:22Z,d380cfb,main,delaunay_2d_400,1651000.0000,avg,1651000.0000,1638000.0000,1658000.0000,3
2026-08-11T07:20:22Z,d380cfb,main,delaunay_2d_circle_150,426125.0000,avg,426125.0000,422400.0000,431270.0000,3
2026-08-11T07:20:22Z,d380cfb,main,triangulate_600gon,1585000.0000,avg,1585000.0000,1575000.0000,1596000.0000,3
2026-08-11T07:20:22Z,d380cfb,main,triangulate_comb_600,5635000.0000,avg,5635000.0000,5615000.0000,5648000.0000,3
2026-08-11T07:20:22Z,d380cfb,main,triangulate_hex_6,2928.0000,avg,2928.0000,1397.0000,22768.0000,20000
2026-08-11T07:20:22Z,d380cfb,main,svd_golub_kahan_12,165663.0000,avg,165663.0000,158400.0000,178584.0000,20
2026-08-11T07:20:22Z,d380cfb,main,eigen_qr_12,122889.0000,avg,122889.0000,121523.0000,127112.0000,20
2026-08-11T07:20:22Z,d380cfb,main,gjk_epa_3d_cyl_box,123625.0000,avg,123625.0000,119638.0000,140451.0000,100
2026-08-11T07:20:22Z,d380cfb,main,mpr_penetration_boxes,23724.0000,avg,23724.0000,22279.0000,34362.0000,200
2026-08-11T07:20:22Z,d380cfb,main,gjk_epa_boxes,23494.0000,avg,23494.0000,20882.0000,37156.0000,200
2026-08-11T07:20:22Z,d380cfb,main,gjk_epa_spheres,576796.0000,avg,576796.0000,557403.0000,624730.0000,200
2026-08-11T07:20:22Z,d380cfb,main,gjk_epa_sphere_box,118869.0000,avg,118869.0000,111397.0000,141010.0000,200
2026-08-11T07:20:22Z,d380cfb,main,gjk_intersect_box_miss,748,avg,748,738,755,40000
2026-08-11T07:20:22Z,d380cfb,main,gjk_intersect_sph_miss,1090.0000,avg,1090.0000,1082.0000,1130.0000,40000
2026-08-11T07:20:22Z,d380cfb,main,gjk_intersect_box_hit,1851.0000,avg,1851.0000,1801.0000,1964.0000,10000
2026-08-11T07:20:22Z,d380cfb,main,gjk_intersect_tangent,2076.0000,avg,2076.0000,2067.0000,2084.0000,10000
2026-08-11T07:20:22Z,d380cfb,main,mpr_intersect_box_miss,1617.0000,avg,1617.0000,1610.0000,1630.0000,40000
2026-08-11T07:20:22Z,d380cfb,main,mpr_intersect_box_hit,6102.0000,avg,6102.0000,5815.0000,6444.0000,10000
2026-08-11T07:20:22Z,d380cfb,main,mpr_intersect_tangent,6034.0000,avg,6034.0000,5945.0000,6301.0000,10000
2026-08-11T07:20:22Z,d380cfb,main,bvh_scatter_4k,6007000.0000,avg,6007000.0000,5983000.0000,6046000.0000,5
2026-08-11T07:20:22Z,d380cfb,main,spatial_hash_query_2k,536255.0000,avg,536255.0000,424844.0000,947956.0000,5
2026-08-11T07:20:22Z,d380cfb,main,num_dct_1024,278499.0000,avg,278499.0000,271543.0000,293403.0000,10
2026-08-11T07:20:22Z,d380cfb,main,num_dst_1024,6633000.0000,avg,6633000.0000,6575000.0000,6765000.0000,10
2026-08-11T07:20:22Z,d380cfb,main,num_dct_1023,1624000.0000,avg,1624000.0000,1589000.0000,1706000.0000,10
2026-08-11T07:20:22Z,d380cfb,main,num_dst_1023,444505.0000,avg,444505.0000,436508.0000,453061.0000,10
2026-08-11T15:22:17Z,6f43da3,main,vec3_add,38,avg,38,34,55,400000
2026-08-11T15:22:17Z,6f43da3,main,vec3_cross,71,avg,71,66,101,400000
2026-08-11T15:22:17Z,6f43da3,main,vec3_normalize,47,avg,47,45,76,400000
2026-08-11T15:22:17Z,6f43da3,main,vec3_dot_x64,2035.0000,avg,2035.0000,907,16413.0000,200000
2026-08-11T15:22:17Z,6f43da3,main,vec4_dot_x64,310,avg,310,295,328,400000
2026-08-11T15:22:17Z,6f43da3,main,m4_mul_x16,4365.0000,avg,4365.0000,1885.0000,143035.0000,200000
2026-08-11T15:22:17Z,6f43da3,main,m4_transform_x64,6289.0000,avg,6289.0000,4400.0000,98616.0000,200000
2026-08-11T15:22:17Z,6f43da3,main,quat_mul,1473.0000,avg,1473.0000,489,81504.0000,1000000
2026-08-11T15:22:17Z,6f43da3,main,quat_slerp,285,avg,285,276,319,400000
2026-08-11T15:22:17Z,6f43da3,main,quat_rotate_vec3,77,avg,77,72,103,400000
2026-08-11T15:22:17Z,6f43da3,main,m4_mul,188,avg,188,180,225,400000
2026-08-11T15:22:17Z,6f43da3,main,m4_inverse,311,avg,311,300,349,400000
2026-08-11T15:22:17Z,6f43da3,main,m4_transform_point,170,avg,170,162,205,400000
2026-08-11T15:22:17Z,6f43da3,main,t3d_compose,285,avg,285,276,320,400000
2026-08-11T15:22:17Z,6f43da3,main,jet_sphere,370,avg,370,359,409,400000
2026-08-11T15:22:17Z,6f43da3,main,jet_plane,247,avg,247,238,283,400000
2026-08-11T15:22:17Z,6f43da3,main,jet_triangle,1023.0000,avg,1023.0000,1009.0000,1090.0000,400000
2026-08-11T15:22:17Z,6f43da3,main,jet_aabb,367,avg,367,356,410,400000
2026-08-11T15:22:17Z,6f43da3,main,jet_obb,1054.0000,avg,1054.0000,1045.0000,1091.0000,400000
2026-08-11T15:22:17Z,6f43da3,main,jet_capsule,1298.0000,avg,1298.0000,1282.0000,1374.0000,400000
2026-08-11T15:22:17Z,6f43da3,main,grad_fwd_16,68811.0000,avg,68811.0000,68406.0000,69647.0000,40000
2026-08-11T15:22:17Z,6f43da3,main,grad_rev_16,6179.0000,avg,6179.0000,6124.0000,6586.0000,40000
2026-08-11T15:22:17Z,6f43da3,main,ray_obb,512,avg,512,507,547,400000
2026-08-11T15:22:17Z,6f43da3,main,ray_aabb_diag,123,avg,123,118,134,400000
2026-08-11T15:22:17Z,6f43da3,main,ray_capsule_diag,913,avg,913,893,1125.0000,400000
2026-08-11T15:22:17Z,6f43da3,main,ray_capsule,669,avg,669,653,751,400000
2026-08-11T15:22:17Z,6f43da3,main,ray_sphere,107,avg,107,100,140,400000
2026-08-11T15:22:17Z,6f43da3,main,ray_aabb,98,avg,98,94,106,400000
2026-08-11T15:22:17Z,6f43da3,main,ray_triangle,302,avg,302,294,336,400000
2026-08-11T15:22:17Z,6f43da3,main,srgb_to_linear,91,avg,91,87,98,400000
2026-08-11T15:22:17Z,6f43da3,main,tonemap_reinhard,41,avg,41,38,64,400000
2026-08-11T15:22:17Z,6f43da3,main,calc_derivative,101,avg,101,98,108,400000
2026-08-11T15:22:17Z,6f43da3,main,calc_integral_simpson,6958.0000,avg,6958.0000,5587.0000,35270.0000,100000
2026-08-11T15:22:17Z,6f43da3,main,num_gcd,27,avg,27,27,35,400000
2026-08-11T15:22:17Z,6f43da3,main,num_is_prime,22143.0000,avg,22143.0000,16832.0000,72355.0000,500000
2026-08-11T15:22:17Z,6f43da3,main,cx_mul,1461.0000,avg,1461.0000,489,36667.0000,1000000
2026-08-11T15:22:17Z,6f43da3,main,ease_in_out,1412.0000,avg,1412.0000,488,36527.0000,1000000
2026-08-11T15:22:17Z,6f43da3,main,perlin_2d,1439.0000,avg,1439.0000,419,15993.0000,200000
2026-08-11T15:22:17Z,6f43da3,main,convex_hull_2d_2k,2044000.0000,avg,2044000.0000,2034000.0000,2052000.0000,20
2026-08-11T15:22:17Z,6f43da3,main,halfedge_2k_tris,1130000.0000,avg,1130000.0000,1104000.0000,1192000.0000,20
2026-08-11T15:22:17Z,6f43da3,main,bvh_degenerate_4k,3828000.0000,avg,3828000.0000,3822000.0000,3838000.0000,3
2026-08-11T15:22:17Z,6f43da3,main,bvh_query_ray_200x4k,1936000.0000,avg,1936000.0000,1856000.0000,2227000.0000,5
2026-08-11T15:22:17Z,6f43da3,main,kdtree_build_4k,2686000.0000,avg,2686000.0000,2657000.0000,2746000.0000,5
2026-08-11T15:22:17Z,6f43da3,main,kdtree_build_octave_512,605174.0000,avg,605174.0000,594488.0000,616768.0000,20
2026-08-11T15:22:17Z,6f43da3,main,einsum_matmul_2x2,2688.0000,avg,2688.0000,1396.0000,15575.0000,20000
2026-08-11T15:22:17Z,6f43da3,main,einsum_trace_2x2,1974.0000,avg,1974.0000,907,17740.0000,20000
2026-08-11T15:22:17Z,6f43da3,main,kdtree_radius_4k,2063.0000,avg,2063.0000,1396.0000,18159.0000,200
2026-08-11T15:22:17Z,6f43da3,main,delaunay_2d_400,1813000.0000,avg,1813000.0000,1810000.0000,1817000.0000,3
2026-08-11T15:22:17Z,6f43da3,main,delaunay_2d_circle_150,461534.0000,avg,461534.0000,454806.0000,473873.0000,3
2026-08-11T15:22:17Z,6f43da3,main,triangulate_600gon,1738000.0000,avg,1738000.0000,1735000.0000,1742000.0000,3
2026-08-11T15:22:17Z,6f43da3,main,triangulate_comb_600,6127000.0000,avg,6127000.0000,6124000.0000,6131000.0000,3
2026-08-11T15:22:17Z,6f43da3,main,triangulate_hex_6,3109.0000,avg,3109.0000,1815.0000,51264.0000,20000
2026-08-11T15:22:17Z,6f43da3,main,svd_golub_kahan_12,175556.0000,avg,175556.0000,169155.0000,187524.0000,20
2026-08-11T15:22:17Z,6f43da3,main,eigen_qr_12,133767.0000,avg,133767.0000,131721.0000,145689.0000,20
2026-08-11T15:22:17Z,6f43da3,main,gjk_epa_3d_cyl_box,134755.0000,avg,134755.0000,125435.0000,179143.0000,100
2026-08-11T15:22:17Z,6f43da3,main,mpr_penetration_boxes,25418.0000,avg,25418.0000,23257.0000,39181.0000,200
2026-08-11T15:22:17Z,6f43da3,main,gjk_epa_boxes,25661.0000,avg,25661.0000,22419.0000,87860.0000,200
2026-08-11T15:22:17Z,6f43da3,main,gjk_epa_spheres,619952.0000,avg,619952.0000,599448.0000,684235.0000,200
2026-08-11T15:22:17Z,6f43da3,main,gjk_epa_sphere_box,127961.0000,avg,127961.0000,119638.0000,180539.0000,200
2026-08-11T15:22:17Z,6f43da3,main,gjk_intersect_box_miss,816,avg,816,797,874,40000
2026-08-11T15:22:17Z,6f43da3,main,gjk_intersect_sph_miss,1179.0000,avg,1179.0000,1159.0000,1276.0000,40000
2026-08-11T15:22:17Z,6f43da3,main,gjk_intersect_box_hit,1964.0000,avg,1964.0000,1924.0000,2101.0000,10000
2026-08-11T15:22:17Z,6f43da3,main,gjk_intersect_tangent,2236.0000,avg,2236.0000,2212.0000,2358.0000,10000
2026-08-11T15:22:17Z,6f43da3,main,mpr_intersect_box_miss,1764.0000,avg,1764.0000,1743.0000,1828.0000,40000
2026-08-11T15:22:17Z,6f43da3,main,mpr_intersect_box_hit,6350.0000,avg,6350.0000,6299.0000,6452.0000,10000
2026-08-11T15:22:17Z,6f43da3,main,mpr_intersect_tangent,6505.0000,avg,6505.0000,6444.0000,6769.0000,10000
2026-08-11T15:22:17Z,6f43da3,main,bvh_scatter_4k,6511000.0000,avg,6511000.0000,6491000.0000,6551000.0000,5
2026-08-11T15:22:17Z,6f43da3,main,spatial_hash_query_2k,637957.0000,avg,637957.0000,506628.0000,953333.0000,5
2026-08-11T15:22:17Z,6f43da3,main,num_dct_1024,301658.0000,avg,301658.0000,295708.0000,317220.0000,10
2026-08-11T15:22:17Z,6f43da3,main,num_dst_1024,7205000.0000,avg,7205000.0000,7181000.0000,7261000.0000,10
2026-08-11T15:22:17Z,6f43da3,main,num_dct_1023,1755000.0000,avg,1755000.0000,1736000.0000,1778000.0000,10
2026-08-11T15:22:17Z,6f43da3,main,num_dst_1023,484858.0000,avg,484858.0000,475339.0000,495733.0000,10
2026-08-12T01:48:32Z,5d77b5f,main,vec3_add,36,avg,36,32,117,400000
2026-08-12T01:48:32Z,5d77b5f,main,vec3_cross,72,avg,72,66,127,400000
2026-08-12T01:48:32Z,5d77b5f,main,vec3_normalize,49,avg,49,45,77,400000
2026-08-12T01:48:32Z,5d77b5f,main,vec3_dot_x64,2034.0000,avg,2034.0000,489,37016.0000,200000
2026-08-12T01:48:32Z,5d77b5f,main,vec4_dot_x64,295,avg,295,282,324,400000
2026-08-12T01:48:32Z,5d77b5f,main,m4_mul_x16,4621.0000,avg,4621.0000,2304.0000,128438.0000,200000
2026-08-12T01:48:32Z,5d77b5f,main,m4_transform_x64,6373.0000,avg,6373.0000,4679.0000,97219.0000,200000
2026-08-12T01:48:32Z,5d77b5f,main,quat_mul,1473.0000,avg,1473.0000,489,94635.0000,1000000
2026-08-12T01:48:32Z,5d77b5f,main,quat_slerp,278,avg,278,264,371,400000
2026-08-12T01:48:32Z,5d77b5f,main,quat_rotate_vec3,75,avg,75,70,107,400000
2026-08-12T01:48:32Z,5d77b5f,main,m4_mul,193,avg,193,181,249,400000
2026-08-12T01:48:32Z,5d77b5f,main,m4_inverse,302,avg,302,283,349,400000
2026-08-12T01:48:32Z,5d77b5f,main,m4_transform_point,165,avg,165,154,197,400000
2026-08-12T01:48:32Z,5d77b5f,main,t3d_compose,279,avg,279,261,356,400000
2026-08-12T01:48:32Z,5d77b5f,main,jet_sphere,361,avg,361,340,442,400000
2026-08-12T01:48:32Z,5d77b5f,main,jet_plane,239,avg,239,224,315,400000
2026-08-12T01:48:32Z,5d77b5f,main,jet_triangle,998,avg,998,944,1116.0000,400000
2026-08-12T01:48:32Z,5d77b5f,main,jet_aabb,364,avg,364,339,456,400000
2026-08-12T01:48:32Z,5d77b5f,main,jet_obb,1038.0000,avg,1038.0000,997,1246.0000,400000
2026-08-12T01:48:32Z,5d77b5f,main,jet_capsule,1269.0000,avg,1269.0000,1210.0000,1461.0000,400000
2026-08-12T01:48:32Z,5d77b5f,main,grad_fwd_16,66522.0000,avg,66522.0000,64299.0000,70355.0000,40000
2026-08-12T01:48:32Z,5d77b5f,main,grad_rev_16,6151.0000,avg,6151.0000,5902.0000,6925.0000,40000
2026-08-12T01:48:32Z,5d77b5f,main,ray_obb,504,avg,504,479,577,400000
2026-08-12T01:48:32Z,5d77b5f,main,ray_aabb_diag,120,avg,120,113,153,400000
2026-08-12T01:48:32Z,5d77b5f,main,ray_capsule_diag,883,avg,883,846,978,400000
2026-08-12T01:48:32Z,5d77b5f,main,ray_capsule,641,avg,641,613,775,400000
2026-08-12T01:48:32Z,5d77b5f,main,ray_sphere,102,avg,102,96,121,400000
2026-08-12T01:48:32Z,5d77b5f,main,ray_aabb,94,avg,94,90,102,400000
2026-08-12T01:48:32Z,5d77b5f,main,ray_triangle,295,avg,295,277,333,400000
2026-08-12T01:48:32Z,5d77b5f,main,srgb_to_linear,89,avg,89,84,95,400000
2026-08-12T01:48:32Z,5d77b5f,main,tonemap_reinhard,39,avg,39,36,65,400000
2026-08-12T01:48:32Z,5d77b5f,main,calc_derivative,96,avg,96,92,104,400000
2026-08-12T01:48:32Z,5d77b5f,main,calc_integral_simpson,6819.0000,avg,6819.0000,5168.0000,60133.0000,100000
2026-08-12T01:48:32Z,5d77b5f,main,num_gcd,27,avg,27,25,36,400000
2026-08-12T01:48:32Z,5d77b5f,main,num_is_prime,21569.0000,avg,21569.0000,17111.0000,93587.0000,500000
2026-08-12T01:48:32Z,5d77b5f,main,cx_mul,1459.0000,avg,1459.0000,489,34292.0000,1000000
2026-08-12T01:48:32Z,5d77b5f,main,ease_in_out,1407.0000,avg,1407.0000,489,93029.0000,1000000
2026-08-12T01:48:32Z,5d77b5f,main,perlin_2d,1461.0000,avg,1461.0000,838,22000.0000,200000
2026-08-12T01:48:32Z,5d77b5f,main,convex_hull_2d_2k,2043000.0000,avg,2043000.0000,2025000.0000,2205000.0000,20
2026-08-12T01:48:32Z,5d77b5f,main,halfedge_2k_tris,1136000.0000,avg,1136000.0000,1104000.0000,1273000.0000,20
2026-08-12T01:48:32Z,5d77b5f,main,bvh_degenerate_4k,3816000.0000,avg,3816000.0000,3788000.0000,3846000.0000,3
2026-08-12T01:48:32Z,5d77b5f,main,bvh_query_ray_200x4k,1968000.0000,avg,1968000.0000,1860000.0000,2218000.0000,5
2026-08-12T01:48:32Z,5d77b5f,main,kdtree_build_4k,2670000.0000,avg,2670000.0000,2663000.0000,2679000.0000,5
2026-08-12T01:48:32Z,5d77b5f,main,kdtree_build_octave_512,602904.0000,avg,602904.0000,593581.0000,610552.0000,20
2026-08-12T01:48:32Z,5d77b5f,main,einsum_matmul_2x2,2679.0000,avg,2679.0000,1396.0000,13270.0000,20000
2026-08-12T01:48:32Z,5d77b5f,main,einsum_trace_2x2,1982.0000,avg,1982.0000,908,13270.0000,20000
2026-08-12T01:48:32Z,5d77b5f,main,kdtree_radius_4k,1988.0000,avg,1988.0000,1396.0000,6216.0000,200
2026-08-12T01:48:32Z,5d77b5f,main,delaunay_2d_400,1821000.0000,avg,1821000.0000,1814000.0000,1829000.0000,3
2026-08-12T01:48:32Z,5d77b5f,main,delaunay_2d_circle_150,464934.0000,avg,464934.0000,457880.0000,472966.0000,3
2026-08-12T01:48:32Z,5d77b5f,main,triangulate_600gon,1771000.0000,avg,1771000.0000,1726000.0000,1858000.0000,3
2026-08-12T01:48:32Z,5d77b5f,main,triangulate_comb_600,6163000.0000,avg,6163000.0000,6118000.0000,6248000.0000,3
2026-08-12T01:48:32Z,5d77b5f,main,triangulate_hex_6,3134.0000,avg,3134.0000,1467.0000,97777.0000,20000
2026-08-12T01:48:32Z,5d77b5f,main,svd_golub_kahan_12,178364.0000,avg,178364.0000,169505.0000,201422.0000,20
2026-08-12T01:48:32Z,5d77b5f,main,eigen_qr_12,133892.0000,avg,133892.0000,128159.0000,141778.0000,20
2026-08-12T01:48:32Z,5d77b5f,main,gjk_epa_3d_cyl_box,135815.0000,avg,135815.0000,125924.0000,197023.0000,100
2026-08-12T01:48:32Z,5d77b5f,main,mpr_penetration_boxes,25507.0000,avg,25507.0000,23327.0000,77664.0000,200
2026-08-12T01:48:32Z,5d77b5f,main,gjk_epa_boxes,24976.0000,avg,24976.0000,22349.0000,36178.0000,200
2026-08-12T01:48:32Z,5d77b5f,main,gjk_epa_spheres,645702.0000,avg,645702.0000,601682.0000,1012000.0000,200
2026-08-12T01:48:32Z,5d77b5f,main,gjk_epa_sphere_box,128385.0000,avg,128385.0000,120127.0000,185429.0000,200
2026-08-12T01:48:32Z,5d77b5f,main,gjk_intersect_box_miss,816,avg,816,796,883,40000
2026-08-12T01:48:32Z,5d77b5f,main,gjk_intersect_sph_miss,1166.0000,avg,1166.0000,1155.0000,1203.0000,40000
2026-08-12T01:48:32Z,5d77b5f,main,gjk_intersect_box_hit,1966.0000,avg,1966.0000,1951.0000,2091.0000,10000
2026-08-12T01:48:32Z,5d77b5f,main,gjk_intersect_tangent,2264.0000,avg,2264.0000,2225.0000,2518.0000,10000
2026-08-12T01:48:32Z,5d77b5f,main,mpr_intersect_box_miss,1759.0000,avg,1759.0000,1724.0000,1851.0000,40000
2026-08-12T01:48:32Z,5d77b5f,main,mpr_intersect_box_hit,6200.0000,avg,6200.0000,5920.0000,6625.0000,10000
2026-08-12T01:48:32Z,5d77b5f,main,mpr_intersect_tangent,6143.0000,avg,6143.0000,6048.0000,6354.0000,10000
2026-08-12T01:48:32Z,5d77b5f,main,bvh_scatter_4k,6326000.0000,avg,6326000.0000,6161000.0000,6501000.0000,5
2026-08-12T01:48:32Z,5d77b5f,main,spatial_hash_query_2k,616754.0000,avg,616754.0000,464793.0000,953054.0000,5
2026-08-12T01:48:32Z,5d77b5f,main,num_dct_1024,288709.0000,avg,288709.0000,277759.0000,301226.0000,10
2026-08-12T01:48:32Z,5d77b5f,main,num_dst_1024,6829000.0000,avg,6829000.0000,6741000.0000,7158000.0000,10
2026-08-12T01:48:32Z,5d77b5f,main,num_dct_1023,1695000.0000,avg,1695000.0000,1640000.0000,1768000.0000,10
2026-08-12T01:48:32Z,5d77b5f,main,num_dst_1023,473495.0000,avg,473495.0000,450755.0000,488959.0000,10
2026-08-21T17:57:26Z,a09d228,main,vec3_add,23,avg,23,21,88,400000,net,1343.0000
2026-08-21T17:57:26Z,a09d228,main,vec3_cross,63,avg,63,58,135,400000,net,1343.0000
2026-08-21T17:57:26Z,a09d228,main,vec3_normalize,40,avg,40,36,103,400000,net,1343.0000
2026-08-21T17:57:26Z,a09d228,main,vec3_dot_x64,593,avg,593,547,701,200000,net,1343.0000
2026-08-21T17:57:26Z,a09d228,main,vec4_dot_x64,325,avg,325,308,340,400000,net,1343.0000
2026-08-21T17:57:26Z,a09d228,main,m4_mul_x16,2170.0000,avg,2170.0000,1832.0000,4683.0000,200000,net,1343.0000
2026-08-21T17:57:26Z,a09d228,main,m4_transform_x64,3263.0000,avg,3263.0000,2720.0000,7402.0000,200000,net,1343.0000
2026-08-21T17:57:26Z,a09d228,main,quat_mul,63,avg,63,58,126,1000000,net,1343.0000
2026-08-21T17:57:26Z,a09d228,main,quat_slerp,257,avg,257,243,324,400000,net,1343.0000
2026-08-21T17:57:26Z,a09d228,main,quat_rotate_vec3,63,avg,63,57,125,400000,net,1343.0000
2026-08-21T17:57:26Z,a09d228,main,m4_mul,132,avg,132,118,202,400000,net,1343.0000
2026-08-21T17:57:26Z,a09d228,main,m4_inverse,259,avg,259,240,332,400000,net,1343.0000
2026-08-21T17:57:26Z,a09d228,main,m4_transform_point,122,avg,122,109,206,400000,net,1343.0000
2026-08-21T17:57:26Z,a09d228,main,t3d_compose,217,avg,217,201,296,400000,net,1343.0000
2026-08-21T17:57:26Z,a09d228,main,jet_sphere,271,avg,271,249,335,400000,net,1343.0000
2026-08-21T17:57:26Z,a09d228,main,jet_plane,173,avg,173,154,240,400000,net,1343.0000
2026-08-21T17:57:26Z,a09d228,main,jet_triangle,772,avg,772,722,853,400000,net,1343.0000
2026-08-21T17:57:26Z,a09d228,main,jet_aabb,291,avg,291,270,381,400000,net,1343.0000
2026-08-21T17:57:26Z,a09d228,main,jet_obb,819,avg,819,764,935,400000,net,1343.0000
2026-08-21T17:57:26Z,a09d228,main,jet_capsule,991,avg,991,921,1109.0000,400000,net,1343.0000
2026-08-21T17:57:26Z,a09d228,main,grad_fwd_16,58180.0000,avg,58180.0000,57009.0000,65098.0000,40000,net,1343.0000
2026-08-21T17:57:26Z,a09d228,main,grad_rev_16,5856.0000,avg,5856.0000,5659.0000,6499.0000,40000,net,1343.0000
2026-08-21T17:57:26Z,a09d228,main,ray_obb,443,avg,443,399,795,400000,net,1343.0000
2026-08-21T17:57:26Z,a09d228,main,ray_aabb_diag,115,avg,115,110,125,400000,net,1343.0000
2026-08-21T17:57:26Z,a09d228,main,ray_capsule_diag,740,avg,740,683,851,400000,net,1343.0000
2026-08-21T17:57:26Z,a09d228,main,ray_capsule,535,avg,535,508,634,400000,net,1343.0000
2026-08-21T17:57:26Z,a09d228,main,ray_sphere,90,avg,90,84,163,400000,net,1343.0000
2026-08-21T17:57:26Z,a09d228,main,ray_aabb,93,avg,93,86,135,400000,net,1343.0000
2026-08-21T17:57:26Z,a09d228,main,ray_triangle,246,avg,246,231,317,400000,net,1343.0000
2026-08-21T17:57:26Z,a09d228,main,srgb_to_linear,82,avg,82,79,90,400000,net,1343.0000
2026-08-21T17:57:26Z,a09d228,main,tonemap_reinhard,30,avg,30,27,94,400000,net,1343.0000
2026-08-21T17:57:26Z,a09d228,main,calc_derivative,94,avg,94,89,102,400000,net,1343.0000
2026-08-21T17:57:26Z,a09d228,main,calc_integral_simpson,5164.0000,avg,5164.0000,4874.0000,10897.0000,100000,net,1343.0000
2026-08-21T17:57:26Z,a09d228,main,num_gcd,25,avg,25,24,31,400000,net,1343.0000
2026-08-21T17:57:26Z,a09d228,main,num_is_prime,19829.0000,avg,19829.0000,17198.0000,49112.0000,500000,net,1343.0000
2026-08-21T17:57:26Z,a09d228,main,cx_mul,35,avg,35,32,129,1000000,net,1343.0000
2026-08-21T17:57:26Z,a09d228,main,ease_in_out,7,avg,7,6,8,1000000,net,1343.0000
2026-08-21T17:57:26Z,a09d228,main,perlin_2d,79,avg,79,74,217,200000,net,1343.0000
2026-08-21T17:57:26Z,a09d228,main,convex_hull_2d_2k,1909000.0000,avg,1909000.0000,1901000.0000,1953000.0000,20,net,1343.0000
2026-08-21T17:57:26Z,a09d228,main,halfedge_2k_tris,827300.0000,avg,827300.0000,774943.0000,886480.0000,20,net,1343.0000
2026-08-21T17:57:26Z,a09d228,main,bvh_degenerate_4k,3304000.0000,avg,3304000.0000,3304000.0000,3304000.0000,3,net,1343.0000
2026-08-21T17:57:26Z,a09d228,main,bvh_query_ray_200x4k,1769000.0000,avg,1769000.0000,1769000.0000,1769000.0000,5,net,1343.0000
2026-08-21T17:57:26Z,a09d228,main,kdtree_build_4k,2371000.0000,avg,2371000.0000,2371000.0000,2371000.0000,5,net,1343.0000
2026-08-21T17:57:26Z,a09d228,main,kdtree_build_octave_512,548166.0000,avg,548166.0000,531337.0000,577921.0000,20,net,1343.0000
2026-08-21T17:57:26Z,a09d228,main,einsum_matmul_2x2,1102.0000,avg,1102.0000,1045.0000,2162.0000,20000,net,1343.0000
2026-08-21T17:57:26Z,a09d228,main,einsum_trace_2x2,463,avg,463,433,496,20000,net,1343.0000
2026-08-21T17:57:26Z,a09d228,main,kdtree_radius_4k,1035.0000,avg,1035.0000,570,1076.0000,200,net,1343.0000
2026-08-21T17:57:26Z,a09d228,main,delaunay_2d_400,1583000.0000,avg,1583000.0000,1583000.0000,1583000.0000,3,net,1343.0000
2026-08-21T17:57:26Z,a09d228,main,delaunay_2d_circle_150,383609.0000,avg,383609.0000,383609.0000,383609.0000,3,net,1343.0000
2026-08-21T17:57:26Z,a09d228,main,triangulate_600gon,1616000.0000,avg,1616000.0000,1616000.0000,1616000.0000,3,net,1343.0000
2026-08-21T17:57:26Z,a09d228,main,triangulate_comb_600,5737000.0000,avg,5737000.0000,5737000.0000,5737000.0000,3,net,1343.0000
2026-08-21T17:57:26Z,a09d228,main,triangulate_hex_6,1463.0000,avg,1463.0000,1380.0000,2813.0000,20000,net,1343.0000
2026-08-21T17:57:26Z,a09d228,main,svd_golub_kahan_12,158752.0000,avg,158752.0000,155032.0000,159222.0000,20,net,1343.0000
2026-08-21T17:57:26Z,a09d228,main,eigen_qr_12,119270.0000,avg,119270.0000,118532.0000,125838.0000,20,net,1343.0000
2026-08-21T17:57:26Z,a09d228,main,gjk_epa_3d_cyl_box,109327.0000,avg,109327.0000,103560.0000,223616.0000,100,net,1343.0000
2026-08-21T17:57:26Z,a09d228,main,mpr_penetration_boxes,17377.0000,avg,17377.0000,15518.0000,32513.0000,200,net,1343.0000
2026-08-21T17:57:26Z,a09d228,main,gjk_epa_boxes,17450.0000,avg,17450.0000,15605.0000,31260.0000,200,net,1343.0000
2026-08-21T17:57:26Z,a09d228,main,gjk_epa_spheres,536604.0000,avg,536604.0000,495438.0000,773546.0000,200,net,1343.0000
2026-08-21T17:57:26Z,a09d228,main,gjk_epa_sphere_box,111531.0000,avg,111531.0000,104396.0000,297019.0000,200,net,1343.0000
2026-08-21T17:57:26Z,a09d228,main,gjk_intersect_box_miss,659,avg,659,618,759,40000,net,1343.0000
2026-08-21T17:57:26Z,a09d228,main,gjk_intersect_sph_miss,905,avg,905,860,942,40000,net,1343.0000
2026-08-21T17:57:26Z,a09d228,main,gjk_intersect_box_hit,1608.0000,avg,1608.0000,1535.0000,1811.0000,10000,net,1343.0000
2026-08-21T17:57:26Z,a09d228,main,gjk_intersect_tangent,1840.0000,avg,1840.0000,1751.0000,2055.0000,10000,net,1343.0000
2026-08-21T17:57:26Z,a09d228,main,mpr_intersect_box_miss,1372.0000,avg,1372.0000,1329.0000,1403.0000,40000,net,1343.0000
2026-08-21T17:57:26Z,a09d228,main,mpr_intersect_box_hit,4898.0000,avg,4898.0000,4647.0000,5143.0000,10000,net,1343.0000
2026-08-21T17:57:26Z,a09d228,main,mpr_intersect_tangent,4997.0000,avg,4997.0000,4754.0000,5272.0000,10000,net,1343.0000
2026-08-21T17:57:26Z,a09d228,main,bvh_scatter_4k,5806000.0000,avg,5806000.0000,5806000.0000,5806000.0000,5,net,1343.0000
2026-08-21T17:57:26Z,a09d228,main,spatial_hash_query_2k,428040.0000,avg,428040.0000,428040.0000,428040.0000,5,net,1343.0000
2026-08-21T17:57:26Z,a09d228,main,num_dct_1024,293904.0000,avg,293904.0000,293904.0000,293904.0000,10,net,1343.0000
2026-08-21T17:57:26Z,a09d228,main,num_dst_1024,6615000.0000,avg,6615000.0000,6615000.0000,6615000.0000,10,net,1343.0000
2026-08-21T17:57:26Z,a09d228,main,num_dct_1023,1565000.0000,avg,1565000.0000,1565000.0000,1565000.0000,10,net,1343.0000
2026-08-21T17:57:26Z,a09d228,main,num_dst_1023,448728.0000,avg,448728.0000,448728.0000,448728.0000,10,net,1343.0000
2026-09-09T16:22:39Z,1bc71e3,main,vec3_add,17,avg,17,16,40,400000,net,1329.0000
2026-09-09T16:22:39Z,1bc71e3,main,vec3_cross,28,avg,28,26,54,400000,net,1329.0000
2026-09-09T16:22:39Z,1bc71e3,main,vec3_normalize,30,avg,30,29,56,400000,net,1329.0000
2026-09-09T16:22:39Z,1bc71e3,main,vec3_dot_x64,379,avg,379,359,545,200000,net,1329.0000
2026-09-09T16:22:39Z,1bc71e3,main,vec4_dot_x64,281,avg,281,274,300,400000,net,1329.0000
2026-09-09T16:22:39Z,1bc71e3,main,m4_mul_x16,1913.0000,avg,1913.0000,1727.0000,4445.0000,200000,net,1329.0000
2026-09-09T16:22:39Z,1bc71e3,main,m4_transform_x64,2723.0000,avg,2723.0000,2470.0000,5531.0000,200000,net,1329.0000
2026-09-09T16:22:39Z,1bc71e3,main,quat_mul,38,avg,38,30,54,1000000,net,1329.0000
2026-09-09T16:22:39Z,1bc71e3,main,quat_slerp,244,avg,244,232,372,400000,net,1329.0000
2026-09-09T16:22:39Z,1bc71e3,main,quat_rotate_vec3,38,avg,38,36,65,400000,net,1329.0000
2026-09-09T16:22:39Z,1bc71e3,main,m4_mul,119,avg,119,112,146,400000,net,1329.0000
2026-09-09T16:22:39Z,1bc71e3,main,m4_inverse,245,avg,245,236,280,400000,net,1329.0000
2026-09-09T16:22:39Z,1bc71e3,main,m4_transform_point,93,avg,93,87,122,400000,net,1329.0000
2026-09-09T16:22:39Z,1bc71e3,main,t3d_compose,148,avg,148,140,174,400000,net,1329.0000
2026-09-09T16:22:39Z,1bc71e3,main,jet_sphere,190,avg,190,178,222,400000,net,1329.0000
2026-09-09T16:22:39Z,1bc71e3,main,jet_plane,100,avg,100,92,144,400000,net,1329.0000
2026-09-09T16:22:39Z,1bc71e3,main,jet_triangle,463,avg,463,438,539,400000,net,1329.0000
2026-09-09T16:22:39Z,1bc71e3,main,jet_aabb,184,avg,184,174,216,400000,net,1329.0000
2026-09-09T16:22:39Z,1bc71e3,main,jet_obb,541,avg,541,521,581,400000,net,1329.0000
2026-09-09T16:22:39Z,1bc71e3,main,jet_capsule,718,avg,718,674,817,400000,net,1329.0000
2026-09-09T16:22:39Z,1bc71e3,main,grad_fwd_16,43980.0000,avg,43980.0000,43492.0000,46313.0000,40000,net,1329.0000
2026-09-09T16:22:39Z,1bc71e3,main,grad_rev_16,4517.0000,avg,4517.0000,4361.0000,5533.0000,40000,net,1329.0000
2026-09-09T16:22:39Z,1bc71e3,main,ray_obb,280,avg,280,265,324,400000,net,1329.0000
2026-09-09T16:22:39Z,1bc71e3,main,ray_aabb_diag,65,avg,65,61,77,400000,net,1329.0000
2026-09-09T16:22:39Z,1bc71e3,main,ray_capsule_diag,518,avg,518,499,568,400000,net,1329.0000
2026-09-09T16:22:39Z,1bc71e3,main,ray_capsule,383,avg,383,365,477,400000,net,1329.0000
2026-09-09T16:22:39Z,1bc71e3,main,ray_sphere,57,avg,57,53,84,400000,net,1329.0000
2026-09-09T16:22:39Z,1bc71e3,main,ray_aabb,41,avg,41,41,46,400000,net,1329.0000
2026-09-09T16:22:39Z,1bc71e3,main,ray_triangle,135,avg,135,130,163,400000,net,1329.0000
2026-09-09T16:22:39Z,1bc71e3,main,srgb_to_linear,97,avg,97,93,107,400000,net,1329.0000
2026-09-09T16:22:39Z,1bc71e3,main,tonemap_reinhard,22,avg,22,21,46,400000,net,1329.0000
2026-09-09T16:22:39Z,1bc71e3,main,calc_derivative,91,avg,91,86,100,400000,net,1329.0000
2026-09-09T16:22:39Z,1bc71e3,main,calc_integral_simpson,4832.0000,avg,4832.0000,4587.0000,6660.0000,100000,net,1329.0000
2026-09-09T16:22:39Z,1bc71e3,main,num_gcd,25,avg,25,24,30,400000,net,1329.0000
2026-09-09T16:22:39Z,1bc71e3,main,num_is_prime,19799.0000,avg,19799.0000,17425.0000,36917.0000,500000,net,1329.0000
2026-09-09T16:22:39Z,1bc71e3,main,cx_mul,23,avg,23,21,39,1000000,net,1329.0000
2026-09-09T16:22:39Z,1bc71e3,main,ease_in_out,7,avg,7,6,34,1000000,net,1329.0000
2026-09-09T16:22:39Z,1bc71e3,main,perlin_2d,73,avg,73,70,239,200000,net,1329.0000
2026-09-09T16:22:39Z,1bc71e3,main,convex_hull_2d_2k,1704000.0000,avg,1704000.0000,1683000.0000,1795000.0000,20,net,1329.0000
2026-09-09T16:22:39Z,1bc71e3,main,halfedge_2k_tris,726656.0000,avg,726656.0000,689890.0000,732268.0000,20,net,1329.0000
2026-09-09T16:22:39Z,1bc71e3,main,bvh_degenerate_4k,2300000.0000,avg,2300000.0000,2300000.0000,2300000.0000,3,net,1329.0000
2026-09-09T16:22:39Z,1bc71e3,main,bvh_query_ray_200x4k,945832.0000,avg,945832.0000,945832.0000,945832.0000,5,net,1329.0000
2026-09-09T16:22:39Z,1bc71e3,main,kdtree_build_4k,2301000.0000,avg,2301000.0000,2301000.0000,2301000.0000,5,net,1329.0000
2026-09-09T16:22:39Z,1bc71e3,main,kdtree_build_octave_512,535109.0000,avg,535109.0000,529395.0000,538055.0000,20,net,1329.0000
2026-09-09T16:22:39Z,1bc71e3,main,einsum_matmul_2x2,957,avg,957,912,1323.0000,20000,net,1329.0000
2026-09-09T16:22:39Z,1bc71e3,main,einsum_trace_2x2,419,avg,419,412,452,20000,net,1329.0000
2026-09-09T16:22:39Z,1bc71e3,main,kdtree_radius_4k,664,avg,664,488,679,200,net,1329.0000
2026-09-09T16:22:39Z,1bc71e3,main,delaunay_2d_400,1388000.0000,avg,1388000.0000,1388000.0000,1388000.0000,3,net,1329.0000
2026-09-09T16:22:39Z,1bc71e3,main,delaunay_2d_circle_150,354932.0000,avg,354932.0000,354932.0000,354932.0000,3,net,1329.0000
2026-09-09T16:22:39Z,1bc71e3,main,triangulate_600gon,1537000.0000,avg,1537000.0000,1537000.0000,1537000.0000,3,net,1329.0000
2026-09-09T16:22:39Z,1bc71e3,main,triangulate_comb_600,5315000.0000,avg,5315000.0000,5315000.0000,5315000.0000,3,net,1329.0000
2026-09-09T16:22:39Z,1bc71e3,main,triangulate_hex_6,1183.0000,avg,1183.0000,1082.0000,1669.0000,20000,net,1329.0000
2026-09-09T16:22:39Z,1bc71e3,main,svd_golub_kahan_12,158905.0000,avg,158905.0000,158159.0000,168036.0000,20,net,1329.0000
2026-09-09T16:22:39Z,1bc71e3,main,eigen_qr_12,119704.0000,avg,119704.0000,119389.0000,121382.0000,20,net,1329.0000
2026-09-09T16:22:39Z,1bc71e3,main,gjk_epa_3d_cyl_box,79609.0000,avg,79609.0000,76823.0000,144220.0000,100,net,1329.0000
2026-09-09T16:22:39Z,1bc71e3,main,mpr_penetration_boxes,13046.0000,avg,13046.0000,11877.0000,18640.0000,200,net,1329.0000
2026-09-09T16:22:39Z,1bc71e3,main,gjk_epa_boxes,13311.0000,avg,13311.0000,11995.0000,17790.0000,200,net,1329.0000
2026-09-09T16:22:39Z,1bc71e3,main,gjk_epa_spheres,405228.0000,avg,405228.0000,389922.0000,450614.0000,200,net,1329.0000
2026-09-09T16:22:39Z,1bc71e3,main,gjk_epa_sphere_box,78477.0000,avg,78477.0000,75706.0000,128785.0000,200,net,1329.0000
2026-09-09T16:22:39Z,1bc71e3,main,gjk_intersect_box_miss,455,avg,455,437,469,40000,net,1329.0000
2026-09-09T16:22:39Z,1bc71e3,main,gjk_intersect_sph_miss,657,avg,657,637,676,40000,net,1329.0000
2026-09-09T16:22:39Z,1bc71e3,main,gjk_intersect_box_hit,1011.0000,avg,1011.0000,972,1100.0000,10000,net,1329.0000
2026-09-09T16:22:39Z,1bc71e3,main,gjk_intersect_tangent,1163.0000,avg,1163.0000,1115.0000,1297.0000,10000,net,1329.0000
2026-09-09T16:22:39Z,1bc71e3,main,mpr_intersect_box_miss,955,avg,955,929,985,40000,net,1329.0000
2026-09-09T16:22:39Z,1bc71e3,main,mpr_intersect_box_hit,3383.0000,avg,3383.0000,3280.0000,3548.0000,10000,net,1329.0000
2026-09-09T16:22:39Z,1bc71e3,main,mpr_intersect_tangent,3497.0000,avg,3497.0000,3412.0000,3683.0000,10000,net,1329.0000
2026-09-09T16:22:39Z,1bc71e3,main,bvh_scatter_4k,4666000.0000,avg,4666000.0000,4666000.0000,4666000.0000,5,net,1329.0000
2026-09-09T16:22:39Z,1bc71e3,main,spatial_hash_query_2k,366498.0000,avg,366498.0000,366498.0000,366498.0000,5,net,1329.0000
2026-09-09T16:22:39Z,1bc71e3,main,num_dct_1024,272115.0000,avg,272115.0000,272115.0000,272115.0000,10,net,1329.0000
2026-09-09T16:22:39Z,1bc71e3,main,num_dst_1024,6555000.0000,avg,6555000.0000,6555000.0000,6555000.0000,10,net,1329.0000
2026-09-09T16:22:39Z,1bc71e3,main,num_dct_1023,1581000.0000,avg,1581000.0000,1581000.0000,1581000.0000,10,net,1329.0000
2026-09-09T16:22:39Z,1bc71e3,main,num_dst_1023,432806.0000,avg,432806.0000,432806.0000,432806.0000,10,net,1329.0000
2026-09-09T16:55:50Z,a6eb77f,main,vec3_add,16,avg,16,15,44,400000,net,1321.0000
2026-09-09T16:55:50Z,a6eb77f,main,vec3_cross,30,avg,30,26,89,400000,net,1321.0000
2026-09-09T16:55:50Z,a6eb77f,main,vec3_normalize,31,avg,31,29,58,400000,net,1321.0000
2026-09-09T16:55:50Z,a6eb77f,main,vec3_dot_x64,386,avg,386,358,668,200000,net,1321.0000
2026-09-09T16:55:50Z,a6eb77f,main,vec4_dot_x64,295,avg,295,275,374,400000,net,1321.0000
2026-09-09T16:55:50Z,a6eb77f,main,m4_mul_x16,1959.0000,avg,1959.0000,1746.0000,4731.0000,200000,net,1321.0000
2026-09-09T16:55:50Z,a6eb77f,main,m4_transform_x64,2801.0000,avg,2801.0000,2482.0000,5529.0000,200000,net,1321.0000
2026-09-09T16:55:50Z,a6eb77f,main,quat_mul,39,avg,39,36,127,1000000,net,1321.0000
2026-09-09T16:55:50Z,a6eb77f,main,quat_slerp,243,avg,243,232,284,400000,net,1321.0000
2026-09-09T16:55:50Z,a6eb77f,main,quat_rotate_vec3,41,avg,41,36,87,400000,net,1321.0000
2026-09-09T16:55:50Z,a6eb77f,main,m4_mul,121,avg,121,111,152,400000,net,1321.0000
2026-09-09T16:55:50Z,a6eb77f,main,m4_inverse,249,avg,249,235,289,400000,net,1321.0000
2026-09-09T16:55:50Z,a6eb77f,main,m4_transform_point,94,avg,94,86,133,400000,net,1321.0000
2026-09-09T16:55:50Z,a6eb77f,main,t3d_compose,153,avg,153,139,216,400000,net,1321.0000
2026-09-09T16:55:50Z,a6eb77f,main,jet_sphere,193,avg,193,179,249,400000,net,1321.0000
2026-09-09T16:55:50Z,a6eb77f,main,jet_plane,102,avg,102,91,139,400000,net,1321.0000
2026-09-09T16:55:50Z,a6eb77f,main,jet_triangle,471,avg,471,436,512,400000,net,1321.0000
2026-09-09T16:55:50Z,a6eb77f,main,jet_aabb,187,avg,187,174,218,400000,net,1321.0000
2026-09-09T16:55:50Z,a6eb77f,main,jet_obb,560,avg,560,523,843,400000,net,1321.0000
2026-09-09T16:55:50Z,a6eb77f,main,jet_capsule,720,avg,720,670,1456.0000,400000,net,1321.0000
2026-09-09T16:55:50Z,a6eb77f,main,grad_fwd_16,44611.0000,avg,44611.0000,43547.0000,48162.0000,40000,net,1321.0000
2026-09-09T16:55:50Z,a6eb77f,main,grad_rev_16,4543.0000,avg,4543.0000,4365.0000,4803.0000,40000,net,1321.0000
2026-09-09T16:55:50Z,a6eb77f,main,ray_obb,294,avg,294,268,557,400000,net,1321.0000
2026-09-09T16:55:50Z,a6eb77f,main,ray_aabb_diag,69,avg,69,64,97,400000,net,1321.0000
2026-09-09T16:55:50Z,a6eb77f,main,ray_capsule_diag,546,avg,546,504,731,400000,net,1321.0000
2026-09-09T16:55:50Z,a6eb77f,main,ray_capsule,395,avg,395,370,496,400000,net,1321.0000
2026-09-09T16:55:50Z,a6eb77f,main,ray_sphere,58,avg,58,54,96,400000,net,1321.0000
2026-09-09T16:55:50Z,a6eb77f,main,ray_aabb,43,avg,43,41,60,400000,net,1321.0000
2026-09-09T16:55:50Z,a6eb77f,main,ray_triangle,141,avg,141,130,227,400000,net,1321.0000
2026-09-09T16:55:50Z,a6eb77f,main,srgb_to_linear,100,avg,100,91,158,400000,net,1321.0000
2026-09-09T16:55:50Z,a6eb77f,main,tonemap_reinhard,22,avg,22,21,53,400000,net,1321.0000
2026-09-09T16:55:50Z,a6eb77f,main,calc_derivative,91,avg,91,84,100,400000,net,1321.0000
2026-09-09T16:55:50Z,a6eb77f,main,calc_integral_simpson,4923.0000,avg,4923.0000,4583.0000,7767.0000,100000,net,1321.0000
2026-09-09T16:55:50Z,a6eb77f,main,num_gcd,25,avg,25,24,32,400000,net,1321.0000
2026-09-09T16:55:50Z,a6eb77f,main,num_is_prime,20103.0000,avg,20103.0000,17484.0000,116692.0000,500000,net,1321.0000
2026-09-09T16:55:50Z,a6eb77f,main,cx_mul,23,avg,23,21,61,1000000,net,1321.0000
2026-09-09T16:55:50Z,a6eb77f,main,ease_in_out,6,avg,6,6,65,1000000,net,1321.0000
2026-09-09T16:55:50Z,a6eb77f,main,perlin_2d,74,avg,74,70,266,200000,net,1321.0000
2026-09-09T16:55:50Z,a6eb77f,main,convex_hull_2d_2k,1715000.0000,avg,1715000.0000,1697000.0000,1728000.0000,20,net,1321.0000
2026-09-09T16:55:50Z,a6eb77f,main,halfedge_2k_tris,730314.0000,avg,730314.0000,689270.0000,759530.0000,20,net,1321.0000
2026-09-09T16:55:50Z,a6eb77f,main,bvh_degenerate_4k,2343000.0000,avg,2343000.0000,2343000.0000,2343000.0000,3,net,1321.0000
2026-09-09T16:55:50Z,a6eb77f,main,bvh_query_ray_200x4k,977974.0000,avg,977974.0000,977974.0000,977974.0000,5,net,1321.0000
2026-09-09T16:55:50Z,a6eb77f,main,kdtree_build_4k,2358000.0000,avg,2358000.0000,2358000.0000,2358000.0000,5,net,1321.0000
2026-09-09T16:55:50Z,a6eb77f,main,kdtree_build_octave_512,536574.0000,avg,536574.0000,528774.0000,571098.0000,20,net,1321.0000
2026-09-09T16:55:50Z,a6eb77f,main,einsum_matmul_2x2,958,avg,958,913,1307.0000,20000,net,1321.0000
2026-09-09T16:55:50Z,a6eb77f,main,einsum_trace_2x2,423,avg,423,397,458,20000,net,1321.0000
2026-09-09T16:55:50Z,a6eb77f,main,kdtree_radius_4k,665,avg,665,506,679,200,net,1321.0000
2026-09-09T16:55:50Z,a6eb77f,main,delaunay_2d_400,1396000.0000,avg,1396000.0000,1396000.0000,1396000.0000,3,net,1321.0000
2026-09-09T16:55:50Z,a6eb77f,main,delaunay_2d_circle_150,360266.0000,avg,360266.0000,360266.0000,360266.0000,3,net,1321.0000
2026-09-09T16:55:50Z,a6eb77f,main,triangulate_600gon,1582000.0000,avg,1582000.0000,1582000.0000,1582000.0000,3,net,1321.0000
2026-09-09T16:55:50Z,a6eb77f,main,triangulate_comb_600,5336000.0000,avg,5336000.0000,5336000.0000,5336000.0000,3,net,1321.0000
2026-09-09T16:55:50Z,a6eb77f,main,triangulate_hex_6,1188.0000,avg,1188.0000,1113.0000,1724.0000,20000,net,1321.0000
2026-09-09T16:55:50Z,a6eb77f,main,svd_golub_kahan_12,111304.0000,avg,111304.0000,110672.0000,117340.0000,20,net,1321.0000
2026-09-09T16:55:50Z,a6eb77f,main,eigen_qr_12,84076.0000,avg,84076.0000,82418.0000,85771.0000,20,net,1321.0000
2026-09-09T16:55:50Z,a6eb77f,main,gjk_epa_3d_cyl_box,80411.0000,avg,80411.0000,76482.0000,141853.0000,100,net,1321.0000
2026-09-09T16:55:50Z,a6eb77f,main,mpr_penetration_boxes,12652.0000,avg,12652.0000,11699.0000,16951.0000,200,net,1321.0000
2026-09-09T16:55:50Z,a6eb77f,main,gjk_epa_boxes,13132.0000,avg,13132.0000,11734.0000,18047.0000,200,net,1321.0000
2026-09-09T16:55:50Z,a6eb77f,main,gjk_epa_spheres,406666.0000,avg,406666.0000,388463.0000,465428.0000,200,net,1321.0000
2026-09-09T16:55:50Z,a6eb77f,main,gjk_epa_sphere_box,79205.0000,avg,79205.0000,75574.0000,149746.0000,200,net,1321.0000
2026-09-09T16:55:50Z,a6eb77f,main,gjk_intersect_box_miss,462,avg,462,443,495,40000,net,1321.0000
2026-09-09T16:55:50Z,a6eb77f,main,gjk_intersect_sph_miss,672,avg,672,638,704,40000,net,1321.0000
2026-09-09T16:55:50Z,a6eb77f,main,gjk_intersect_box_hit,1080.0000,avg,1080.0000,1033.0000,1179.0000,10000,net,1321.0000
2026-09-09T16:55:50Z,a6eb77f,main,gjk_intersect_tangent,1166.0000,avg,1166.0000,1116.0000,1250.0000,10000,net,1321.0000
2026-09-09T16:55:50Z,a6eb77f,main,mpr_intersect_box_miss,968,avg,968,930,1012.0000,40000,net,1321.0000
2026-09-09T16:55:50Z,a6eb77f,main,mpr_intersect_box_hit,3423.0000,avg,3423.0000,3318.0000,3528.0000,10000,net,1321.0000
2026-09-09T16:55:50Z,a6eb77f,main,mpr_intersect_tangent,3552.0000,avg,3552.0000,3423.0000,3801.0000,10000,net,1321.0000
2026-09-09T16:55:50Z,a6eb77f,main,bvh_scatter_4k,4781000.0000,avg,4781000.0000,4781000.0000,4781000.0000,5,net,1321.0000
2026-09-09T16:55:50Z,a6eb77f,main,spatial_hash_query_2k,410849.0000,avg,410849.0000,410849.0000,410849.0000,5,net,1321.0000
2026-09-09T16:55:50Z,a6eb77f,main,num_dct_1024,277752.0000,avg,277752.0000,277752.0000,277752.0000,10,net,1321.0000
2026-09-09T16:55:50Z,a6eb77f,main,num_dst_1024,6655000.0000,avg,6655000.0000,6655000.0000,6655000.0000,10,net,1321.0000
2026-09-09T16:55:50Z,a6eb77f,main,num_dct_1023,1584000.0000,avg,1584000.0000,1584000.0000,1584000.0000,10,net,1321.0000
2026-09-09T16:55:50Z,a6eb77f,main,num_dst_1023,438589.0000,avg,438589.0000,438589.0000,438589.0000,10,net,1321.0000
2026-09-09T16:56:39Z,a6eb77f,main,vec3_add,17,avg,17,16,43,400000,net,1332.0000
2026-09-09T16:56:39Z,a6eb77f,main,vec3_cross,29,avg,29,26,57,400000,net,1332.0000
2026-09-09T16:56:39Z,a6eb77f,main,vec3_normalize,31,avg,31,29,59,400000,net,1332.0000
2026-09-09T16:56:39Z,a6eb77f,main,vec3_dot_x64,385,avg,385,364,465,200000,net,1332.0000
2026-09-09T16:56:39Z,a6eb77f,main,vec4_dot_x64,287,avg,287,277,303,400000,net,1332.0000
2026-09-09T16:56:39Z,a6eb77f,main,m4_mul_x16,1935.0000,avg,1935.0000,1743.0000,3286.0000,200000,net,1332.0000
2026-09-09T16:56:39Z,a6eb77f,main,m4_transform_x64,2761.0000,avg,2761.0000,2480.0000,6483.0000,200000,net,1332.0000
2026-09-09T16:56:39Z,a6eb77f,main,quat_mul,38,avg,38,34,53,1000000,net,1332.0000
2026-09-09T16:56:39Z,a6eb77f,main,quat_slerp,245,avg,245,232,316,400000,net,1332.0000
2026-09-09T16:56:39Z,a6eb77f,main,quat_rotate_vec3,38,avg,38,36,64,400000,net,1332.0000
2026-09-09T16:56:39Z,a6eb77f,main,m4_mul,124,avg,124,111,247,400000,net,1332.0000
2026-09-09T16:56:39Z,a6eb77f,main,m4_inverse,252,avg,252,237,303,400000,net,1332.0000
2026-09-09T16:56:39Z,a6eb77f,main,m4_transform_point,95,avg,95,86,130,400000,net,1332.0000
2026-09-09T16:56:39Z,a6eb77f,main,t3d_compose,152,avg,152,140,198,400000,net,1332.0000
2026-09-09T16:56:39Z,a6eb77f,main,jet_sphere,199,avg,199,180,233,400000,net,1332.0000
2026-09-09T16:56:39Z,a6eb77f,main,jet_plane,103,avg,103,92,134,400000,net,1332.0000
2026-09-09T16:56:39Z,a6eb77f,main,jet_triangle,465,avg,465,437,522,400000,net,1332.0000
2026-09-09T16:56:39Z,a6eb77f,main,jet_aabb,185,avg,185,174,227,400000,net,1332.0000
2026-09-09T16:56:39Z,a6eb77f,main,jet_obb,549,avg,549,522,597,400000,net,1332.0000
2026-09-09T16:56:39Z,a6eb77f,main,jet_capsule,719,avg,719,684,769,400000,net,1332.0000
2026-09-09T16:56:39Z,a6eb77f,main,grad_fwd_16,44755.0000,avg,44755.0000,43525.0000,48252.0000,40000,net,1332.0000
2026-09-09T16:56:39Z,a6eb77f,main,grad_rev_16,4570.0000,avg,4570.0000,4391.0000,4844.0000,40000,net,1332.0000
2026-09-09T16:56:39Z,a6eb77f,main,ray_obb,282,avg,282,267,329,400000,net,1332.0000
2026-09-09T16:56:39Z,a6eb77f,main,ray_aabb_diag,65,avg,65,61,75,400000,net,1332.0000
2026-09-09T16:56:39Z,a6eb77f,main,ray_capsule_diag,528,avg,528,499,574,400000,net,1332.0000
2026-09-09T16:56:39Z,a6eb77f,main,ray_capsule,386,avg,386,363,430,400000,net,1332.0000
2026-09-09T16:56:39Z,a6eb77f,main,ray_sphere,57,avg,57,53,88,400000,net,1332.0000
2026-09-09T16:56:39Z,a6eb77f,main,ray_aabb,42,avg,42,40,51,400000,net,1332.0000
2026-09-09T16:56:39Z,a6eb77f,main,ray_triangle,137,avg,137,128,168,400000,net,1332.0000
2026-09-09T16:56:39Z,a6eb77f,main,srgb_to_linear,96,avg,96,91,106,400000,net,1332.0000
2026-09-09T16:56:39Z,a6eb77f,main,tonemap_reinhard,22,avg,22,21,69,400000,net,1332.0000
2026-09-09T16:56:39Z,a6eb77f,main,calc_derivative,91,avg,91,86,99,400000,net,1332.0000
2026-09-09T16:56:39Z,a6eb77f,main,calc_integral_simpson,4870.0000,avg,4870.0000,4580.0000,6608.0000,100000,net,1332.0000
2026-09-09T16:56:39Z,a6eb77f,main,num_gcd,26,avg,26,24,39,400000,net,1332.0000
2026-09-09T16:56:39Z,a6eb77f,main,num_is_prime,20110.0000,avg,20110.0000,17401.0000,100593.0000,500000,net,1332.0000
2026-09-09T16:56:39Z,a6eb77f,main,cx_mul,23,avg,23,21,207,1000000,net,1332.0000
2026-09-09T16:56:39Z,a6eb77f,main,ease_in_out,6,avg,6,6,39,1000000,net,1332.0000
2026-09-09T16:56:39Z,a6eb77f,main,perlin_2d,74,avg,74,70,217,200000,net,1332.0000
2026-09-09T16:56:39Z,a6eb77f,main,convex_hull_2d_2k,1698000.0000,avg,1698000.0000,1673000.0000,1761000.0000,20,net,1332.0000
2026-09-09T16:56:39Z,a6eb77f,main,halfedge_2k_tris,723962.0000,avg,723962.0000,699595.0000,726955.0000,20,net,1332.0000
2026-09-09T16:56:39Z,a6eb77f,main,bvh_degenerate_4k,2355000.0000,avg,2355000.0000,2355000.0000,2355000.0000,3,net,1332.0000
2026-09-09T16:56:39Z,a6eb77f,main,bvh_query_ray_200x4k,944923.0000,avg,944923.0000,944923.0000,944923.0000,5,net,1332.0000
2026-09-09T16:56:39Z,a6eb77f,main,kdtree_build_4k,2318000.0000,avg,2318000.0000,2318000.0000,2318000.0000,5,net,1332.0000
2026-09-09T16:56:39Z,a6eb77f,main,kdtree_build_octave_512,539746.0000,avg,539746.0000,529881.0000,569760.0000,20,net,1332.0000
2026-09-09T16:56:39Z,a6eb77f,main,einsum_matmul_2x2,993,avg,993,933,1339.0000,20000,net,1332.0000
2026-09-09T16:56:39Z,a6eb77f,main,einsum_trace_2x2,449,avg,449,429,514,20000,net,1332.0000
2026-09-09T16:56:39Z,a6eb77f,main,kdtree_radius_4k,669,avg,669,514,682,200,net,1332.0000
2026-09-09T16:56:39Z,a6eb77f,main,delaunay_2d_400,1422000.0000,avg,1422000.0000,1422000.0000,1422000.0000,3,net,1332.0000
2026-09-09T16:56:39Z,a6eb77f,main,delaunay_2d_circle_150,373602.0000,avg,373602.0000,373602.0000,373602.0000,3,net,1332.0000
2026-09-09T16:56:39Z,a6eb77f,main,triangulate_600gon,1577000.0000,avg,1577000.0000,1577000.0000,1577000.0000,3,net,1332.0000
2026-09-09T16:56:39Z,a6eb77f,main,triangulate_comb_600,5608000.0000,avg,5608000.0000,5608000.0000,5608000.0000,3,net,1332.0000
2026-09-09T16:56:39Z,a6eb77f,main,triangulate_hex_6,1229.0000,avg,1229.0000,1167.0000,1706.0000,20000,net,1332.0000
2026-09-09T16:56:39Z,a6eb77f,main,svd_golub_kahan_12,118002.0000,avg,118002.0000,117795.0000,119354.0000,20,net,1332.0000
2026-09-09T16:56:39Z,a6eb77f,main,eigen_qr_12,89081.0000,avg,89081.0000,87297.0000,89510.0000,20,net,1332.0000
2026-09-09T16:56:39Z,a6eb77f,main,gjk_epa_3d_cyl_box,84009.0000,avg,84009.0000,81011.0000,134021.0000,100,net,1332.0000
2026-09-09T16:56:39Z,a6eb77f,main,mpr_penetration_boxes,13252.0000,avg,13252.0000,12299.0000,17606.0000,200,net,1332.0000
2026-09-09T16:56:39Z,a6eb77f,main,gjk_epa_boxes,13415.0000,avg,13415.0000,12411.0000,17913.0000,200,net,1332.0000
2026-09-09T16:56:39Z,a6eb77f,main,gjk_epa_spheres,415210.0000,avg,415210.0000,389360.0000,479875.0000,200,net,1332.0000
2026-09-09T16:56:39Z,a6eb77f,main,gjk_epa_sphere_box,81685.0000,avg,81685.0000,75773.0000,160350.0000,200,net,1332.0000
2026-09-09T16:56:39Z,a6eb77f,main,gjk_intersect_box_miss,461,avg,461,438,489,40000,net,1332.0000
2026-09-09T16:56:39Z,a6eb77f,main,gjk_intersect_sph_miss,665,avg,665,637,690,40000,net,1332.0000
2026-09-09T16:56:39Z,a6eb77f,main,gjk_intersect_box_hit,1033.0000,avg,1033.0000,981,1237.0000,10000,net,1332.0000
2026-09-09T16:56:39Z,a6eb77f,main,gjk_intersect_tangent,1175.0000,avg,1175.0000,1121.0000,1299.0000,10000,net,1332.0000
2026-09-09T16:56:39Z,a6eb77f,main,mpr_intersect_box_miss,971,avg,971,950,1005.0000,40000,net,1332.0000
2026-09-09T16:56:39Z,a6eb77f,main,mpr_intersect_box_hit,3435.0000,avg,3435.0000,3322.0000,3626.0000,10000,net,1332.0000
2026-09-09T16:56:39Z,a6eb77f,main,mpr_intersect_tangent,3623.0000,avg,3623.0000,3427.0000,4034.0000,10000,net,1332.0000
2026-09-09T16:56:39Z,a6eb77f,main,bvh_scatter_4k,4743000.0000,avg,4743000.0000,4743000.0000,4743000.0000,5,net,1332.0000
2026-09-09T16:56:39Z,a6eb77f,main,spatial_hash_query_2k,373356.0000,avg,373356.0000,373356.0000,373356.0000,5,net,1332.0000
2026-09-09T16:56:39Z,a6eb77f,main,num_dct_1024,283638.0000,avg,283638.0000,283638.0000,283638.0000,10,net,1332.0000
2026-09-09T16:56:39Z,a6eb77f,main,num_dst_1024,6618000.0000,avg,6618000.0000,6618000.0000,6618000.0000,10,net,1332.0000
2026-09-09T16:56:39Z,a6eb77f,main,num_dct_1023,1668000.0000,avg,1668000.0000,1668000.0000,1668000.0000,10,net,1332.0000
2026-09-09T16:56:39Z,a6eb77f,main,num_dst_1023,456517.0000,avg,456517.0000,456517.0000,456517.0000,10,net,1332.0000
2026-09-09T21:39:35Z,1066582,main,vec3_add,17,avg,17,16,43,400000,net,1329.0000
2026-09-09T21:39:35Z,1066582,main,vec3_cross,29,avg,29,26,55,400000,net,1329.0000
2026-09-09T21:39:35Z,1066582,main,vec3_normalize,31,avg,31,29,58,400000,net,1329.0000
2026-09-09T21:39:35Z,1066582,main,vec3_dot_x64,381,avg,381,363,543,200000,net,1329.0000
2026-09-09T21:39:35Z,1066582,main,vec4_dot_x64,286,avg,286,275,494,400000,net,1329.0000
2026-09-09T21:39:35Z,1066582,main,m4_mul_x16,1919.0000,avg,1919.0000,1743.0000,4548.0000,200000,net,1329.0000
2026-09-09T21:39:35Z,1066582,main,m4_transform_x64,2788.0000,avg,2788.0000,2509.0000,5569.0000,200000,net,1329.0000
2026-09-09T21:39:35Z,1066582,main,quat_mul,38,avg,38,35,69,1000000,net,1329.0000
2026-09-09T21:39:35Z,1066582,main,quat_slerp,240,avg,240,233,266,400000,net,1329.0000
2026-09-09T21:39:35Z,1066582,main,quat_rotate_vec3,38,avg,38,36,80,400000,net,1329.0000
2026-09-09T21:39:35Z,1066582,main,m4_mul,121,avg,121,114,158,400000,net,1329.0000
2026-09-09T21:39:35Z,1066582,main,m4_inverse,244,avg,244,235,281,400000,net,1329.0000
2026-09-09T21:39:35Z,1066582,main,m4_transform_point,92,avg,92,86,120,400000,net,1329.0000
2026-09-09T21:39:35Z,1066582,main,t3d_compose,152,avg,152,143,193,400000,net,1329.0000
2026-09-09T21:39:35Z,1066582,main,jet_sphere,197,avg,197,185,231,400000,net,1329.0000
2026-09-09T21:39:35Z,1066582,main,jet_plane,105,avg,105,95,149,400000,net,1329.0000
2026-09-09T21:39:35Z,1066582,main,jet_triangle,462,avg,462,439,566,400000,net,1329.0000
2026-09-09T21:39:35Z,1066582,main,jet_aabb,178,avg,178,168,218,400000,net,1329.0000
2026-09-09T21:39:35Z,1066582,main,jet_obb,548,avg,548,524,635,400000,net,1329.0000
2026-09-09T21:39:35Z,1066582,main,jet_capsule,698,avg,698,674,745,400000,net,1329.0000
2026-09-09T21:39:35Z,1066582,main,grad_fwd_16,44853.0000,avg,44853.0000,44306.0000,47630.0000,40000,net,1329.0000
2026-09-09T21:39:35Z,1066582,main,grad_rev_16,4471.0000,avg,4471.0000,4393.0000,4718.0000,40000,net,1329.0000
2026-09-09T21:39:35Z,1066582,main,ray_obb,277,avg,277,266,355,400000,net,1329.0000
2026-09-09T21:39:35Z,1066582,main,ray_aabb_diag,65,avg,65,61,78,400000,net,1329.0000
2026-09-09T21:39:35Z,1066582,main,ray_capsule_diag,516,avg,516,497,586,400000,net,1329.0000
2026-09-09T21:39:35Z,1066582,main,ray_capsule,391,avg,391,363,475,400000,net,1329.0000
2026-09-09T21:39:35Z,1066582,main,ray_sphere,57,avg,57,53,87,400000,net,1329.0000
2026-09-09T21:39:35Z,1066582,main,ray_aabb,44,avg,44,43,52,400000,net,1329.0000
2026-09-09T21:39:35Z,1066582,main,ray_triangle,142,avg,142,134,169,400000,net,1329.0000
2026-09-09T21:39:35Z,1066582,main,srgb_to_linear,97,avg,97,91,107,400000,net,1329.0000
2026-09-09T21:39:35Z,1066582,main,tonemap_reinhard,22,avg,22,21,46,400000,net,1329.0000
2026-09-09T21:39:35Z,1066582,main,calc_derivative,90,avg,90,86,101,400000,net,1329.0000
2026-09-09T21:39:35Z,1066582,main,calc_integral_simpson,4822.0000,avg,4822.0000,4549.0000,7654.0000,100000,net,1329.0000
2026-09-09T21:39:35Z,1066582,main,num_gcd,25,avg,25,24,31,400000,net,1329.0000
2026-09-09T21:39:35Z,1066582,main,num_is_prime,19140.0000,avg,19140.0000,17122.0000,97747.0000,500000,net,1329.0000
2026-09-09T21:39:35Z,1066582,main,cx_mul,22,avg,22,21,65,1000000,net,1329.0000
2026-09-09T21:39:35Z,1066582,main,ease_in_out,7,avg,7,6,34,1000000,net,1329.0000
2026-09-09T21:39:35Z,1066582,main,perlin_2d,73,avg,73,70,239,200000,net,1329.0000
2026-09-09T21:39:35Z,1066582,main,convex_hull_2d_2k,1683000.0000,avg,1683000.0000,1679000.0000,1740000.0000,20,net,1329.0000
2026-09-09T21:39:35Z,1066582,main,halfedge_2k_tris,727839.0000,avg,727839.0000,682557.0000,739826.0000,20,net,1329.0000
2026-09-09T21:39:35Z,1066582,main,bvh_degenerate_4k,2313000.0000,avg,2313000.0000,2313000.0000,2313000.0000,3,net,1329.0000
2026-09-09T21:39:35Z,1066582,main,bvh_query_ray_200x4k,935565.0000,avg,935565.0000,935565.0000,935565.0000,5,net,1329.0000
2026-09-09T21:39:35Z,1066582,main,kdtree_build_4k,2270000.0000,avg,2270000.0000,2270000.0000,2270000.0000,5,net,1329.0000
2026-09-09T21:39:35Z,1066582,main,kdtree_build_octave_512,528149.0000,avg,528149.0000,522760.0000,538195.0000,20,net,1329.0000
2026-09-09T21:39:35Z,1066582,main,einsum_matmul_2x2,956,avg,956,916,1293.0000,20000,net,1329.0000
2026-09-09T21:39:35Z,1066582,main,einsum_trace_2x2,422,avg,422,397,502,20000,net,1329.0000
2026-09-09T21:39:35Z,1066582,main,kdtree_radius_4k,665,avg,665,528,677,200,net,1329.0000
2026-09-09T21:39:35Z,1066582,main,delaunay_2d_400,1381000.0000,avg,1381000.0000,1381000.0000,1381000.0000,3,net,1329.0000
2026-09-09T21:39:35Z,1066582,main,delaunay_2d_circle_150,357237.0000,avg,357237.0000,357237.0000,357237.0000,3,net,1329.0000
2026-09-09T21:39:35Z,1066582,main,triangulate_600gon,1537000.0000,avg,1537000.0000,1537000.0000,1537000.0000,3,net,1329.0000
2026-09-09T21:39:35Z,1066582,main,triangulate_comb_600,5228000.0000,avg,5228000.0000,5228000.0000,5228000.0000,3,net,1329.0000
2026-09-09T21:39:35Z,1066582,main,triangulate_hex_6,1172.0000,avg,1172.0000,1102.0000,1621.0000,20000,net,1329.0000
2026-09-09T21:39:35Z,1066582,main,svd_golub_kahan_12,116484.0000,avg,116484.0000,112932.0000,119985.0000,20,net,1329.0000
2026-09-09T21:39:35Z,1066582,main,eigen_qr_12,87423.0000,avg,87423.0000,85413.0000,96798.0000,20,net,1329.0000
2026-09-09T21:39:35Z,1066582,main,gjk_epa_3d_cyl_box,80111.0000,avg,80111.0000,76195.0000,129903.0000,100,net,1329.0000
2026-09-09T21:39:35Z,1066582,main,mpr_penetration_boxes,12639.0000,avg,12639.0000,11680.0000,17956.0000,200,net,1329.0000
2026-09-09T21:39:35Z,1066582,main,gjk_epa_boxes,12614.0000,avg,12614.0000,11623.0000,16943.0000,200,net,1329.0000
2026-09-09T21:39:35Z,1066582,main,gjk_epa_spheres,407445.0000,avg,407445.0000,387128.0000,498386.0000,200,net,1329.0000
2026-09-09T21:39:35Z,1066582,main,gjk_epa_sphere_box,78896.0000,avg,78896.0000,74937.0000,131789.0000,200,net,1329.0000
2026-09-09T21:39:35Z,1066582,main,gjk_intersect_box_miss,475,avg,475,453,508,40000,net,1329.0000
2026-09-09T21:39:35Z,1066582,main,gjk_intersect_sph_miss,680,avg,680,648,704,40000,net,1329.0000
2026-09-09T21:39:35Z,1066582,main,gjk_intersect_box_hit,1037.0000,avg,1037.0000,989,1146.0000,10000,net,1329.0000
2026-09-09T21:39:35Z,1066582,main,gjk_intersect_tangent,1172.0000,avg,1172.0000,1135.0000,1258.0000,10000,net,1329.0000
2026-09-09T21:39:35Z,1066582,main,mpr_intersect_box_miss,976,avg,976,944,1032.0000,40000,net,1329.0000
2026-09-09T21:39:35Z,1066582,main,mpr_intersect_box_hit,3414.0000,avg,3414.0000,3298.0000,3564.0000,10000,net,1329.0000
2026-09-09T21:39:35Z,1066582,main,mpr_intersect_tangent,3489.0000,avg,3489.0000,3397.0000,3582.0000,10000,net,1329.0000
2026-09-09T21:39:35Z,1066582,main,bvh_scatter_4k,4739000.0000,avg,4739000.0000,4739000.0000,4739000.0000,5,net,1329.0000
2026-09-09T21:39:35Z,1066582,main,spatial_hash_query_2k,371178.0000,avg,371178.0000,371178.0000,371178.0000,5,net,1329.0000
2026-09-09T21:39:35Z,1066582,main,num_dct_1024,268958.0000,avg,268958.0000,268958.0000,268958.0000,10,net,1329.0000
2026-09-09T21:39:35Z,1066582,main,num_dst_1024,6454000.0000,avg,6454000.0000,6454000.0000,6454000.0000,10,net,1329.0000
2026-09-09T21:39:35Z,1066582,main,num_dct_1023,1565000.0000,avg,1565000.0000,1565000.0000,1565000.0000,10,net,1329.0000
2026-09-09T21:39:35Z,1066582,main,num_dst_1023,430997.0000,avg,430997.0000,430997.0000,430997.0000,10,net,1329.0000
2026-09-09T21:40:01Z,1066582,main,vec3_add,17,avg,17,16,41,400000,net,1329.0000
2026-09-09T21:40:01Z,1066582,main,vec3_cross,29,avg,29,27,55,400000,net,1329.0000
2026-09-09T21:40:01Z,1066582,main,vec3_normalize,34,avg,34,32,71,400000,net,1329.0000
2026-09-09T21:40:01Z,1066582,main,vec3_dot_x64,498,avg,498,473,612,200000,net,1329.0000
2026-09-09T21:40:01Z,1066582,main,vec4_dot_x64,429,avg,429,419,456,400000,net,1329.0000
2026-09-09T21:40:01Z,1066582,main,m4_mul_x16,1914.0000,avg,1914.0000,1734.0000,3379.0000,200000,net,1329.0000
2026-09-09T21:40:01Z,1066582,main,m4_transform_x64,2732.0000,avg,2732.0000,2481.0000,5707.0000,200000,net,1329.0000
2026-09-09T21:40:01Z,1066582,main,quat_mul,39,avg,39,36,65,1000000,net,1329.0000
2026-09-09T21:40:01Z,1066582,main,quat_slerp,241,avg,241,232,265,400000,net,1329.0000
2026-09-09T21:40:01Z,1066582,main,quat_rotate_vec3,40,avg,40,37,85,400000,net,1329.0000
2026-09-09T21:40:01Z,1066582,main,m4_mul,120,avg,120,111,157,400000,net,1329.0000
2026-09-09T21:40:01Z,1066582,main,m4_inverse,245,avg,245,235,287,400000,net,1329.0000
2026-09-09T21:40:01Z,1066582,main,m4_transform_point,92,avg,92,85,132,400000,net,1329.0000
2026-09-09T21:40:01Z,1066582,main,t3d_compose,148,avg,148,140,185,400000,net,1329.0000
2026-09-09T21:40:01Z,1066582,main,jet_sphere,191,avg,191,179,224,400000,net,1329.0000
2026-09-09T21:40:01Z,1066582,main,jet_plane,100,avg,100,92,125,400000,net,1329.0000
2026-09-09T21:40:01Z,1066582,main,jet_triangle,459,avg,459,437,503,400000,net,1329.0000
2026-09-09T21:40:01Z,1066582,main,jet_aabb,179,avg,179,167,228,400000,net,1329.0000
2026-09-09T21:40:01Z,1066582,main,jet_obb,538,avg,538,519,582,400000,net,1329.0000
2026-09-09T21:40:01Z,1066582,main,jet_capsule,706,avg,706,676,785,400000,net,1329.0000
2026-09-09T21:40:01Z,1066582,main,grad_fwd_16,44127.0000,avg,44127.0000,43356.0000,50662.0000,40000,net,1329.0000
2026-09-09T21:40:01Z,1066582,main,grad_rev_16,4559.0000,avg,4559.0000,4388.0000,6115.0000,40000,net,1329.0000
2026-09-09T21:40:01Z,1066582,main,ray_obb,283,avg,283,268,330,400000,net,1329.0000
2026-09-09T21:40:01Z,1066582,main,ray_aabb_diag,65,avg,65,62,89,400000,net,1329.0000
2026-09-09T21:40:01Z,1066582,main,ray_capsule_diag,524,avg,524,500,565,400000,net,1329.0000
2026-09-09T21:40:01Z,1066582,main,ray_capsule,384,avg,384,367,456,400000,net,1329.0000
2026-09-09T21:40:01Z,1066582,main,ray_sphere,59,avg,59,54,90,400000,net,1329.0000
2026-09-09T21:40:01Z,1066582,main,ray_aabb,42,avg,42,40,59,400000,net,1329.0000
2026-09-09T21:40:01Z,1066582,main,ray_triangle,136,avg,136,128,170,400000,net,1329.0000
2026-09-09T21:40:01Z,1066582,main,srgb_to_linear,96,avg,96,92,109,400000,net,1329.0000
2026-09-09T21:40:01Z,1066582,main,tonemap_reinhard,22,avg,22,21,56,400000,net,1329.0000
2026-09-09T21:40:01Z,1066582,main,calc_derivative,90,avg,90,87,107,400000,net,1329.0000
2026-09-09T21:40:01Z,1066582,main,calc_integral_simpson,4851.0000,avg,4851.0000,4579.0000,6614.0000,100000,net,1329.0000
2026-09-09T21:40:01Z,1066582,main,num_gcd,25,avg,25,24,29,400000,net,1329.0000
2026-09-09T21:40:01Z,1066582,main,num_is_prime,19198.0000,avg,19198.0000,17210.0000,113392.0000,500000,net,1329.0000
2026-09-09T21:40:01Z,1066582,main,cx_mul,23,avg,23,21,126,1000000,net,1329.0000
2026-09-09T21:40:01Z,1066582,main,ease_in_out,7,avg,7,6,39,1000000,net,1329.0000
2026-09-09T21:40:01Z,1066582,main,perlin_2d,75,avg,75,70,248,200000,net,1329.0000
2026-09-09T21:40:01Z,1066582,main,convex_hull_2d_2k,1685000.0000,avg,1685000.0000,1679000.0000,1702000.0000,20,net,1329.0000
2026-09-09T21:40:01Z,1066582,main,halfedge_2k_tris,727508.0000,avg,727508.0000,691985.0000,750024.0000,20,net,1329.0000
2026-09-09T21:40:01Z,1066582,main,bvh_degenerate_4k,2296000.0000,avg,2296000.0000,2296000.0000,2296000.0000,3,net,1329.0000
2026-09-09T21:40:01Z,1066582,main,bvh_query_ray_200x4k,936333.0000,avg,936333.0000,936333.0000,936333.0000,5,net,1329.0000
2026-09-09T21:40:01Z,1066582,main,kdtree_build_4k,2282000.0000,avg,2282000.0000,2282000.0000,2282000.0000,5,net,1329.0000
2026-09-09T21:40:01Z,1066582,main,kdtree_build_octave_512,529892.0000,avg,529892.0000,521643.0000,544690.0000,20,net,1329.0000
2026-09-09T21:40:01Z,1066582,main,einsum_matmul_2x2,977,avg,977,921,1320.0000,20000,net,1329.0000
2026-09-09T21:40:01Z,1066582,main,einsum_trace_2x2,435,avg,435,406,507,20000,net,1329.0000
2026-09-09T21:40:01Z,1066582,main,kdtree_radius_4k,665,avg,665,501,679,200,net,1329.0000
2026-09-09T21:40:01Z,1066582,main,delaunay_2d_400,1453000.0000,avg,1453000.0000,1453000.0000,1453000.0000,3,net,1329.0000
2026-09-09T21:40:01Z,1066582,main,delaunay_2d_circle_150,367737.0000,avg,367737.0000,367737.0000,367737.0000,3,net,1329.0000
2026-09-09T21:40:01Z,1066582,main,triangulate_600gon,1561000.0000,avg,1561000.0000,1561000.0000,1561000.0000,3,net,1329.0000
2026-09-09T21:40:01Z,1066582,main,triangulate_comb_600,5239000.0000,avg,5239000.0000,5239000.0000,5239000.0000,3,net,1329.0000
2026-09-09T21:40:01Z,1066582,main,triangulate_hex_6,1178.0000,avg,1178.0000,1109.0000,1589.0000,20000,net,1329.0000
2026-09-09T21:40:01Z,1066582,main,svd_golub_kahan_12,111445.0000,avg,111445.0000,110624.0000,120195.0000,20,net,1329.0000
2026-09-09T21:40:01Z,1066582,main,eigen_qr_12,83606.0000,avg,83606.0000,82061.0000,83896.0000,20,net,1329.0000
2026-09-09T21:40:01Z,1066582,main,gjk_epa_3d_cyl_box,79634.0000,avg,79634.0000,76684.0000,137027.0000,100,net,1329.0000
2026-09-09T21:40:01Z,1066582,main,mpr_penetration_boxes,12643.0000,avg,12643.0000,11653.0000,17439.0000,200,net,1329.0000
2026-09-09T21:40:01Z,1066582,main,gjk_epa_boxes,12766.0000,avg,12766.0000,11653.0000,17907.0000,200,net,1329.0000
2026-09-09T21:40:01Z,1066582,main,gjk_epa_spheres,405251.0000,avg,405251.0000,391249.0000,486652.0000,200,net,1329.0000
2026-09-09T21:40:01Z,1066582,main,gjk_epa_sphere_box,78769.0000,avg,78769.0000,74798.0000,133325.0000,200,net,1329.0000
2026-09-09T21:40:01Z,1066582,main,gjk_intersect_box_miss,456,avg,456,438,471,40000,net,1329.0000
2026-09-09T21:40:01Z,1066582,main,gjk_intersect_sph_miss,659,avg,659,637,699,40000,net,1329.0000
2026-09-09T21:40:01Z,1066582,main,gjk_intersect_box_hit,1033.0000,avg,1033.0000,972,1217.0000,10000,net,1329.0000
2026-09-09T21:40:01Z,1066582,main,gjk_intersect_tangent,1164.0000,avg,1164.0000,1115.0000,1306.0000,10000,net,1329.0000
2026-09-09T21:40:01Z,1066582,main,mpr_intersect_box_miss,957,avg,957,927,993,40000,net,1329.0000
2026-09-09T21:40:01Z,1066582,main,mpr_intersect_box_hit,3402.0000,avg,3402.0000,3294.0000,3632.0000,10000,net,1329.0000
2026-09-09T21:40:01Z,1066582,main,mpr_intersect_tangent,3543.0000,avg,3543.0000,3383.0000,3760.0000,10000,net,1329.0000
2026-09-09T21:40:01Z,1066582,main,bvh_scatter_4k,4721000.0000,avg,4721000.0000,4721000.0000,4721000.0000,5,net,1329.0000
2026-09-09T21:40:01Z,1066582,main,spatial_hash_query_2k,362517.0000,avg,362517.0000,362517.0000,362517.0000,5,net,1329.0000
2026-09-09T21:40:01Z,1066582,main,num_dct_1024,270634.0000,avg,270634.0000,270634.0000,270634.0000,10,net,1329.0000
2026-09-09T21:40:01Z,1066582,main,num_dst_1024,6496000.0000,avg,6496000.0000,6496000.0000,6496000.0000,10,net,1329.0000
2026-09-09T21:40:01Z,1066582,main,num_dct_1023,1556000.0000,avg,1556000.0000,1556000.0000,1556000.0000,10,net,1329.0000
2026-09-09T21:40:01Z,1066582,main,num_dst_1023,440300.0000,avg,440300.0000,440300.0000,440300.0000,10,net,1329.0000
2026-09-09T22:37:13Z,8387ff8,main,vec3_add,17,avg,17,16,60,400000,net,1340.0000
2026-09-09T22:37:13Z,8387ff8,main,vec3_cross,30,avg,30,28,78,400000,net,1340.0000
2026-09-09T22:37:13Z,8387ff8,main,vec3_normalize,33,avg,33,31,79,400000,net,1340.0000
2026-09-09T22:37:13Z,8387ff8,main,vec3_dot_x64,403,avg,403,372,634,200000,net,1340.0000
2026-09-09T22:37:13Z,8387ff8,main,vec4_dot_x64,301,avg,301,282,433,400000,net,1340.0000
2026-09-09T22:37:13Z,8387ff8,main,m4_mul_x16,3034.0000,avg,3034.0000,1799.0000,21551.0000,200000,net,1340.0000
2026-09-09T22:37:13Z,8387ff8,main,m4_transform_x64,4439.0000,avg,4439.0000,3884.0000,14110.0000,200000,net,1340.0000
2026-09-09T22:37:13Z,8387ff8,main,quat_mul,52,avg,52,47,99,1000000,net,1340.0000
2026-09-09T22:37:13Z,8387ff8,main,quat_slerp,263,avg,263,252,309,400000,net,1340.0000
2026-09-09T22:37:13Z,8387ff8,main,quat_rotate_vec3,49,avg,49,45,88,400000,net,1340.0000
2026-09-09T22:37:13Z,8387ff8,main,m4_mul,183,avg,183,173,237,400000,net,1340.0000
2026-09-09T22:37:13Z,8387ff8,main,m4_inverse,303,avg,303,291,349,400000,net,1340.0000
2026-09-09T22:37:13Z,8387ff8,main,m4_transform_point,136,avg,136,89,184,400000,net,1340.0000
2026-09-09T22:37:13Z,8387ff8,main,t3d_compose,212,avg,212,200,271,400000,net,1340.0000
2026-09-09T22:37:13Z,8387ff8,main,jet_sphere,264,avg,264,186,379,400000,net,1340.0000
2026-09-09T22:37:13Z,8387ff8,main,jet_plane,106,avg,106,95,178,400000,net,1340.0000
2026-09-09T22:37:13Z,8387ff8,main,jet_triangle,647,avg,647,448,876,400000,net,1340.0000
2026-09-09T22:37:13Z,8387ff8,main,jet_aabb,255,avg,255,245,303,400000,net,1340.0000
2026-09-09T22:37:13Z,8387ff8,main,jet_obb,773,avg,773,746,851,400000,net,1340.0000
2026-09-09T22:37:13Z,8387ff8,main,jet_capsule,1006.0000,avg,1006.0000,969,1087.0000,400000,net,1340.0000
2026-09-09T22:37:13Z,8387ff8,main,grad_fwd_16,55093.0000,avg,55093.0000,52584.0000,56910.0000,40000,net,1340.0000
2026-09-09T22:37:13Z,8387ff8,main,grad_rev_16,4871.0000,avg,4871.0000,4806.0000,4963.0000,40000,net,1340.0000
2026-09-09T22:37:13Z,8387ff8,main,ray_obb,376,avg,376,365,426,400000,net,1340.0000
2026-09-09T22:37:13Z,8387ff8,main,ray_aabb_diag,69,avg,69,66,82,400000,net,1340.0000
2026-09-09T22:37:13Z,8387ff8,main,ray_capsule_diag,710,avg,710,665,939,400000,net,1340.0000
2026-09-09T22:37:13Z,8387ff8,main,ray_capsule,503,avg,503,477,559,400000,net,1340.0000
2026-09-09T22:37:13Z,8387ff8,main,ray_sphere,68,avg,68,63,108,400000,net,1340.0000
2026-09-09T22:37:13Z,8387ff8,main,ray_aabb,44,avg,44,42,49,400000,net,1340.0000
2026-09-09T22:37:13Z,8387ff8,main,ray_triangle,186,avg,186,176,229,400000,net,1340.0000
2026-09-09T22:37:13Z,8387ff8,main,srgb_to_linear,99,avg,99,94,107,400000,net,1340.0000
2026-09-09T22:37:13Z,8387ff8,main,tonemap_reinhard,32,avg,32,29,71,400000,net,1340.0000
2026-09-09T22:37:13Z,8387ff8,main,calc_derivative,94,avg,94,90,104,400000,net,1340.0000
2026-09-09T22:37:13Z,8387ff8,main,calc_integral_simpson,5080.0000,avg,5080.0000,4740.0000,8044.0000,100000,net,1340.0000
2026-09-09T22:37:13Z,8387ff8,main,num_gcd,26,avg,26,25,32,400000,net,1340.0000
2026-09-09T22:37:13Z,8387ff8,main,num_is_prime,20073.0000,avg,20073.0000,17568.0000,59432.0000,500000,net,1340.0000
2026-09-09T22:37:13Z,8387ff8,main,cx_mul,24,avg,24,22,69,1000000,net,1340.0000
2026-09-09T22:37:13Z,8387ff8,main,ease_in_out,7,avg,7,6,34,1000000,net,1340.0000
2026-09-09T22:37:13Z,8387ff8,main,perlin_2d,76,avg,76,74,208,200000,net,1340.0000
2026-09-09T22:37:13Z,8387ff8,main,convex_hull_2d_2k,1747000.0000,avg,1747000.0000,1724000.0000,1811000.0000,20,net,1340.0000
2026-09-09T22:37:13Z,8387ff8,main,halfedge_2k_tris,761074.0000,avg,761074.0000,713206.0000,801764.0000,20,net,1340.0000
2026-09-09T22:37:13Z,8387ff8,main,bvh_degenerate_4k,2370000.0000,avg,2370000.0000,2370000.0000,2370000.0000,3,net,1340.0000
2026-09-09T22:37:13Z,8387ff8,main,bvh_query_ray_200x4k,995040.0000,avg,995040.0000,995040.0000,995040.0000,5,net,1340.0000
2026-09-09T22:37:13Z,8387ff8,main,kdtree_build_4k,2394000.0000,avg,2394000.0000,2394000.0000,2394000.0000,5,net,1340.0000
2026-09-09T22:37:13Z,8387ff8,main,kdtree_build_octave_512,550663.0000,avg,550663.0000,538394.0000,552382.0000,20,net,1340.0000
2026-09-09T22:37:13Z,8387ff8,main,einsum_matmul_2x2,975,avg,975,929,1408.0000,20000,net,1340.0000
2026-09-09T22:37:13Z,8387ff8,main,einsum_trace_2x2,441,avg,441,426,494,20000,net,1340.0000
2026-09-09T22:37:13Z,8387ff8,main,kdtree_radius_4k,731,avg,731,509,750,200,net,1340.0000
2026-09-09T22:37:13Z,8387ff8,main,delaunay_2d_400,1472000.0000,avg,1472000.0000,1472000.0000,1472000.0000,3,net,1340.0000
2026-09-09T22:37:13Z,8387ff8,main,delaunay_2d_circle_150,375555.0000,avg,375555.0000,375555.0000,375555.0000,3,net,1340.0000
2026-09-09T22:37:13Z,8387ff8,main,triangulate_600gon,1642000.0000,avg,1642000.0000,1642000.0000,1642000.0000,3,net,1340.0000
2026-09-09T22:37:13Z,8387ff8,main,triangulate_comb_600,5528000.0000,avg,5528000.0000,5528000.0000,5528000.0000,3,net,1340.0000
2026-09-09T22:37:13Z,8387ff8,main,triangulate_hex_6,1226.0000,avg,1226.0000,1137.0000,1831.0000,20000,net,1340.0000
2026-09-09T22:37:13Z,8387ff8,main,svd_golub_kahan_12,119645.0000,avg,119645.0000,118960.0000,125771.0000,20,net,1340.0000
2026-09-09T22:37:13Z,8387ff8,main,eigen_qr_12,89232.0000,avg,89232.0000,87917.0000,89496.0000,20,net,1340.0000
2026-09-09T22:37:13Z,8387ff8,main,gjk_epa_3d_cyl_box,84733.0000,avg,84733.0000,78977.0000,147003.0000,100,net,1340.0000
2026-09-09T22:37:13Z,8387ff8,main,mpr_penetration_boxes,13557.0000,avg,13557.0000,11901.0000,20008.0000,200,net,1340.0000
2026-09-09T22:37:13Z,8387ff8,main,gjk_epa_boxes,13442.0000,avg,13442.0000,12092.0000,19575.0000,200,net,1340.0000
2026-09-09T22:37:13Z,8387ff8,main,gjk_epa_spheres,419098.0000,avg,419098.0000,398641.0000,503612.0000,200,net,1340.0000
2026-09-09T22:37:13Z,8387ff8,main,gjk_epa_sphere_box,80058.0000,avg,80058.0000,76742.0000,143232.0000,200,net,1340.0000
2026-09-09T22:37:13Z,8387ff8,main,gjk_intersect_box_miss,468,avg,468,450,498,40000,net,1340.0000
2026-09-09T22:37:13Z,8387ff8,main,gjk_intersect_sph_miss,685,avg,685,652,721,40000,net,1340.0000
2026-09-09T22:37:13Z,8387ff8,main,gjk_intersect_box_hit,1044.0000,avg,1044.0000,996,1168.0000,10000,net,1340.0000
2026-09-09T22:37:13Z,8387ff8,main,gjk_intersect_tangent,1214.0000,avg,1214.0000,1133.0000,1351.0000,10000,net,1340.0000
2026-09-09T22:37:13Z,8387ff8,main,mpr_intersect_box_miss,994,avg,994,949,1039.0000,40000,net,1340.0000
2026-09-09T22:37:13Z,8387ff8,main,mpr_intersect_box_hit,3532.0000,avg,3532.0000,3373.0000,3664.0000,10000,net,1340.0000
2026-09-09T22:37:13Z,8387ff8,main,mpr_intersect_tangent,3594.0000,avg,3594.0000,3460.0000,3747.0000,10000,net,1340.0000
2026-09-09T22:37:13Z,8387ff8,main,bvh_scatter_4k,4877000.0000,avg,4877000.0000,4877000.0000,4877000.0000,5,net,1340.0000
2026-09-09T22:37:13Z,8387ff8,main,spatial_hash_query_2k,391122.0000,avg,391122.0000,391122.0000,391122.0000,5,net,1340.0000
2026-09-09T22:37:13Z,8387ff8,main,num_dct_1024,288191.0000,avg,288191.0000,288191.0000,288191.0000,10,net,1340.0000
2026-09-09T22:37:13Z,8387ff8,main,num_dst_1024,6717000.0000,avg,6717000.0000,6717000.0000,6717000.0000,10,net,1340.0000
2026-09-09T22:37:13Z,8387ff8,main,num_dct_1023,1605000.0000,avg,1605000.0000,1605000.0000,1605000.0000,10,net,1340.0000
2026-09-09T22:37:13Z,8387ff8,main,num_dst_1023,465525.0000,avg,465525.0000,465525.0000,465525.0000,10,net,1340.0000
2026-09-09T22:37:32Z,8387ff8,main,vec3_add,17,avg,17,16,41,400000,net,1342.0000
2026-09-09T22:37:32Z,8387ff8,main,vec3_cross,30,avg,30,27,62,400000,net,1342.0000
2026-09-09T22:37:32Z,8387ff8,main,vec3_normalize,31,avg,31,30,74,400000,net,1342.0000
2026-09-09T22:37:32Z,8387ff8,main,vec3_dot_x64,393,avg,393,368,455,200000,net,1342.0000
2026-09-09T22:37:32Z,8387ff8,main,vec4_dot_x64,292,avg,292,281,310,400000,net,1342.0000
2026-09-09T22:37:32Z,8387ff8,main,m4_mul_x16,1961.0000,avg,1961.0000,1778.0000,3191.0000,200000,net,1342.0000
2026-09-09T22:37:32Z,8387ff8,main,m4_transform_x64,2809.0000,avg,2809.0000,2527.0000,5481.0000,200000,net,1342.0000
2026-09-09T22:37:32Z,8387ff8,main,quat_mul,39,avg,39,36,95,1000000,net,1342.0000
2026-09-09T22:37:32Z,8387ff8,main,quat_slerp,247,avg,247,236,285,400000,net,1342.0000
2026-09-09T22:37:32Z,8387ff8,main,quat_rotate_vec3,39,avg,39,37,67,400000,net,1342.0000
2026-09-09T22:37:32Z,8387ff8,main,m4_mul,122,avg,122,113,156,400000,net,1342.0000
2026-09-09T22:37:32Z,8387ff8,main,m4_inverse,253,avg,253,239,285,400000,net,1342.0000
2026-09-09T22:37:32Z,8387ff8,main,m4_transform_point,95,avg,95,87,135,400000,net,1342.0000
2026-09-09T22:37:32Z,8387ff8,main,t3d_compose,152,avg,152,142,185,400000,net,1342.0000
2026-09-09T22:37:32Z,8387ff8,main,jet_sphere,196,avg,196,184,247,400000,net,1342.0000
2026-09-09T22:37:32Z,8387ff8,main,jet_plane,103,avg,103,93,134,400000,net,1342.0000
2026-09-09T22:37:32Z,8387ff8,main,jet_triangle,474,avg,474,447,533,400000,net,1342.0000
2026-09-09T22:37:32Z,8387ff8,main,jet_aabb,187,avg,187,175,232,400000,net,1342.0000
2026-09-09T22:37:32Z,8387ff8,main,jet_obb,554,avg,554,525,606,400000,net,1342.0000
2026-09-09T22:37:32Z,8387ff8,main,jet_capsule,723,avg,723,685,792,400000,net,1342.0000
2026-09-09T22:37:32Z,8387ff8,main,grad_fwd_16,45118.0000,avg,45118.0000,44239.0000,47999.0000,40000,net,1342.0000
2026-09-09T22:37:32Z,8387ff8,main,grad_rev_16,4599.0000,avg,4599.0000,4429.0000,4836.0000,40000,net,1342.0000
2026-09-09T22:37:32Z,8387ff8,main,ray_obb,288,avg,288,273,321,400000,net,1342.0000
2026-09-09T22:37:32Z,8387ff8,main,ray_aabb_diag,66,avg,66,62,75,400000,net,1342.0000
2026-09-09T22:37:32Z,8387ff8,main,ray_capsule_diag,550,avg,550,512,594,400000,net,1342.0000
2026-09-09T22:37:32Z,8387ff8,main,ray_capsule,398,avg,398,375,439,400000,net,1342.0000
2026-09-09T22:37:32Z,8387ff8,main,ray_sphere,59,avg,59,54,84,400000,net,1342.0000
2026-09-09T22:37:32Z,8387ff8,main,ray_aabb,43,avg,43,41,49,400000,net,1342.0000
2026-09-09T22:37:32Z,8387ff8,main,ray_triangle,142,avg,142,133,174,400000,net,1342.0000
2026-09-09T22:37:32Z,8387ff8,main,srgb_to_linear,97,avg,97,93,108,400000,net,1342.0000
2026-09-09T22:37:32Z,8387ff8,main,tonemap_reinhard,23,avg,23,21,52,400000,net,1342.0000
2026-09-09T22:37:32Z,8387ff8,main,calc_derivative,93,avg,93,88,102,400000,net,1342.0000
2026-09-09T22:37:32Z,8387ff8,main,calc_integral_simpson,5002.0000,avg,5002.0000,4673.0000,7099.0000,100000,net,1342.0000
2026-09-09T22:37:32Z,8387ff8,main,num_gcd,25,avg,25,24,29,400000,net,1342.0000
2026-09-09T22:37:32Z,8387ff8,main,num_is_prime,19726.0000,avg,19726.0000,17488.0000,111365.0000,500000,net,1342.0000
2026-09-09T22:37:32Z,8387ff8,main,cx_mul,23,avg,23,21,64,1000000,net,1342.0000
2026-09-09T22:37:32Z,8387ff8,main,ease_in_out,7,avg,7,6,29,1000000,net,1342.0000
2026-09-09T22:37:32Z,8387ff8,main,perlin_2d,76,avg,76,71,213,200000,net,1342.0000
2026-09-09T22:37:32Z,8387ff8,main,convex_hull_2d_2k,1728000.0000,avg,1728000.0000,1692000.0000,1735000.0000,20,net,1342.0000
2026-09-09T22:37:32Z,8387ff8,main,halfedge_2k_tris,745820.0000,avg,745820.0000,700772.0000,752874.0000,20,net,1342.0000
2026-09-09T22:37:32Z,8387ff8,main,bvh_degenerate_4k,2325000.0000,avg,2325000.0000,2325000.0000,2325000.0000,3,net,1342.0000
2026-09-09T22:37:32Z,8387ff8,main,bvh_query_ray_200x4k,968625.0000,avg,968625.0000,968625.0000,968625.0000,5,net,1342.0000
2026-09-09T22:37:32Z,8387ff8,main,kdtree_build_4k,2354000.0000,avg,2354000.0000,2354000.0000,2354000.0000,5,net,1342.0000
2026-09-09T22:37:32Z,8387ff8,main,kdtree_build_octave_512,549755.0000,avg,549755.0000,531896.0000,551858.0000,20,net,1342.0000
2026-09-09T22:37:32Z,8387ff8,main,einsum_matmul_2x2,969,avg,969,912,1309.0000,20000,net,1342.0000
2026-09-09T22:37:32Z,8387ff8,main,einsum_trace_2x2,445,avg,445,431,483,20000,net,1342.0000
2026-09-09T22:37:32Z,8387ff8,main,kdtree_radius_4k,687,avg,687,557,698,200,net,1342.0000
2026-09-09T22:37:32Z,8387ff8,main,delaunay_2d_400,1473000.0000,avg,1473000.0000,1473000.0000,1473000.0000,3,net,1342.0000
2026-09-09T22:37:32Z,8387ff8,main,delaunay_2d_circle_150,374274.0000,avg,374274.0000,374274.0000,374274.0000,3,net,1342.0000
2026-09-09T22:37:32Z,8387ff8,main,triangulate_600gon,1649000.0000,avg,1649000.0000,1649000.0000,1649000.0000,3,net,1342.0000
2026-09-09T22:37:32Z,8387ff8,main,triangulate_comb_600,5580000.0000,avg,5580000.0000,5580000.0000,5580000.0000,3,net,1342.0000
2026-09-09T22:37:32Z,8387ff8,main,triangulate_hex_6,1239.0000,avg,1239.0000,1180.0000,1800.0000,20000,net,1342.0000
2026-09-09T22:37:32Z,8387ff8,main,svd_golub_kahan_12,117671.0000,avg,117671.0000,117240.0000,119553.0000,20,net,1342.0000
2026-09-09T22:37:32Z,8387ff8,main,eigen_qr_12,89403.0000,avg,89403.0000,87286.0000,89832.0000,20,net,1342.0000
2026-09-09T22:37:32Z,8387ff8,main,gjk_epa_3d_cyl_box,84532.0000,avg,84532.0000,81559.0000,134918.0000,100,net,1342.0000
2026-09-09T22:37:32Z,8387ff8,main,mpr_penetration_boxes,13461.0000,avg,13461.0000,12468.0000,18443.0000,200,net,1342.0000
2026-09-09T22:37:32Z,8387ff8,main,gjk_epa_boxes,13547.0000,avg,13547.0000,12549.0000,17884.0000,200,net,1342.0000
2026-09-09T22:37:32Z,8387ff8,main,gjk_epa_spheres,422191.0000,avg,422191.0000,396614.0000,509896.0000,200,net,1342.0000
2026-09-09T22:37:32Z,8387ff8,main,gjk_epa_sphere_box,83939.0000,avg,83939.0000,80651.0000,134569.0000,200,net,1342.0000
2026-09-09T22:37:32Z,8387ff8,main,gjk_intersect_box_miss,482,avg,482,466,498,40000,net,1342.0000
2026-09-09T22:37:32Z,8387ff8,main,gjk_intersect_sph_miss,713,avg,713,653,928,40000,net,1342.0000
2026-09-09T22:37:32Z,8387ff8,main,gjk_intersect_box_hit,1096.0000,avg,1096.0000,1039.0000,1242.0000,10000,net,1342.0000
2026-09-09T22:37:32Z,8387ff8,main,gjk_intersect_tangent,1327.0000,avg,1327.0000,1189.0000,1818.0000,10000,net,1342.0000
2026-09-09T22:37:32Z,8387ff8,main,mpr_intersect_box_miss,1028.0000,avg,1028.0000,990,1112.0000,40000,net,1342.0000
2026-09-09T22:37:32Z,8387ff8,main,mpr_intersect_box_hit,3554.0000,avg,3554.0000,3332.0000,3621.0000,10000,net,1342.0000
2026-09-09T22:37:32Z,8387ff8,main,mpr_intersect_tangent,3595.0000,avg,3595.0000,3433.0000,3733.0000,10000,net,1342.0000
2026-09-09T22:37:32Z,8387ff8,main,bvh_scatter_4k,4966000.0000,avg,4966000.0000,4966000.0000,4966000.0000,5,net,1342.0000
2026-09-09T22:37:32Z,8387ff8,main,spatial_hash_query_2k,384990.0000,avg,384990.0000,384990.0000,384990.0000,5,net,1342.0000
2026-09-09T22:37:32Z,8387ff8,main,num_dct_1024,286494.0000,avg,286494.0000,286494.0000,286494.0000,10,net,1342.0000
2026-09-09T22:37:32Z,8387ff8,main,num_dst_1024,6692000.0000,avg,6692000.0000,6692000.0000,6692000.0000,10,net,1342.0000
2026-09-09T22:37:32Z,8387ff8,main,num_dct_1023,1598000.0000,avg,1598000.0000,1598000.0000,1598000.0000,10,net,1342.0000
2026-09-09T22:37:32Z,8387ff8,main,num_dst_1023,443965.0000,avg,443965.0000,443965.0000,443965.0000,10,net,1342.0000
2026-09-09T22:59:56Z,8387ff8,main,vec3_add,16,avg,16,15,40,400000,net,1319.0000
2026-09-09T22:59:56Z,8387ff8,main,vec3_cross,29,avg,29,26,55,400000,net,1319.0000
2026-09-09T22:59:56Z,8387ff8,main,vec3_normalize,31,avg,31,29,61,400000,net,1319.0000
2026-09-09T22:59:56Z,8387ff8,main,vec3_dot_x64,381,avg,381,362,433,200000,net,1319.0000
2026-09-09T22:59:56Z,8387ff8,main,vec4_dot_x64,284,avg,284,275,304,400000,net,1319.0000
2026-09-09T22:59:56Z,8387ff8,main,m4_mul_x16,1906.0000,avg,1906.0000,1736.0000,3355.0000,200000,net,1319.0000
2026-09-09T22:59:56Z,8387ff8,main,m4_transform_x64,2731.0000,avg,2731.0000,2472.0000,18232.0000,200000,net,1319.0000
2026-09-09T22:59:56Z,8387ff8,main,quat_mul,38,avg,38,35,127,1000000,net,1319.0000
2026-09-09T22:59:56Z,8387ff8,main,quat_slerp,239,avg,239,234,267,400000,net,1319.0000
2026-09-09T22:59:56Z,8387ff8,main,quat_rotate_vec3,38,avg,38,36,63,400000,net,1319.0000
2026-09-09T22:59:56Z,8387ff8,main,m4_mul,119,avg,119,111,156,400000,net,1319.0000
2026-09-09T22:59:56Z,8387ff8,main,m4_inverse,248,avg,248,237,296,400000,net,1319.0000
2026-09-09T22:59:56Z,8387ff8,main,m4_transform_point,92,avg,92,86,124,400000,net,1319.0000
2026-09-09T22:59:56Z,8387ff8,main,t3d_compose,150,avg,150,141,187,400000,net,1319.0000
2026-09-09T22:59:56Z,8387ff8,main,jet_sphere,192,avg,192,179,251,400000,net,1319.0000
2026-09-09T22:59:56Z,8387ff8,main,jet_plane,101,avg,101,92,145,400000,net,1319.0000
2026-09-09T22:59:56Z,8387ff8,main,jet_triangle,460,avg,460,437,593,400000,net,1319.0000
2026-09-09T22:59:56Z,8387ff8,main,jet_aabb,178,avg,178,169,218,400000,net,1319.0000
2026-09-09T22:59:56Z,8387ff8,main,jet_obb,538,avg,538,518,635,400000,net,1319.0000
2026-09-09T22:59:56Z,8387ff8,main,jet_capsule,697,avg,697,671,760,400000,net,1319.0000
2026-09-09T22:59:56Z,8387ff8,main,grad_fwd_16,43581.0000,avg,43581.0000,43041.0000,46986.0000,40000,net,1319.0000
2026-09-09T22:59:56Z,8387ff8,main,grad_rev_16,4450.0000,avg,4450.0000,4359.0000,4709.0000,40000,net,1319.0000
2026-09-09T22:59:56Z,8387ff8,main,ray_obb,279,avg,279,267,380,400000,net,1319.0000
2026-09-09T22:59:56Z,8387ff8,main,ray_aabb_diag,64,avg,64,61,80,400000,net,1319.0000
2026-09-09T22:59:56Z,8387ff8,main,ray_capsule_diag,516,avg,516,498,594,400000,net,1319.0000
2026-09-09T22:59:56Z,8387ff8,main,ray_capsule,379,avg,379,363,446,400000,net,1319.0000
2026-09-09T22:59:56Z,8387ff8,main,ray_sphere,57,avg,57,53,82,400000,net,1319.0000
2026-09-09T22:59:56Z,8387ff8,main,ray_aabb,41,avg,41,40,46,400000,net,1319.0000
2026-09-09T22:59:56Z,8387ff8,main,ray_triangle,136,avg,136,129,165,400000,net,1319.0000
2026-09-09T22:59:56Z,8387ff8,main,srgb_to_linear,96,avg,96,91,114,400000,net,1319.0000
2026-09-09T22:59:56Z,8387ff8,main,tonemap_reinhard,22,avg,22,21,46,400000,net,1319.0000
2026-09-09T22:59:56Z,8387ff8,main,calc_derivative,90,avg,90,86,100,400000,net,1319.0000
2026-09-09T22:59:56Z,8387ff8,main,calc_integral_simpson,4814.0000,avg,4814.0000,4554.0000,6570.0000,100000,net,1319.0000
2026-09-09T22:59:56Z,8387ff8,main,num_gcd,24,avg,24,24,31,400000,net,1319.0000
2026-09-09T22:59:56Z,8387ff8,main,num_is_prime,19091.0000,avg,19091.0000,17172.0000,39978.0000,500000,net,1319.0000
2026-09-09T22:59:56Z,8387ff8,main,cx_mul,23,avg,23,16,39,1000000,net,1319.0000
2026-09-09T22:59:56Z,8387ff8,main,ease_in_out,6,avg,6,6,35,1000000,net,1319.0000
2026-09-09T22:59:56Z,8387ff8,main,perlin_2d,73,avg,73,72,327,200000,net,1319.0000
2026-09-09T22:59:56Z,8387ff8,main,convex_hull_2d_2k,1682000.0000,avg,1682000.0000,1676000.0000,1699000.0000,20,net,1319.0000
2026-09-09T22:59:56Z,8387ff8,main,halfedge_2k_tris,721699.0000,avg,721699.0000,681659.0000,765328.0000,20,net,1319.0000
2026-09-09T22:59:56Z,8387ff8,main,bvh_degenerate_4k,2274000.0000,avg,2274000.0000,2274000.0000,2274000.0000,3,net,1319.0000
2026-09-09T22:59:56Z,8387ff8,main,bvh_query_ray_200x4k,925245.0000,avg,925245.0000,925245.0000,925245.0000,5,net,1319.0000
2026-09-09T22:59:56Z,8387ff8,main,kdtree_build_4k,2392000.0000,avg,2392000.0000,2392000.0000,2392000.0000,5,net,1319.0000
2026-09-09T22:59:56Z,8387ff8,main,kdtree_build_octave_512,527142.0000,avg,527142.0000,525424.0000,539601.0000,20,net,1319.0000
2026-09-09T22:59:56Z,8387ff8,main,einsum_matmul_2x2,953,avg,953,910,1363.0000,20000,net,1319.0000
2026-09-09T22:59:56Z,8387ff8,main,einsum_trace_2x2,433,avg,433,415,463,20000,net,1319.0000
2026-09-09T22:59:56Z,8387ff8,main,kdtree_radius_4k,663,avg,663,476,679,200,net,1319.0000
2026-09-09T22:59:56Z,8387ff8,main,delaunay_2d_400,1382000.0000,avg,1382000.0000,1382000.0000,1382000.0000,3,net,1319.0000
2026-09-09T22:59:56Z,8387ff8,main,delaunay_2d_circle_150,356356.0000,avg,356356.0000,356356.0000,356356.0000,3,net,1319.0000
2026-09-09T22:59:56Z,8387ff8,main,triangulate_600gon,1539000.0000,avg,1539000.0000,1539000.0000,1539000.0000,3,net,1319.0000
2026-09-09T22:59:56Z,8387ff8,main,triangulate_comb_600,5240000.0000,avg,5240000.0000,5240000.0000,5240000.0000,3,net,1319.0000
2026-09-09T22:59:56Z,8387ff8,main,triangulate_hex_6,1180.0000,avg,1180.0000,1055.0000,1601.0000,20000,net,1319.0000
2026-09-09T22:59:56Z,8387ff8,main,svd_golub_kahan_12,117653.0000,avg,117653.0000,116936.0000,125373.0000,20,net,1319.0000
2026-09-09T22:59:56Z,8387ff8,main,eigen_qr_12,88850.0000,avg,88850.0000,86751.0000,98624.0000,20,net,1319.0000
2026-09-09T22:59:56Z,8387ff8,main,gjk_epa_3d_cyl_box,81090.0000,avg,81090.0000,76414.0000,133266.0000,100,net,1319.0000
2026-09-09T22:59:56Z,8387ff8,main,mpr_penetration_boxes,12613.0000,avg,12613.0000,11525.0000,17894.0000,200,net,1319.0000
2026-09-09T22:59:56Z,8387ff8,main,gjk_epa_boxes,12571.0000,avg,12571.0000,11534.0000,16986.0000,200,net,1319.0000
2026-09-09T22:59:56Z,8387ff8,main,gjk_epa_spheres,399850.0000,avg,399850.0000,389652.0000,481144.0000,200,net,1319.0000
2026-09-09T22:59:56Z,8387ff8,main,gjk_epa_sphere_box,79750.0000,avg,79750.0000,74808.0000,133544.0000,200,net,1319.0000
2026-09-09T22:59:56Z,8387ff8,main,gjk_intersect_box_miss,458,avg,458,435,546,40000,net,1319.0000
2026-09-09T22:59:56Z,8387ff8,main,gjk_intersect_sph_miss,669,avg,669,634,711,40000,net,1319.0000
2026-09-09T22:59:56Z,8387ff8,main,gjk_intersect_box_hit,1010.0000,avg,1010.0000,973,1096.0000,10000,net,1319.0000
2026-09-09T22:59:56Z,8387ff8,main,gjk_intersect_tangent,1151.0000,avg,1151.0000,1114.0000,1238.0000,10000,net,1319.0000
2026-09-09T22:59:56Z,8387ff8,main,mpr_intersect_box_miss,954,avg,954,925,989,40000,net,1319.0000
2026-09-09T22:59:56Z,8387ff8,main,mpr_intersect_box_hit,3363.0000,avg,3363.0000,3258.0000,3457.0000,10000,net,1319.0000
2026-09-09T22:59:56Z,8387ff8,main,mpr_intersect_tangent,3473.0000,avg,3473.0000,3351.0000,3650.0000,10000,net,1319.0000
2026-09-09T22:59:56Z,8387ff8,main,bvh_scatter_4k,4666000.0000,avg,4666000.0000,4666000.0000,4666000.0000,5,net,1319.0000
2026-09-09T22:59:56Z,8387ff8,main,spatial_hash_query_2k,363944.0000,avg,363944.0000,363944.0000,363944.0000,5,net,1319.0000
2026-09-09T22:59:56Z,8387ff8,main,num_dct_1024,269476.0000,avg,269476.0000,269476.0000,269476.0000,10,net,1319.0000
2026-09-09T22:59:56Z,8387ff8,main,num_dst_1024,6464000.0000,avg,6464000.0000,6464000.0000,6464000.0000,10,net,1319.0000
2026-09-09T22:59:56Z,8387ff8,main,num_dct_1023,1557000.0000,avg,1557000.0000,1557000.0000,1557000.0000,10,net,1319.0000
2026-09-09T22:59:56Z,8387ff8,main,num_dst_1023,431040.0000,avg,431040.0000,431040.0000,431040.0000,10,net,1319.0000
2026-09-09T23:00:13Z,8387ff8,main,vec3_add,16,avg,16,15,39,400000,net,1324.0000
2026-09-09T23:00:13Z,8387ff8,main,vec3_cross,28,avg,28,26,67,400000,net,1324.0000
2026-09-09T23:00:13Z,8387ff8,main,vec3_normalize,31,avg,31,29,61,400000,net,1324.0000
2026-09-09T23:00:13Z,8387ff8,main,vec3_dot_x64,385,avg,385,363,986,200000,net,1324.0000
2026-09-09T23:00:13Z,8387ff8,main,vec4_dot_x64,286,avg,286,276,312,400000,net,1324.0000
2026-09-09T23:00:13Z,8387ff8,main,m4_mul_x16,1916.0000,avg,1916.0000,1747.0000,4033.0000,200000,net,1324.0000
2026-09-09T23:00:13Z,8387ff8,main,m4_transform_x64,2737.0000,avg,2737.0000,2473.0000,5296.0000,200000,net,1324.0000
2026-09-09T23:00:13Z,8387ff8,main,quat_mul,38,avg,38,35,54,1000000,net,1324.0000
2026-09-09T23:00:13Z,8387ff8,main,quat_slerp,241,avg,241,234,273,400000,net,1324.0000
2026-09-09T23:00:13Z,8387ff8,main,quat_rotate_vec3,38,avg,38,36,64,400000,net,1324.0000
2026-09-09T23:00:13Z,8387ff8,main,m4_mul,120,avg,120,111,151,400000,net,1324.0000
2026-09-09T23:00:13Z,8387ff8,main,m4_inverse,246,avg,246,238,278,400000,net,1324.0000
2026-09-09T23:00:13Z,8387ff8,main,m4_transform_point,93,avg,93,87,123,400000,net,1324.0000
2026-09-09T23:00:13Z,8387ff8,main,t3d_compose,148,avg,148,140,180,400000,net,1324.0000
2026-09-09T23:00:13Z,8387ff8,main,jet_sphere,190,avg,190,180,220,400000,net,1324.0000
2026-09-09T23:00:13Z,8387ff8,main,jet_plane,99,avg,99,93,142,400000,net,1324.0000
2026-09-09T23:00:13Z,8387ff8,main,jet_triangle,461,avg,461,437,502,400000,net,1324.0000
2026-09-09T23:00:13Z,8387ff8,main,jet_aabb,181,avg,181,171,222,400000,net,1324.0000
2026-09-09T23:00:13Z,8387ff8,main,jet_obb,544,avg,544,515,797,400000,net,1324.0000
2026-09-09T23:00:13Z,8387ff8,main,jet_capsule,698,avg,698,673,754,400000,net,1324.0000
2026-09-09T23:00:13Z,8387ff8,main,grad_fwd_16,43712.0000,avg,43712.0000,43307.0000,45949.0000,40000,net,1324.0000
2026-09-09T23:00:13Z,8387ff8,main,grad_rev_16,4488.0000,avg,4488.0000,4390.0000,5054.0000,40000,net,1324.0000
2026-09-09T23:00:13Z,8387ff8,main,ray_obb,279,avg,279,268,317,400000,net,1324.0000
2026-09-09T23:00:13Z,8387ff8,main,ray_aabb_diag,64,avg,64,61,73,400000,net,1324.0000
2026-09-09T23:00:13Z,8387ff8,main,ray_capsule_diag,516,avg,516,502,559,400000,net,1324.0000
2026-09-09T23:00:13Z,8387ff8,main,ray_capsule,382,avg,382,367,426,400000,net,1324.0000
2026-09-09T23:00:13Z,8387ff8,main,ray_sphere,57,avg,57,54,87,400000,net,1324.0000
2026-09-09T23:00:13Z,8387ff8,main,ray_aabb,42,avg,42,41,47,400000,net,1324.0000
2026-09-09T23:00:13Z,8387ff8,main,ray_triangle,138,avg,138,129,172,400000,net,1324.0000
2026-09-09T23:00:13Z,8387ff8,main,srgb_to_linear,96,avg,96,93,101,400000,net,1324.0000
2026-09-09T23:00:13Z,8387ff8,main,tonemap_reinhard,22,avg,22,21,46,400000,net,1324.0000
2026-09-09T23:00:13Z,8387ff8,main,calc_derivative,91,avg,91,87,100,400000,net,1324.0000
2026-09-09T23:00:13Z,8387ff8,main,calc_integral_simpson,4826.0000,avg,4826.0000,4581.0000,7636.0000,100000,net,1324.0000
2026-09-09T23:00:13Z,8387ff8,main,num_gcd,25,avg,25,24,32,400000,net,1324.0000
2026-09-09T23:00:13Z,8387ff8,main,num_is_prime,19212.0000,avg,19212.0000,17221.0000,51846.0000,500000,net,1324.0000
2026-09-09T23:00:13Z,8387ff8,main,cx_mul,23,avg,23,21,53,1000000,net,1324.0000
2026-09-09T23:00:13Z,8387ff8,main,ease_in_out,6,avg,6,6,35,1000000,net,1324.0000
2026-09-09T23:00:13Z,8387ff8,main,perlin_2d,73,avg,73,70,244,200000,net,1324.0000
2026-09-09T23:00:13Z,8387ff8,main,convex_hull_2d_2k,1689000.0000,avg,1689000.0000,1687000.0000,1701000.0000,20,net,1324.0000
2026-09-09T23:00:13Z,8387ff8,main,halfedge_2k_tris,720542.0000,avg,720542.0000,695901.0000,724257.0000,20,net,1324.0000
2026-09-09T23:00:13Z,8387ff8,main,bvh_degenerate_4k,2287000.0000,avg,2287000.0000,2287000.0000,2287000.0000,3,net,1324.0000
2026-09-09T23:00:13Z,8387ff8,main,bvh_query_ray_200x4k,923805.0000,avg,923805.0000,923805.0000,923805.0000,5,net,1324.0000
2026-09-09T23:00:13Z,8387ff8,main,kdtree_build_4k,2293000.0000,avg,2293000.0000,2293000.0000,2293000.0000,5,net,1324.0000
2026-09-09T23:00:13Z,8387ff8,main,kdtree_build_octave_512,530976.0000,avg,530976.0000,525489.0000,542041.0000,20,net,1324.0000
2026-09-09T23:00:13Z,8387ff8,main,einsum_matmul_2x2,965,avg,965,917,1524.0000,20000,net,1324.0000
2026-09-09T23:00:13Z,8387ff8,main,einsum_trace_2x2,438,avg,438,414,489,20000,net,1324.0000
2026-09-09T23:00:13Z,8387ff8,main,kdtree_radius_4k,660,avg,660,480,675,200,net,1324.0000
2026-09-09T23:00:13Z,8387ff8,main,delaunay_2d_400,1385000.0000,avg,1385000.0000,1385000.0000,1385000.0000,3,net,1324.0000
2026-09-09T23:00:13Z,8387ff8,main,delaunay_2d_circle_150,356610.0000,avg,356610.0000,356610.0000,356610.0000,3,net,1324.0000
2026-09-09T23:00:13Z,8387ff8,main,triangulate_600gon,1552000.0000,avg,1552000.0000,1552000.0000,1552000.0000,3,net,1324.0000
2026-09-09T23:00:13Z,8387ff8,main,triangulate_comb_600,5294000.0000,avg,5294000.0000,5294000.0000,5294000.0000,3,net,1324.0000
2026-09-09T23:00:13Z,8387ff8,main,triangulate_hex_6,1177.0000,avg,1177.0000,1114.0000,1665.0000,20000,net,1324.0000
2026-09-09T23:00:13Z,8387ff8,main,svd_golub_kahan_12,111310.0000,avg,111310.0000,110930.0000,113215.0000,20,net,1324.0000
2026-09-09T23:00:13Z,8387ff8,main,eigen_qr_12,84142.0000,avg,84142.0000,82416.0000,84512.0000,20,net,1324.0000
2026-09-09T23:00:13Z,8387ff8,main,gjk_epa_3d_cyl_box,79840.0000,avg,79840.0000,77177.0000,130746.0000,100,net,1324.0000
2026-09-09T23:00:13Z,8387ff8,main,mpr_penetration_boxes,12689.0000,avg,12689.0000,11723.0000,17851.0000,200,net,1324.0000
2026-09-09T23:00:13Z,8387ff8,main,gjk_epa_boxes,12850.0000,avg,12850.0000,11698.0000,16985.0000,200,net,1324.0000
2026-09-09T23:00:13Z,8387ff8,main,gjk_epa_spheres,405432.0000,avg,405432.0000,388530.0000,467381.0000,200,net,1324.0000
2026-09-09T23:00:13Z,8387ff8,main,gjk_epa_sphere_box,78354.0000,avg,78354.0000,75850.0000,129139.0000,200,net,1324.0000
2026-09-09T23:00:13Z,8387ff8,main,gjk_intersect_box_miss,462,avg,462,443,488,40000,net,1324.0000
2026-09-09T23:00:13Z,8387ff8,main,gjk_intersect_sph_miss,664,avg,664,637,680,40000,net,1324.0000
2026-09-09T23:00:13Z,8387ff8,main,gjk_intersect_box_hit,1016.0000,avg,1016.0000,980,1109.0000,10000,net,1324.0000
2026-09-09T23:00:13Z,8387ff8,main,gjk_intersect_tangent,1161.0000,avg,1161.0000,1116.0000,1253.0000,10000,net,1324.0000
2026-09-09T23:00:13Z,8387ff8,main,mpr_intersect_box_miss,959,avg,959,933,1006.0000,40000,net,1324.0000
2026-09-09T23:00:13Z,8387ff8,main,mpr_intersect_box_hit,3415.0000,avg,3415.0000,3280.0000,3592.0000,10000,net,1324.0000
2026-09-09T23:00:13Z,8387ff8,main,mpr_intersect_tangent,3578.0000,avg,3578.0000,3395.0000,3740.0000,10000,net,1324.0000
2026-09-09T23:00:13Z,8387ff8,main,bvh_scatter_4k,4681000.0000,avg,4681000.0000,4681000.0000,4681000.0000,5,net,1324.0000
2026-09-09T23:00:13Z,8387ff8,main,spatial_hash_query_2k,366653.0000,avg,366653.0000,366653.0000,366653.0000,5,net,1324.0000
2026-09-09T23:00:13Z,8387ff8,main,num_dct_1024,272646.0000,avg,272646.0000,272646.0000,272646.0000,10,net,1324.0000
2026-09-09T23:00:13Z,8387ff8,main,num_dst_1024,6614000.0000,avg,6614000.0000,6614000.0000,6614000.0000,10,net,1324.0000
2026-09-09T23:00:13Z,8387ff8,main,num_dct_1023,1573000.0000,avg,1573000.0000,1573000.0000,1573000.0000,10,net,1324.0000
2026-09-09T23:00:13Z,8387ff8,main,num_dst_1023,435258.0000,avg,435258.0000,435258.0000,435258.0000,10,net,1324.0000
2026-09-10T06:49:00Z,e241e7a,main,vec3_add,18,avg,18,15,45,400000,net,1330.0000
2026-09-10T06:49:00Z,e241e7a,main,vec3_cross,28,avg,28,26,60,400000,net,1330.0000
2026-09-10T06:49:00Z,e241e7a,main,vec3_normalize,33,avg,33,32,64,400000,net,1330.0000
2026-09-10T06:49:00Z,e241e7a,main,vec3_dot_x64,393,avg,393,375,447,200000,net,1330.0000
2026-09-10T06:49:00Z,e241e7a,main,vec4_dot_x64,295,avg,295,288,315,400000,net,1330.0000
2026-09-10T06:49:00Z,e241e7a,main,m4_mul_x16,1949.0000,avg,1949.0000,1776.0000,4875.0000,200000,net,1330.0000
2026-09-10T06:49:00Z,e241e7a,main,m4_transform_x64,2788.0000,avg,2788.0000,2527.0000,4672.0000,200000,net,1330.0000
2026-09-10T06:49:00Z,e241e7a,main,quat_mul,38,avg,38,34,53,1000000,net,1330.0000
2026-09-10T06:49:00Z,e241e7a,main,quat_slerp,239,avg,239,231,267,400000,net,1330.0000
2026-09-10T06:49:00Z,e241e7a,main,quat_rotate_vec3,38,avg,38,36,68,400000,net,1330.0000
2026-09-10T06:49:00Z,e241e7a,main,m4_mul,120,avg,120,111,149,400000,net,1330.0000
2026-09-10T06:49:00Z,e241e7a,main,m4_inverse,244,avg,244,234,295,400000,net,1330.0000
2026-09-10T06:49:00Z,e241e7a,main,m4_transform_point,92,avg,92,85,133,400000,net,1330.0000
2026-09-10T06:49:00Z,e241e7a,main,t3d_compose,148,avg,148,139,193,400000,net,1330.0000
2026-09-10T06:49:00Z,e241e7a,main,jet_sphere,190,avg,190,179,222,400000,net,1330.0000
2026-09-10T06:49:00Z,e241e7a,main,jet_plane,100,avg,100,92,135,400000,net,1330.0000
2026-09-10T06:49:00Z,e241e7a,main,jet_triangle,465,avg,465,442,510,400000,net,1330.0000
2026-09-10T06:49:00Z,e241e7a,main,jet_aabb,181,avg,181,170,251,400000,net,1330.0000
2026-09-10T06:49:00Z,e241e7a,main,jet_obb,534,avg,534,517,580,400000,net,1330.0000
2026-09-10T06:49:00Z,e241e7a,main,jet_capsule,707,avg,707,671,773,400000,net,1330.0000
2026-09-10T06:49:00Z,e241e7a,main,grad_fwd_16,43696.0000,avg,43696.0000,43322.0000,47570.0000,40000,net,1330.0000
2026-09-10T06:49:00Z,e241e7a,main,grad_rev_16,4486.0000,avg,4486.0000,4382.0000,4939.0000,40000,net,1330.0000
2026-09-10T06:49:00Z,e241e7a,main,ray_obb,278,avg,278,265,319,400000,net,1330.0000
2026-09-10T06:49:00Z,e241e7a,main,ray_aabb_diag,64,avg,64,61,72,400000,net,1330.0000
2026-09-10T06:49:00Z,e241e7a,main,ray_capsule_diag,524,avg,524,499,636,400000,net,1330.0000
2026-09-10T06:49:00Z,e241e7a,main,ray_capsule,394,avg,394,366,448,400000,net,1330.0000
2026-09-10T06:49:00Z,e241e7a,main,ray_sphere,57,avg,57,53,84,400000,net,1330.0000
2026-09-10T06:49:00Z,e241e7a,main,ray_aabb,42,avg,42,40,63,400000,net,1330.0000
2026-09-10T06:49:00Z,e241e7a,main,ray_triangle,142,avg,142,134,185,400000,net,1330.0000
2026-09-10T06:49:00Z,e241e7a,main,srgb_to_linear,96,avg,96,92,104,400000,net,1330.0000
2026-09-10T06:49:00Z,e241e7a,main,tonemap_reinhard,22,avg,22,21,46,400000,net,1330.0000
2026-09-10T06:49:00Z,e241e7a,main,calc_derivative,91,avg,91,87,111,400000,net,1330.0000
2026-09-10T06:49:00Z,e241e7a,main,calc_integral_simpson,4844.0000,avg,4844.0000,4601.0000,6739.0000,100000,net,1330.0000
2026-09-10T06:49:00Z,e241e7a,main,num_gcd,25,avg,25,24,31,400000,net,1330.0000
2026-09-10T06:49:00Z,e241e7a,main,num_is_prime,19661.0000,avg,19661.0000,17145.0000,41904.0000,500000,net,1330.0000
2026-09-10T06:49:00Z,e241e7a,main,cx_mul,23,avg,23,21,87,1000000,net,1330.0000
2026-09-10T06:49:00Z,e241e7a,main,ease_in_out,7,avg,7,4,7,1000000,net,1330.0000
2026-09-10T06:49:00Z,e241e7a,main,perlin_2d,75,avg,75,72,239,200000,net,1330.0000
2026-09-10T06:49:00Z,e241e7a,main,convex_hull_2d_2k,1681000.0000,avg,1681000.0000,1668000.0000,1682000.0000,20,net,1330.0000
2026-09-10T06:49:00Z,e241e7a,main,halfedge_2k_tris,713099.0000,avg,713099.0000,688702.0000,736473.0000,20,net,1330.0000
2026-09-10T06:49:00Z,e241e7a,main,bvh_degenerate_4k,2302000.0000,avg,2302000.0000,2302000.0000,2302000.0000,3,net,1330.0000
2026-09-10T06:49:00Z,e241e7a,main,bvh_query_ray_200x4k,955134.0000,avg,955134.0000,955134.0000,955134.0000,5,net,1330.0000
2026-09-10T06:49:00Z,e241e7a,main,kdtree_build_4k,2328000.0000,avg,2328000.0000,2328000.0000,2328000.0000,5,net,1330.0000
2026-09-10T06:49:00Z,e241e7a,main,kdtree_build_octave_512,534480.0000,avg,534480.0000,528416.0000,541826.0000,20,net,1330.0000
2026-09-10T06:49:00Z,e241e7a,main,einsum_matmul_2x2,987,avg,987,905,1336.0000,20000,net,1330.0000
2026-09-10T06:49:00Z,e241e7a,main,einsum_trace_2x2,445,avg,445,423,485,20000,net,1330.0000
2026-09-10T06:49:00Z,e241e7a,main,kdtree_radius_4k,717,avg,717,514,734,200,net,1330.0000
2026-09-10T06:49:00Z,e241e7a,main,delaunay_2d_400,1424000.0000,avg,1424000.0000,1424000.0000,1424000.0000,3,net,1330.0000
2026-09-10T06:49:00Z,e241e7a,main,delaunay_2d_circle_150,370320.0000,avg,370320.0000,370320.0000,370320.0000,3,net,1330.0000
2026-09-10T06:49:00Z,e241e7a,main,triangulate_600gon,1596000.0000,avg,1596000.0000,1596000.0000,1596000.0000,3,net,1330.0000
2026-09-10T06:49:00Z,e241e7a,main,triangulate_comb_600,5257000.0000,avg,5257000.0000,5257000.0000,5257000.0000,3,net,1330.0000
2026-09-10T06:49:00Z,e241e7a,main,triangulate_hex_6,1183.0000,avg,1183.0000,1111.0000,1667.0000,20000,net,1330.0000
2026-09-10T06:49:00Z,e241e7a,main,svd_golub_kahan_12,111350.0000,avg,111350.0000,110829.0000,113628.0000,20,net,1330.0000
2026-09-10T06:49:00Z,e241e7a,main,eigen_qr_12,86955.0000,avg,86955.0000,86114.0000,97425.0000,20,net,1330.0000
2026-09-10T06:49:00Z,e241e7a,main,gjk_epa_3d_cyl_box,80206.0000,avg,80206.0000,76543.0000,129203.0000,100,net,1330.0000
2026-09-10T06:49:00Z,e241e7a,main,mpr_penetration_boxes,12771.0000,avg,12771.0000,11802.0000,17783.0000,200,net,1330.0000
2026-09-10T06:49:00Z,e241e7a,main,gjk_epa_boxes,12706.0000,avg,12706.0000,11633.0000,17138.0000,200,net,1330.0000
2026-09-10T06:49:00Z,e241e7a,main,gjk_epa_spheres,405717.0000,avg,405717.0000,389502.0000,479597.0000,200,net,1330.0000
2026-09-10T06:49:00Z,e241e7a,main,gjk_epa_sphere_box,80361.0000,avg,80361.0000,74308.0000,146664.0000,200,net,1330.0000
2026-09-10T06:49:00Z,e241e7a,main,gjk_intersect_box_miss,458,avg,458,442,497,40000,net,1330.0000
2026-09-10T06:49:00Z,e241e7a,main,gjk_intersect_sph_miss,659,avg,659,635,706,40000,net,1330.0000
2026-09-10T06:49:00Z,e241e7a,main,gjk_intersect_box_hit,1013.0000,avg,1013.0000,978,1107.0000,10000,net,1330.0000
2026-09-10T06:49:00Z,e241e7a,main,gjk_intersect_tangent,1163.0000,avg,1163.0000,1113.0000,1300.0000,10000,net,1330.0000
2026-09-10T06:49:00Z,e241e7a,main,mpr_intersect_box_miss,964,avg,964,951,1000.0000,40000,net,1330.0000
2026-09-10T06:49:00Z,e241e7a,main,mpr_intersect_box_hit,3399.0000,avg,3399.0000,3301.0000,3507.0000,10000,net,1330.0000
2026-09-10T06:49:00Z,e241e7a,main,mpr_intersect_tangent,3484.0000,avg,3484.0000,3394.0000,3554.0000,10000,net,1330.0000
2026-09-10T06:49:00Z,e241e7a,main,bvh_scatter_4k,4706000.0000,avg,4706000.0000,4706000.0000,4706000.0000,5,net,1330.0000
2026-09-10T06:49:00Z,e241e7a,main,spatial_hash_query_2k,363230.0000,avg,363230.0000,363230.0000,363230.0000,5,net,1330.0000
2026-09-10T06:49:00Z,e241e7a,main,num_dct_1024,282347.0000,avg,282347.0000,282347.0000,282347.0000,10,net,1330.0000
2026-09-10T06:49:00Z,e241e7a,main,num_dst_1024,6495000.0000,avg,6495000.0000,6495000.0000,6495000.0000,10,net,1330.0000
2026-09-10T06:49:00Z,e241e7a,main,num_dct_1023,1579000.0000,avg,1579000.0000,1579000.0000,1579000.0000,10,net,1330.0000
2026-09-10T06:49:00Z,e241e7a,main,num_dst_1023,446208.0000,avg,446208.0000,446208.0000,446208.0000,10,net,1330.0000
2026-09-10T08:24:28Z,334ac37,main,vec3_add,16,avg,16,14,41,400000,net,1326.0000
2026-09-10T08:24:28Z,334ac37,main,vec3_cross,28,avg,28,26,55,400000,net,1326.0000
2026-09-10T08:24:28Z,334ac37,main,vec3_normalize,34,avg,34,32,63,400000,net,1326.0000
2026-09-10T08:24:28Z,334ac37,main,vec3_dot_x64,372,avg,372,350,614,200000,net,1326.0000
2026-09-10T08:24:28Z,334ac37,main,vec4_dot_x64,311,avg,311,303,383,400000,net,1326.0000
2026-09-10T08:24:28Z,334ac37,main,m4_mul_x16,1925.0000,avg,1925.0000,1759.0000,4434.0000,200000,net,1326.0000
2026-09-10T08:24:28Z,334ac37,main,m4_transform_x64,2851.0000,avg,2851.0000,2580.0000,5626.0000,200000,net,1326.0000
2026-09-10T08:24:28Z,334ac37,main,quat_mul,38,avg,38,4,53,1000000,net,1326.0000
2026-09-10T08:24:28Z,334ac37,main,quat_slerp,240,avg,240,233,270,400000,net,1326.0000
2026-09-10T08:24:28Z,334ac37,main,quat_rotate_vec3,38,avg,38,36,68,400000,net,1326.0000
2026-09-10T08:24:28Z,334ac37,main,m4_mul,121,avg,121,113,148,400000,net,1326.0000
2026-09-10T08:24:28Z,334ac37,main,m4_inverse,247,avg,247,237,284,400000,net,1326.0000
2026-09-10T08:24:28Z,334ac37,main,m4_transform_point,94,avg,94,88,120,400000,net,1326.0000
2026-09-10T08:24:28Z,334ac37,main,t3d_compose,147,avg,147,139,174,400000,net,1326.0000
2026-09-10T08:24:28Z,334ac37,main,jet_sphere,193,avg,193,182,226,400000,net,1326.0000
2026-09-10T08:24:28Z,334ac37,main,jet_plane,97,avg,97,89,129,400000,net,1326.0000
2026-09-10T08:24:28Z,334ac37,main,jet_triangle,466,avg,466,441,573,400000,net,1326.0000
2026-09-10T08:24:28Z,334ac37,main,jet_aabb,183,avg,183,173,214,400000,net,1326.0000
2026-09-10T08:24:28Z,334ac37,main,jet_obb,542,avg,542,521,615,400000,net,1326.0000
2026-09-10T08:24:28Z,334ac37,main,jet_capsule,694,avg,694,669,737,400000,net,1326.0000
2026-09-10T08:24:28Z,334ac37,main,grad_fwd_16,43710.0000,avg,43710.0000,43269.0000,47995.0000,40000,net,1326.0000
2026-09-10T08:24:28Z,334ac37,main,grad_rev_16,4457.0000,avg,4457.0000,4372.0000,4713.0000,40000,net,1326.0000
2026-09-10T08:24:28Z,334ac37,main,ray_obb,281,avg,281,268,363,400000,net,1326.0000
2026-09-10T08:24:28Z,334ac37,main,ray_aabb_diag,64,avg,64,61,70,400000,net,1326.0000
2026-09-10T08:24:28Z,334ac37,main,ray_capsule_diag,511,avg,511,496,561,400000,net,1326.0000
2026-09-10T08:24:28Z,334ac37,main,ray_capsule,377,avg,377,360,472,400000,net,1326.0000
2026-09-10T08:24:28Z,334ac37,main,ray_sphere,57,avg,57,53,80,400000,net,1326.0000
2026-09-10T08:24:28Z,334ac37,main,ray_aabb,42,avg,42,41,54,400000,net,1326.0000
2026-09-10T08:24:28Z,334ac37,main,ray_triangle,140,avg,140,134,226,400000,net,1326.0000
2026-09-10T08:24:28Z,334ac37,main,srgb_to_linear,94,avg,94,91,108,400000,net,1326.0000
2026-09-10T08:24:28Z,334ac37,main,tonemap_reinhard,22,avg,22,21,46,400000,net,1326.0000
2026-09-10T08:24:28Z,334ac37,main,calc_derivative,90,avg,90,86,99,400000,net,1326.0000
2026-09-10T08:24:28Z,334ac37,main,calc_integral_simpson,4819.0000,avg,4819.0000,4565.0000,7062.0000,100000,net,1326.0000
2026-09-10T08:24:28Z,334ac37,main,num_gcd,24,avg,24,24,29,400000,net,1326.0000
2026-09-10T08:24:28Z,334ac37,main,num_is_prime,19562.0000,avg,19562.0000,17111.0000,36066.0000,500000,net,1326.0000
2026-09-10T08:24:28Z,334ac37,main,cx_mul,23,avg,23,21,39,1000000,net,1326.0000
2026-09-10T08:24:28Z,334ac37,main,ease_in_out,7,avg,7,6,39,1000000,net,1326.0000
2026-09-10T08:24:28Z,334ac37,main,perlin_2d,73,avg,73,70,353,200000,net,1326.0000
2026-09-10T08:24:28Z,334ac37,main,convex_hull_2d_2k,1639000.0000,avg,1639000.0000,1628000.0000,1653000.0000,20,net,1326.0000
2026-09-10T08:24:28Z,334ac37,main,halfedge_2k_tris,713743.0000,avg,713743.0000,675226.0000,731239.0000,20,net,1326.0000
2026-09-10T08:24:28Z,334ac37,main,bvh_degenerate_4k,2308000.0000,avg,2308000.0000,2308000.0000,2308000.0000,3,net,1326.0000
2026-09-10T08:24:28Z,334ac37,main,bvh_query_ray_200x4k,943947.0000,avg,943947.0000,943947.0000,943947.0000,5,net,1326.0000
2026-09-10T08:24:28Z,334ac37,main,kdtree_build_4k,2303000.0000,avg,2303000.0000,2303000.0000,2303000.0000,5,net,1326.0000
2026-09-10T08:24:28Z,334ac37,main,kdtree_build_octave_512,537868.0000,avg,537868.0000,528979.0000,542039.0000,20,net,1326.0000
2026-09-10T08:24:28Z,334ac37,main,einsum_matmul_2x2,961,avg,961,917,1637.0000,20000,net,1326.0000
2026-09-10T08:24:28Z,334ac37,main,einsum_trace_2x2,433,avg,433,403,478,20000,net,1326.0000
2026-09-10T08:24:28Z,334ac37,main,kdtree_radius_4k,664,avg,664,488,679,200,net,1326.0000
2026-09-10T08:24:28Z,334ac37,main,delaunay_2d_400,1385000.0000,avg,1385000.0000,1385000.0000,1385000.0000,3,net,1326.0000
2026-09-10T08:24:28Z,334ac37,main,delaunay_2d_circle_150,357960.0000,avg,357960.0000,357960.0000,357960.0000,3,net,1326.0000
2026-09-10T08:24:28Z,334ac37,main,triangulate_600gon,1539000.0000,avg,1539000.0000,1539000.0000,1539000.0000,3,net,1326.0000
2026-09-10T08:24:28Z,334ac37,main,triangulate_comb_600,5268000.0000,avg,5268000.0000,5268000.0000,5268000.0000,3,net,1326.0000
2026-09-10T08:24:28Z,334ac37,main,triangulate_hex_6,1186.0000,avg,1186.0000,1124.0000,1673.0000,20000,net,1326.0000
2026-09-10T08:24:28Z,334ac37,main,svd_golub_kahan_12,111679.0000,avg,111679.0000,111204.0000,113772.0000,20,net,1326.0000
2026-09-10T08:24:28Z,334ac37,main,eigen_qr_12,84885.0000,avg,84885.0000,83182.0000,85215.0000,20,net,1326.0000
2026-09-10T08:24:28Z,334ac37,main,gjk_epa_3d_cyl_box,81603.0000,avg,81603.0000,78642.0000,133118.0000,100,net,1326.0000
2026-09-10T08:24:28Z,334ac37,main,mpr_penetration_boxes,12712.0000,avg,12712.0000,11673.0000,16943.0000,200,net,1326.0000
2026-09-10T08:24:28Z,334ac37,main,gjk_epa_boxes,12837.0000,avg,12837.0000,11783.0000,18221.0000,200,net,1326.0000
2026-09-10T08:24:28Z,334ac37,main,gjk_epa_spheres,415921.0000,avg,415921.0000,400262.0000,547068.0000,200,net,1326.0000
2026-09-10T08:24:28Z,334ac37,main,gjk_epa_sphere_box,80106.0000,avg,80106.0000,77385.0000,132280.0000,200,net,1326.0000
2026-09-10T08:24:28Z,334ac37,main,gjk_intersect_box_miss,458,avg,458,433,490,40000,net,1326.0000
2026-09-10T08:24:28Z,334ac37,main,gjk_intersect_sph_miss,666,avg,666,641,707,40000,net,1326.0000
2026-09-10T08:24:28Z,334ac37,main,gjk_intersect_box_hit,999,avg,999,961,1084.0000,10000,net,1326.0000
2026-09-10T08:24:28Z,334ac37,main,gjk_intersect_tangent,1133.0000,avg,1133.0000,1094.0000,1219.0000,10000,net,1326.0000
2026-09-10T08:24:28Z,334ac37,main,mpr_intersect_box_miss,949,avg,949,923,984,40000,net,1326.0000
2026-09-10T08:24:28Z,334ac37,main,mpr_intersect_box_hit,3395.0000,avg,3395.0000,3219.0000,3521.0000,10000,net,1326.0000
2026-09-10T08:24:28Z,334ac37,main,mpr_intersect_tangent,3431.0000,avg,3431.0000,3316.0000,3554.0000,10000,net,1326.0000
2026-09-10T08:24:28Z,334ac37,main,bvh_scatter_4k,4851000.0000,avg,4851000.0000,4851000.0000,4851000.0000,5,net,1326.0000
2026-09-10T08:24:28Z,334ac37,main,spatial_hash_query_2k,362420.0000,avg,362420.0000,362420.0000,362420.0000,5,net,1326.0000
2026-09-10T08:24:28Z,334ac37,main,num_dct_1024,287466.0000,avg,287466.0000,287466.0000,287466.0000,10,net,1326.0000
2026-09-10T08:24:28Z,334ac37,main,num_dst_1024,6589000.0000,avg,6589000.0000,6589000.0000,6589000.0000,10,net,1326.0000
2026-09-10T08:24:28Z,334ac37,main,num_dct_1023,1588000.0000,avg,1588000.0000,1588000.0000,1588000.0000,10,net,1326.0000
2026-09-10T08:24:28Z,334ac37,main,num_dst_1023,432513.0000,avg,432513.0000,432513.0000,432513.0000,10,net,1326.0000
2026-09-10T08:43:05Z,bcd2e26,main,vec3_add,25,avg,25,16,98,400000,net,1346.0000
2026-09-10T08:43:05Z,bcd2e26,main,vec3_cross,31,avg,31,28,103,400000,net,1346.0000
2026-09-10T08:43:05Z,bcd2e26,main,vec3_normalize,37,avg,37,35,68,400000,net,1346.0000
2026-09-10T08:43:05Z,bcd2e26,main,vec3_dot_x64,400,avg,400,377,679,200000,net,1346.0000
2026-09-10T08:43:05Z,bcd2e26,main,vec4_dot_x64,336,avg,336,327,382,400000,net,1346.0000
2026-09-10T08:43:05Z,bcd2e26,main,m4_mul_x16,2068.0000,avg,2068.0000,1890.0000,3999.0000,200000,net,1346.0000
2026-09-10T08:43:05Z,bcd2e26,main,m4_transform_x64,3014.0000,avg,3014.0000,2659.0000,6999.0000,200000,net,1346.0000
2026-09-10T08:43:05Z,bcd2e26,main,quat_mul,39,avg,39,36,94,1000000,net,1346.0000
2026-09-10T08:43:05Z,bcd2e26,main,quat_slerp,255,avg,255,244,290,400000,net,1346.0000
2026-09-10T08:43:05Z,bcd2e26,main,quat_rotate_vec3,40,avg,40,37,66,400000,net,1346.0000
2026-09-10T08:43:05Z,bcd2e26,main,m4_mul,128,avg,128,117,169,400000,net,1346.0000
2026-09-10T08:43:05Z,bcd2e26,main,m4_inverse,258,avg,258,246,311,400000,net,1346.0000
2026-09-10T08:43:05Z,bcd2e26,main,m4_transform_point,99,avg,99,91,137,400000,net,1346.0000
2026-09-10T08:43:05Z,bcd2e26,main,t3d_compose,155,avg,155,143,199,400000,net,1346.0000
2026-09-10T08:43:05Z,bcd2e26,main,jet_sphere,199,avg,199,186,247,400000,net,1346.0000
2026-09-10T08:43:05Z,bcd2e26,main,jet_plane,102,avg,102,92,141,400000,net,1346.0000
2026-09-10T08:43:05Z,bcd2e26,main,jet_triangle,502,avg,502,476,577,400000,net,1346.0000
2026-09-10T08:43:05Z,bcd2e26,main,jet_aabb,191,avg,191,178,228,400000,net,1346.0000
2026-09-10T08:43:05Z,bcd2e26,main,jet_obb,562,avg,562,538,601,400000,net,1346.0000
2026-09-10T08:43:05Z,bcd2e26,main,jet_capsule,721,avg,721,687,768,400000,net,1346.0000
2026-09-10T08:43:05Z,bcd2e26,main,grad_fwd_16,46409.0000,avg,46409.0000,45410.0000,49096.0000,40000,net,1346.0000
2026-09-10T08:43:05Z,bcd2e26,main,grad_rev_16,4713.0000,avg,4713.0000,4536.0000,4925.0000,40000,net,1346.0000
2026-09-10T08:43:05Z,bcd2e26,main,ray_obb,293,avg,293,278,337,400000,net,1346.0000
2026-09-10T08:43:05Z,bcd2e26,main,ray_aabb_diag,66,avg,66,63,77,400000,net,1346.0000
2026-09-10T08:43:05Z,bcd2e26,main,ray_capsule_diag,538,avg,538,510,598,400000,net,1346.0000
2026-09-10T08:43:05Z,bcd2e26,main,ray_capsule,395,avg,395,375,441,400000,net,1346.0000
2026-09-10T08:43:05Z,bcd2e26,main,ray_sphere,60,avg,60,55,88,400000,net,1346.0000
2026-09-10T08:43:05Z,bcd2e26,main,ray_aabb,44,avg,44,42,52,400000,net,1346.0000
2026-09-10T08:43:05Z,bcd2e26,main,ray_triangle,146,avg,146,139,178,400000,net,1346.0000
2026-09-10T08:43:05Z,bcd2e26,main,srgb_to_linear,102,avg,102,97,109,400000,net,1346.0000
2026-09-10T08:43:05Z,bcd2e26,main,tonemap_reinhard,24,avg,24,23,48,400000,net,1346.0000
2026-09-10T08:43:05Z,bcd2e26,main,calc_derivative,99,avg,99,96,106,400000,net,1346.0000
2026-09-10T08:43:05Z,bcd2e26,main,calc_integral_simpson,5170.0000,avg,5170.0000,4826.0000,8230.0000,100000,net,1346.0000
2026-09-10T08:43:05Z,bcd2e26,main,num_gcd,26,avg,26,25,35,400000,net,1346.0000
2026-09-10T08:43:05Z,bcd2e26,main,num_is_prime,20803.0000,avg,20803.0000,17796.0000,66753.0000,500000,net,1346.0000
2026-09-10T08:43:05Z,bcd2e26,main,cx_mul,25,avg,25,23,39,1000000,net,1346.0000
2026-09-10T08:43:05Z,bcd2e26,main,ease_in_out,7,avg,7,7,38,1000000,net,1346.0000
2026-09-10T08:43:05Z,bcd2e26,main,perlin_2d,79,avg,79,75,247,200000,net,1346.0000
2026-09-10T08:43:05Z,bcd2e26,main,convex_hull_2d_2k,1780000.0000,avg,1780000.0000,1773000.0000,1786000.0000,20,net,1346.0000
2026-09-10T08:43:05Z,bcd2e26,main,halfedge_2k_tris,771895.0000,avg,771895.0000,745187.0000,794915.0000,20,net,1346.0000
2026-09-10T08:43:05Z,bcd2e26,main,bvh_degenerate_4k,2603000.0000,avg,2603000.0000,2603000.0000,2603000.0000,3,net,1346.0000
2026-09-10T08:43:05Z,bcd2e26,main,bvh_query_ray_200x4k,1068000.0000,avg,1068000.0000,1068000.0000,1068000.0000,5,net,1346.0000
2026-09-10T08:43:05Z,bcd2e26,main,kdtree_build_4k,2483000.0000,avg,2483000.0000,2483000.0000,2483000.0000,5,net,1346.0000
2026-09-10T08:43:05Z,bcd2e26,main,kdtree_build_octave_512,574551.0000,avg,574551.0000,562622.0000,577987.0000,20,net,1346.0000
2026-09-10T08:43:05Z,bcd2e26,main,einsum_matmul_2x2,1039.0000,avg,1039.0000,995,1427.0000,20000,net,1346.0000
2026-09-10T08:43:05Z,bcd2e26,main,einsum_trace_2x2,458,avg,458,440,525,20000,net,1346.0000
2026-09-10T08:43:05Z,bcd2e26,main,kdtree_radius_4k,698,avg,698,548,711,200,net,1346.0000
2026-09-10T08:43:05Z,bcd2e26,main,delaunay_2d_400,1525000.0000,avg,1525000.0000,1525000.0000,1525000.0000,3,net,1346.0000
2026-09-10T08:43:05Z,bcd2e26,main,delaunay_2d_circle_150,386891.0000,avg,386891.0000,386891.0000,386891.0000,3,net,1346.0000
2026-09-10T08:43:05Z,bcd2e26,main,triangulate_600gon,1667000.0000,avg,1667000.0000,1667000.0000,1667000.0000,3,net,1346.0000
2026-09-10T08:43:05Z,bcd2e26,main,triangulate_comb_600,5702000.0000,avg,5702000.0000,5702000.0000,5702000.0000,3,net,1346.0000
2026-09-10T08:43:05Z,bcd2e26,main,triangulate_hex_6,1271.0000,avg,1271.0000,1204.0000,2071.0000,20000,net,1346.0000
2026-09-10T08:43:05Z,bcd2e26,main,svd_golub_kahan_12,119944.0000,avg,119944.0000,118999.0000,127511.0000,20,net,1346.0000
2026-09-10T08:43:05Z,bcd2e26,main,eigen_qr_12,91340.0000,avg,91340.0000,89727.0000,98946.0000,20,net,1346.0000
2026-09-10T08:43:05Z,bcd2e26,main,gjk_epa_3d_cyl_box,88476.0000,avg,88476.0000,84908.0000,138685.0000,100,net,1346.0000
2026-09-10T08:43:05Z,bcd2e26,main,mpr_penetration_boxes,13701.0000,avg,13701.0000,12578.0000,18575.0000,200,net,1346.0000
2026-09-10T08:43:05Z,bcd2e26,main,gjk_epa_boxes,13953.0000,avg,13953.0000,12905.0000,19847.0000,200,net,1346.0000
2026-09-10T08:43:05Z,bcd2e26,main,gjk_epa_spheres,447296.0000,avg,447296.0000,430901.0000,507657.0000,200,net,1346.0000
2026-09-10T08:43:05Z,bcd2e26,main,gjk_epa_sphere_box,86362.0000,avg,86362.0000,83581.0000,143365.0000,200,net,1346.0000
2026-09-10T08:43:05Z,bcd2e26,main,gjk_intersect_box_miss,487,avg,487,473,513,40000,net,1346.0000
2026-09-10T08:43:05Z,bcd2e26,main,gjk_intersect_sph_miss,714,avg,714,689,738,40000,net,1346.0000
2026-09-10T08:43:05Z,bcd2e26,main,gjk_intersect_box_hit,1087.0000,avg,1087.0000,1049.0000,1181.0000,10000,net,1346.0000
2026-09-10T08:43:05Z,bcd2e26,main,gjk_intersect_tangent,1240.0000,avg,1240.0000,1198.0000,1326.0000,10000,net,1346.0000
2026-09-10T08:43:05Z,bcd2e26,main,mpr_intersect_box_miss,1024.0000,avg,1024.0000,998,1035.0000,40000,net,1346.0000
2026-09-10T08:43:05Z,bcd2e26,main,mpr_intersect_box_hit,3596.0000,avg,3596.0000,3489.0000,3692.0000,10000,net,1346.0000
2026-09-10T08:43:05Z,bcd2e26,main,mpr_intersect_tangent,3708.0000,avg,3708.0000,3626.0000,3813.0000,10000,net,1346.0000
2026-09-10T08:43:05Z,bcd2e26,main,bvh_scatter_4k,5179000.0000,avg,5179000.0000,5179000.0000,5179000.0000,5,net,1346.0000
2026-09-10T08:43:05Z,bcd2e26,main,spatial_hash_query_2k,434227.0000,avg,434227.0000,434227.0000,434227.0000,5,net,1346.0000
2026-09-10T08:43:05Z,bcd2e26,main,num_dct_1024,302976.0000,avg,302976.0000,302976.0000,302976.0000,10,net,1346.0000
2026-09-10T08:43:05Z,bcd2e26,main,num_dst_1024,7030000.0000,avg,7030000.0000,7030000.0000,7030000.0000,10,net,1346.0000
2026-09-10T08:43:05Z,bcd2e26,main,num_dct_1023,1707000.0000,avg,1707000.0000,1707000.0000,1707000.0000,10,net,1346.0000
2026-09-10T08:43:05Z,bcd2e26,main,num_dst_1023,470428.0000,avg,470428.0000,470428.0000,470428.0000,10,net,1346.0000
2026-09-10T21:39:05Z,5857854,main,vec3_add,16,avg,16,15,51,400000,net,1321.0000
2026-09-10T21:39:05Z,5857854,main,vec3_cross,28,avg,28,26,56,400000,net,1321.0000
2026-09-10T21:39:05Z,5857854,main,vec3_normalize,35,avg,35,33,59,400000,net,1321.0000
2026-09-10T21:39:05Z,5857854,main,vec3_dot_x64,380,avg,380,362,430,200000,net,1321.0000
2026-09-10T21:39:05Z,5857854,main,vec4_dot_x64,297,avg,297,291,337,400000,net,1321.0000
2026-09-10T21:39:05Z,5857854,main,m4_mul_x16,1909.0000,avg,1909.0000,1734.0000,3874.0000,200000,net,1321.0000
2026-09-10T21:39:05Z,5857854,main,m4_transform_x64,2717.0000,avg,2717.0000,2440.0000,19587.0000,200000,net,1321.0000
2026-09-10T21:39:05Z,5857854,main,quat_mul,38,avg,38,35,54,1000000,net,1321.0000
2026-09-10T21:39:05Z,5857854,main,quat_slerp,240,avg,240,233,281,400000,net,1321.0000
2026-09-10T21:39:05Z,5857854,main,quat_rotate_vec3,38,avg,38,36,83,400000,net,1321.0000
2026-09-10T21:39:05Z,5857854,main,m4_mul,118,avg,118,110,159,400000,net,1321.0000
2026-09-10T21:39:05Z,5857854,main,m4_inverse,244,avg,244,235,270,400000,net,1321.0000
2026-09-10T21:39:05Z,5857854,main,m4_transform_point,95,avg,95,87,135,400000,net,1321.0000
2026-09-10T21:39:05Z,5857854,main,t3d_compose,151,avg,151,143,190,400000,net,1321.0000
2026-09-10T21:39:05Z,5857854,main,jet_sphere,190,avg,190,180,218,400000,net,1321.0000
2026-09-10T21:39:05Z,5857854,main,jet_plane,100,avg,100,92,137,400000,net,1321.0000
2026-09-10T21:39:05Z,5857854,main,jet_triangle,467,avg,467,444,503,400000,net,1321.0000
2026-09-10T21:39:05Z,5857854,main,jet_aabb,178,avg,178,169,206,400000,net,1321.0000
2026-09-10T21:39:05Z,5857854,main,jet_obb,541,avg,541,524,583,400000,net,1321.0000
2026-09-10T21:39:05Z,5857854,main,jet_capsule,691,avg,691,668,746,400000,net,1321.0000
2026-09-10T21:39:05Z,5857854,main,grad_fwd_16,43830.0000,avg,43830.0000,43321.0000,46466.0000,40000,net,1321.0000
2026-09-10T21:39:05Z,5857854,main,grad_rev_16,4505.0000,avg,4505.0000,4379.0000,8009.0000,40000,net,1321.0000
2026-09-10T21:39:05Z,5857854,main,ray_obb,282,avg,282,268,368,400000,net,1321.0000
2026-09-10T21:39:05Z,5857854,main,ray_aabb_diag,66,avg,66,62,73,400000,net,1321.0000
2026-09-10T21:39:05Z,5857854,main,ray_capsule_diag,511,avg,511,491,568,400000,net,1321.0000
2026-09-10T21:39:05Z,5857854,main,ray_capsule,376,avg,376,363,421,400000,net,1321.0000
2026-09-10T21:39:05Z,5857854,main,ray_sphere,58,avg,58,54,83,400000,net,1321.0000
2026-09-10T21:39:05Z,5857854,main,ray_aabb,41,avg,41,40,47,400000,net,1321.0000
2026-09-10T21:39:05Z,5857854,main,ray_triangle,141,avg,141,134,169,400000,net,1321.0000
2026-09-10T21:39:05Z,5857854,main,srgb_to_linear,96,avg,96,91,102,400000,net,1321.0000
2026-09-10T21:39:05Z,5857854,main,tonemap_reinhard,22,avg,22,21,47,400000,net,1321.0000
2026-09-10T21:39:05Z,5857854,main,calc_derivative,91,avg,91,90,97,400000,net,1321.0000
2026-09-10T21:39:05Z,5857854,main,calc_integral_simpson,4822.0000,avg,4822.0000,4572.0000,8003.0000,100000,net,1321.0000
2026-09-10T21:39:05Z,5857854,main,num_gcd,25,avg,25,24,29,400000,net,1321.0000
2026-09-10T21:39:05Z,5857854,main,num_is_prime,19690.0000,avg,19690.0000,17280.0000,121059.0000,500000,net,1321.0000
2026-09-10T21:39:05Z,5857854,main,cx_mul,25,avg,25,23,393,1000000,net,1321.0000
2026-09-10T21:39:05Z,5857854,main,ease_in_out,7,avg,7,6,35,1000000,net,1321.0000
2026-09-10T21:39:05Z,5857854,main,perlin_2d,74,avg,74,71,244,200000,net,1321.0000
2026-09-10T21:39:05Z,5857854,main,convex_hull_2d_2k,1645000.0000,avg,1645000.0000,1637000.0000,1716000.0000,20,net,1321.0000
2026-09-10T21:39:05Z,5857854,main,halfedge_2k_tris,730157.0000,avg,730157.0000,687873.0000,750101.0000,20,net,1321.0000
2026-09-10T21:39:05Z,5857854,main,bvh_degenerate_4k,2297000.0000,avg,2297000.0000,2297000.0000,2297000.0000,3,net,1321.0000
2026-09-10T21:39:05Z,5857854,main,bvh_query_ray_200x4k,935245.0000,avg,935245.0000,935245.0000,935245.0000,5,net,1321.0000
2026-09-10T21:39:05Z,5857854,main,kdtree_build_4k,2292000.0000,avg,2292000.0000,2292000.0000,2292000.0000,5,net,1321.0000
2026-09-10T21:39:05Z,5857854,main,kdtree_build_octave_512,529838.0000,avg,529838.0000,525771.0000,539181.0000,20,net,1321.0000
2026-09-10T21:39:05Z,5857854,main,einsum_matmul_2x2,955,avg,955,906,1288.0000,20000,net,1321.0000
2026-09-10T21:39:05Z,5857854,main,einsum_trace_2x2,418,avg,418,404,445,20000,net,1321.0000
2026-09-10T21:39:05Z,5857854,main,kdtree_radius_4k,669,avg,669,489,684,200,net,1321.0000
2026-09-10T21:39:05Z,5857854,main,delaunay_2d_400,1385000.0000,avg,1385000.0000,1385000.0000,1385000.0000,3,net,1321.0000
2026-09-10T21:39:05Z,5857854,main,delaunay_2d_circle_150,355401.0000,avg,355401.0000,355401.0000,355401.0000,3,net,1321.0000
2026-09-10T21:39:05Z,5857854,main,triangulate_600gon,1544000.0000,avg,1544000.0000,1544000.0000,1544000.0000,3,net,1321.0000
2026-09-10T21:39:05Z,5857854,main,triangulate_comb_600,5259000.0000,avg,5259000.0000,5259000.0000,5259000.0000,3,net,1321.0000
2026-09-10T21:39:05Z,5857854,main,triangulate_hex_6,1184.0000,avg,1184.0000,1118.0000,1660.0000,20000,net,1321.0000
2026-09-10T21:39:05Z,5857854,main,svd_golub_kahan_12,111422.0000,avg,111422.0000,111039.0000,113149.0000,20,net,1321.0000
2026-09-10T21:39:05Z,5857854,main,eigen_qr_12,84593.0000,avg,84593.0000,82559.0000,84997.0000,20,net,1321.0000
2026-09-10T21:39:05Z,5857854,main,gjk_epa_3d_cyl_box,80638.0000,avg,80638.0000,78228.0000,130679.0000,100,net,1321.0000
2026-09-10T21:39:05Z,5857854,main,mpr_penetration_boxes,12845.0000,avg,12845.0000,11760.0000,17237.0000,200,net,1321.0000
2026-09-10T21:39:05Z,5857854,main,gjk_epa_boxes,12905.0000,avg,12905.0000,11854.0000,18061.0000,200,net,1321.0000
2026-09-10T21:39:05Z,5857854,main,gjk_epa_spheres,408642.0000,avg,408642.0000,394190.0000,490012.0000,200,net,1321.0000
2026-09-10T21:39:05Z,5857854,main,gjk_epa_sphere_box,79652.0000,avg,79652.0000,76901.0000,130679.0000,200,net,1321.0000
2026-09-10T21:39:05Z,5857854,main,gjk_intersect_box_miss,459,avg,459,439,494,40000,net,1321.0000
2026-09-10T21:39:05Z,5857854,main,gjk_intersect_sph_miss,660,avg,660,638,692,40000,net,1321.0000
2026-09-10T21:39:05Z,5857854,main,gjk_intersect_box_hit,998,avg,998,957,1089.0000,10000,net,1321.0000
2026-09-10T21:39:05Z,5857854,main,gjk_intersect_tangent,1147.0000,avg,1147.0000,1096.0000,1270.0000,10000,net,1321.0000
2026-09-10T21:39:05Z,5857854,main,mpr_intersect_box_miss,957,avg,957,932,970,40000,net,1321.0000
2026-09-10T21:39:05Z,5857854,main,mpr_intersect_box_hit,3413.0000,avg,3413.0000,3276.0000,3586.0000,10000,net,1321.0000
2026-09-10T21:39:05Z,5857854,main,mpr_intersect_tangent,3482.0000,avg,3482.0000,3377.0000,3673.0000,10000,net,1321.0000
2026-09-10T21:39:05Z,5857854,main,bvh_scatter_4k,4728000.0000,avg,4728000.0000,4728000.0000,4728000.0000,5,net,1321.0000
2026-09-10T21:39:05Z,5857854,main,spatial_hash_query_2k,361108.0000,avg,361108.0000,361108.0000,361108.0000,5,net,1321.0000
2026-09-10T21:39:05Z,5857854,main,num_dct_1024,270984.0000,avg,270984.0000,270984.0000,270984.0000,10,net,1321.0000
2026-09-10T21:39:05Z,5857854,main,num_dst_1024,6510000.0000,avg,6510000.0000,6510000.0000,6510000.0000,10,net,1321.0000
2026-09-10T21:39:05Z,5857854,main,num_dct_1023,1571000.0000,avg,1571000.0000,1571000.0000,1571000.0000,10,net,1321.0000
2026-09-10T21:39:05Z,5857854,main,num_dst_1023,436871.0000,avg,436871.0000,436871.0000,436871.0000,10,net,1321.0000
2026-09-10T23:32:51Z,8924440,main,vec3_add,16,avg,16,15,43,400000,net,1321.0000
2026-09-10T23:32:51Z,8924440,main,vec3_cross,28,avg,28,26,69,400000,net,1321.0000
2026-09-10T23:32:51Z,8924440,main,vec3_normalize,35,avg,35,33,65,400000,net,1321.0000
2026-09-10T23:32:51Z,8924440,main,vec3_dot_x64,381,avg,381,361,501,200000,net,1321.0000
2026-09-10T23:32:51Z,8924440,main,vec4_dot_x64,298,avg,298,291,319,400000,net,1321.0000
2026-09-10T23:32:51Z,8924440,main,m4_mul_x16,1905.0000,avg,1905.0000,1744.0000,5092.0000,200000,net,1321.0000
2026-09-10T23:32:51Z,8924440,main,m4_transform_x64,2722.0000,avg,2722.0000,2452.0000,8500.0000,200000,net,1321.0000
2026-09-10T23:32:51Z,8924440,main,quat_mul,38,avg,38,35,65,1000000,net,1321.0000
2026-09-10T23:32:51Z,8924440,main,quat_slerp,238,avg,238,230,273,400000,net,1321.0000
2026-09-10T23:32:51Z,8924440,main,quat_rotate_vec3,38,avg,38,36,67,400000,net,1321.0000
2026-09-10T23:32:51Z,8924440,main,m4_mul,117,avg,117,108,146,400000,net,1321.0000
2026-09-10T23:32:51Z,8924440,main,m4_inverse,244,avg,244,234,281,400000,net,1321.0000
2026-09-10T23:32:51Z,8924440,main,m4_transform_point,93,avg,93,86,122,400000,net,1321.0000
2026-09-10T23:32:51Z,8924440,main,t3d_compose,151,avg,151,138,271,400000,net,1321.0000
2026-09-10T23:32:51Z,8924440,main,jet_sphere,191,avg,191,180,222,400000,net,1321.0000
2026-09-10T23:32:51Z,8924440,main,jet_plane,99,avg,99,92,127,400000,net,1321.0000
2026-09-10T23:32:51Z,8924440,main,jet_triangle,476,avg,476,443,746,400000,net,1321.0000
2026-09-10T23:32:51Z,8924440,main,jet_aabb,180,avg,180,169,231,400000,net,1321.0000
2026-09-10T23:32:51Z,8924440,main,jet_obb,548,avg,548,525,614,400000,net,1321.0000
2026-09-10T23:32:51Z,8924440,main,jet_capsule,694,avg,694,668,754,400000,net,1321.0000
2026-09-10T23:32:51Z,8924440,main,grad_fwd_16,43742.0000,avg,43742.0000,43317.0000,47672.0000,40000,net,1321.0000
2026-09-10T23:32:51Z,8924440,main,grad_rev_16,4505.0000,avg,4505.0000,4380.0000,4815.0000,40000,net,1321.0000
2026-09-10T23:32:51Z,8924440,main,ray_obb,282,avg,282,269,323,400000,net,1321.0000
2026-09-10T23:32:51Z,8924440,main,ray_aabb_diag,64,avg,64,61,69,400000,net,1321.0000
2026-09-10T23:32:51Z,8924440,main,ray_capsule_diag,513,avg,513,498,557,400000,net,1321.0000
2026-09-10T23:32:51Z,8924440,main,ray_capsule,379,avg,379,363,420,400000,net,1321.0000
2026-09-10T23:32:51Z,8924440,main,ray_sphere,57,avg,57,54,81,400000,net,1321.0000
2026-09-10T23:32:51Z,8924440,main,ray_aabb,41,avg,41,40,45,400000,net,1321.0000
2026-09-10T23:32:51Z,8924440,main,ray_triangle,141,avg,141,134,175,400000,net,1321.0000
2026-09-10T23:32:51Z,8924440,main,srgb_to_linear,96,avg,96,92,112,400000,net,1321.0000
2026-09-10T23:32:51Z,8924440,main,tonemap_reinhard,22,avg,22,21,46,400000,net,1321.0000
2026-09-10T23:32:51Z,8924440,main,calc_derivative,91,avg,91,87,100,400000,net,1321.0000
2026-09-10T23:32:51Z,8924440,main,calc_integral_simpson,4821.0000,avg,4821.0000,4578.0000,6896.0000,100000,net,1321.0000
2026-09-10T23:32:51Z,8924440,main,num_gcd,25,avg,25,24,29,400000,net,1321.0000
2026-09-10T23:32:51Z,8924440,main,num_is_prime,19691.0000,avg,19691.0000,17241.0000,25772.0000,500000,net,1321.0000
2026-09-10T23:32:51Z,8924440,main,cx_mul,23,avg,23,22,524,1000000,net,1321.0000
2026-09-10T23:32:51Z,8924440,main,ease_in_out,6,avg,6,6,35,1000000,net,1321.0000
2026-09-10T23:32:51Z,8924440,main,perlin_2d,73,avg,73,70,275,200000,net,1321.0000
2026-09-10T23:32:51Z,8924440,main,convex_hull_2d_2k,1636000.0000,avg,1636000.0000,1632000.0000,1650000.0000,20,net,1321.0000
2026-09-10T23:32:51Z,8924440,main,halfedge_2k_tris,743902.0000,avg,743902.0000,697232.0000,751789.0000,20,net,1321.0000
2026-09-10T23:32:51Z,8924440,main,bvh_degenerate_4k,2294000.0000,avg,2294000.0000,2294000.0000,2294000.0000,3,net,1321.0000
2026-09-10T23:32:51Z,8924440,main,bvh_query_ray_200x4k,981522.0000,avg,981522.0000,981522.0000,981522.0000,5,net,1321.0000
2026-09-10T23:32:51Z,8924440,main,kdtree_build_4k,2357000.0000,avg,2357000.0000,2357000.0000,2357000.0000,5,net,1321.0000
2026-09-10T23:32:51Z,8924440,main,kdtree_build_octave_512,541819.0000,avg,541819.0000,528146.0000,543601.0000,20,net,1321.0000
2026-09-10T23:32:51Z,8924440,main,einsum_matmul_2x2,945,avg,945,906,1296.0000,20000,net,1321.0000
2026-09-10T23:32:51Z,8924440,main,einsum_trace_2x2,427,avg,427,406,477,20000,net,1321.0000
2026-09-10T23:32:51Z,8924440,main,kdtree_radius_4k,713,avg,713,506,731,200,net,1321.0000
2026-09-10T23:32:51Z,8924440,main,delaunay_2d_400,1385000.0000,avg,1385000.0000,1385000.0000,1385000.0000,3,net,1321.0000
2026-09-10T23:32:51Z,8924440,main,delaunay_2d_circle_150,357356.0000,avg,357356.0000,357356.0000,357356.0000,3,net,1321.0000
2026-09-10T23:32:51Z,8924440,main,triangulate_600gon,1782000.0000,avg,1782000.0000,1782000.0000,1782000.0000,3,net,1321.0000
2026-09-10T23:32:51Z,8924440,main,triangulate_comb_600,5579000.0000,avg,5579000.0000,5579000.0000,5579000.0000,3,net,1321.0000
2026-09-10T23:32:51Z,8924440,main,triangulate_hex_6,1231.0000,avg,1231.0000,1116.0000,1815.0000,20000,net,1321.0000
2026-09-10T23:32:51Z,8924440,main,svd_golub_kahan_12,116831.0000,avg,116831.0000,114057.0000,117473.0000,20,net,1321.0000
2026-09-10T23:32:51Z,8924440,main,eigen_qr_12,88340.0000,avg,88340.0000,88286.0000,88425.0000,20,net,1321.0000
2026-09-10T23:32:51Z,8924440,main,gjk_epa_3d_cyl_box,81777.0000,avg,81777.0000,77948.0000,132565.0000,100,net,1321.0000
2026-09-10T23:32:51Z,8924440,main,mpr_penetration_boxes,13369.0000,avg,13369.0000,11806.0000,17886.0000,200,net,1321.0000
2026-09-10T23:32:51Z,8924440,main,gjk_epa_boxes,13475.0000,avg,13475.0000,12264.0000,18075.0000,200,net,1321.0000
2026-09-10T23:32:51Z,8924440,main,gjk_epa_spheres,415621.0000,avg,415621.0000,397891.0000,480723.0000,200,net,1321.0000
2026-09-10T23:32:51Z,8924440,main,gjk_epa_sphere_box,80381.0000,avg,80381.0000,77251.0000,132145.0000,200,net,1321.0000
2026-09-10T23:32:51Z,8924440,main,gjk_intersect_box_miss,462,avg,462,443,492,40000,net,1321.0000
2026-09-10T23:32:51Z,8924440,main,gjk_intersect_sph_miss,664,avg,664,642,691,40000,net,1321.0000
2026-09-10T23:32:51Z,8924440,main,gjk_intersect_box_hit,1028.0000,avg,1028.0000,971,1152.0000,10000,net,1321.0000
2026-09-10T23:32:51Z,8924440,main,gjk_intersect_tangent,1180.0000,avg,1180.0000,1109.0000,1296.0000,10000,net,1321.0000
2026-09-10T23:32:51Z,8924440,main,mpr_intersect_box_miss,965,avg,965,934,1006.0000,40000,net,1321.0000
2026-09-10T23:32:51Z,8924440,main,mpr_intersect_box_hit,3391.0000,avg,3391.0000,3282.0000,3574.0000,10000,net,1321.0000
2026-09-10T23:32:51Z,8924440,main,mpr_intersect_tangent,3577.0000,avg,3577.0000,3390.0000,3867.0000,10000,net,1321.0000
2026-09-10T23:32:51Z,8924440,main,bvh_scatter_4k,4728000.0000,avg,4728000.0000,4728000.0000,4728000.0000,5,net,1321.0000
2026-09-10T23:32:51Z,8924440,main,spatial_hash_query_2k,413210.0000,avg,413210.0000,413210.0000,413210.0000,5,net,1321.0000
2026-09-10T23:32:51Z,8924440,main,num_dct_1024,281705.0000,avg,281705.0000,281705.0000,281705.0000,10,net,1321.0000
2026-09-10T23:32:51Z,8924440,main,num_dst_1024,6567000.0000,avg,6567000.0000,6567000.0000,6567000.0000,10,net,1321.0000
2026-09-10T23:32:51Z,8924440,main,num_dct_1023,1585000.0000,avg,1585000.0000,1585000.0000,1585000.0000,10,net,1321.0000
2026-09-10T23:32:51Z,8924440,main,num_dst_1023,447627.0000,avg,447627.0000,447627.0000,447627.0000,10,net,1321.0000
2026-09-10T23:33:44Z,8924440,main,vec3_add,17,avg,17,15,42,400000,net,1333.0000
2026-09-10T23:33:44Z,8924440,main,vec3_cross,30,avg,30,27,56,400000,net,1333.0000
2026-09-10T23:33:44Z,8924440,main,vec3_normalize,36,avg,36,35,62,400000,net,1333.0000
2026-09-10T23:33:44Z,8924440,main,vec3_dot_x64,401,avg,401,380,528,200000,net,1333.0000
2026-09-10T23:33:44Z,8924440,main,vec4_dot_x64,317,avg,317,302,467,400000,net,1333.0000
2026-09-10T23:33:44Z,8924440,main,m4_mul_x16,2246.0000,avg,2246.0000,1823.0000,6765.0000,200000,net,1333.0000
2026-09-10T23:33:44Z,8924440,main,m4_transform_x64,3240.0000,avg,3240.0000,2663.0000,18104.0000,200000,net,1333.0000
2026-09-10T23:33:44Z,8924440,main,quat_mul,46,avg,46,8,118,1000000,net,1333.0000
2026-09-10T23:33:44Z,8924440,main,quat_slerp,268,avg,268,258,307,400000,net,1333.0000
2026-09-10T23:33:44Z,8924440,main,quat_rotate_vec3,48,avg,48,40,115,400000,net,1333.0000
2026-09-10T23:33:44Z,8924440,main,m4_mul,147,avg,147,119,353,400000,net,1333.0000
2026-09-10T23:33:44Z,8924440,main,m4_inverse,321,avg,321,257,517,400000,net,1333.0000
2026-09-10T23:33:44Z,8924440,main,m4_transform_point,109,avg,109,95,191,400000,net,1333.0000
2026-09-10T23:33:44Z,8924440,main,t3d_compose,191,avg,191,152,353,400000,net,1333.0000
2026-09-10T23:33:44Z,8924440,main,jet_sphere,226,avg,226,197,347,400000,net,1333.0000
2026-09-10T23:33:44Z,8924440,main,jet_plane,119,avg,119,100,221,400000,net,1333.0000
2026-09-10T23:33:44Z,8924440,main,jet_triangle,517,avg,517,455,750,400000,net,1333.0000
2026-09-10T23:33:44Z,8924440,main,jet_aabb,185,avg,185,174,223,400000,net,1333.0000
2026-09-10T23:33:44Z,8924440,main,jet_obb,558,avg,558,536,719,400000,net,1333.0000
2026-09-10T23:33:44Z,8924440,main,jet_capsule,712,avg,712,677,780,400000,net,1333.0000
2026-09-10T23:33:44Z,8924440,main,grad_fwd_16,45170.0000,avg,45170.0000,44527.0000,47611.0000,40000,net,1333.0000
2026-09-10T23:33:44Z,8924440,main,grad_rev_16,4684.0000,avg,4684.0000,4470.0000,4895.0000,40000,net,1333.0000
2026-09-10T23:33:44Z,8924440,main,ray_obb,283,avg,283,270,320,400000,net,1333.0000
2026-09-10T23:33:44Z,8924440,main,ray_aabb_diag,64,avg,64,61,70,400000,net,1333.0000
2026-09-10T23:33:44Z,8924440,main,ray_capsule_diag,525,avg,525,498,585,400000,net,1333.0000
2026-09-10T23:33:44Z,8924440,main,ray_capsule,390,avg,390,368,468,400000,net,1333.0000
2026-09-10T23:33:44Z,8924440,main,ray_sphere,59,avg,59,55,86,400000,net,1333.0000
2026-09-10T23:33:44Z,8924440,main,ray_aabb,43,avg,43,41,52,400000,net,1333.0000
2026-09-10T23:33:44Z,8924440,main,ray_triangle,145,avg,145,137,185,400000,net,1333.0000
2026-09-10T23:33:44Z,8924440,main,srgb_to_linear,98,avg,98,95,112,400000,net,1333.0000
2026-09-10T23:33:44Z,8924440,main,tonemap_reinhard,23,avg,23,21,49,400000,net,1333.0000
2026-09-10T23:33:44Z,8924440,main,calc_derivative,93,avg,93,92,102,400000,net,1333.0000
2026-09-10T23:33:44Z,8924440,main,calc_integral_simpson,4999.0000,avg,4999.0000,4736.0000,6991.0000,100000,net,1333.0000
2026-09-10T23:33:44Z,8924440,main,num_gcd,25,avg,25,25,32,400000,net,1333.0000
2026-09-10T23:33:44Z,8924440,main,num_is_prime,20298.0000,avg,20298.0000,17752.0000,25782.0000,500000,net,1333.0000
2026-09-10T23:33:44Z,8924440,main,cx_mul,24,avg,24,22,479,1000000,net,1333.0000
2026-09-10T23:33:44Z,8924440,main,ease_in_out,7,avg,7,6,38,1000000,net,1333.0000
2026-09-10T23:33:44Z,8924440,main,perlin_2d,76,avg,76,75,217,200000,net,1333.0000
2026-09-10T23:33:44Z,8924440,main,convex_hull_2d_2k,1675000.0000,avg,1675000.0000,1654000.0000,1677000.0000,20,net,1333.0000
2026-09-10T23:33:44Z,8924440,main,halfedge_2k_tris,734924.0000,avg,734924.0000,694915.0000,756166.0000,20,net,1333.0000
2026-09-10T23:33:44Z,8924440,main,bvh_degenerate_4k,2361000.0000,avg,2361000.0000,2361000.0000,2361000.0000,3,net,1333.0000
2026-09-10T23:33:44Z,8924440,main,bvh_query_ray_200x4k,987275.0000,avg,987275.0000,987275.0000,987275.0000,5,net,1333.0000
2026-09-10T23:33:44Z,8924440,main,kdtree_build_4k,2362000.0000,avg,2362000.0000,2362000.0000,2362000.0000,5,net,1333.0000
2026-09-10T23:33:44Z,8924440,main,kdtree_build_octave_512,543241.0000,avg,543241.0000,533791.0000,545454.0000,20,net,1333.0000
2026-09-10T23:33:44Z,8924440,main,einsum_matmul_2x2,979,avg,979,925,1446.0000,20000,net,1333.0000
2026-09-10T23:33:44Z,8924440,main,einsum_trace_2x2,439,avg,439,426,476,20000,net,1333.0000
2026-09-10T23:33:44Z,8924440,main,kdtree_radius_4k,663,avg,663,545,674,200,net,1333.0000
2026-09-10T23:33:44Z,8924440,main,delaunay_2d_400,1447000.0000,avg,1447000.0000,1447000.0000,1447000.0000,3,net,1333.0000
2026-09-10T23:33:44Z,8924440,main,delaunay_2d_circle_150,372065.0000,avg,372065.0000,372065.0000,372065.0000,3,net,1333.0000
2026-09-10T23:33:44Z,8924440,main,triangulate_600gon,1595000.0000,avg,1595000.0000,1595000.0000,1595000.0000,3,net,1333.0000
2026-09-10T23:33:44Z,8924440,main,triangulate_comb_600,5387000.0000,avg,5387000.0000,5387000.0000,5387000.0000,3,net,1333.0000
2026-09-10T23:33:44Z,8924440,main,triangulate_hex_6,1207.0000,avg,1207.0000,1134.0000,1894.0000,20000,net,1333.0000
2026-09-10T23:33:44Z,8924440,main,svd_golub_kahan_12,118962.0000,avg,118962.0000,116210.0000,125499.0000,20,net,1333.0000
2026-09-10T23:33:44Z,8924440,main,eigen_qr_12,90107.0000,avg,90107.0000,88692.0000,100426.0000,20,net,1333.0000
2026-09-10T23:33:44Z,8924440,main,gjk_epa_3d_cyl_box,82876.0000,avg,82876.0000,79333.0000,133530.0000,100,net,1333.0000
2026-09-10T23:33:44Z,8924440,main,mpr_penetration_boxes,13877.0000,avg,13877.0000,12051.0000,29633.0000,200,net,1333.0000
2026-09-10T23:33:44Z,8924440,main,gjk_epa_boxes,13651.0000,avg,13651.0000,12198.0000,19163.0000,200,net,1333.0000
2026-09-10T23:33:44Z,8924440,main,gjk_epa_spheres,424455.0000,avg,424455.0000,402908.0000,522197.0000,200,net,1333.0000
2026-09-10T23:33:44Z,8924440,main,gjk_epa_sphere_box,82473.0000,avg,82473.0000,78216.0000,134159.0000,200,net,1333.0000
2026-09-10T23:33:44Z,8924440,main,gjk_intersect_box_miss,463,avg,463,442,493,40000,net,1333.0000
2026-09-10T23:33:44Z,8924440,main,gjk_intersect_sph_miss,678,avg,678,653,714,40000,net,1333.0000
2026-09-10T23:33:44Z,8924440,main,gjk_intersect_box_hit,1031.0000,avg,1031.0000,980,1145.0000,10000,net,1333.0000
2026-09-10T23:33:44Z,8924440,main,gjk_intersect_tangent,1164.0000,avg,1164.0000,1112.0000,1292.0000,10000,net,1333.0000
2026-09-10T23:33:44Z,8924440,main,mpr_intersect_box_miss,979,avg,979,951,1017.0000,40000,net,1333.0000
2026-09-10T23:33:44Z,8924440,main,mpr_intersect_box_hit,3451.0000,avg,3451.0000,3323.0000,3612.0000,10000,net,1333.0000
2026-09-10T23:33:44Z,8924440,main,mpr_intersect_tangent,3561.0000,avg,3561.0000,3465.0000,3741.0000,10000,net,1333.0000
2026-09-10T23:33:44Z,8924440,main,bvh_scatter_4k,4853000.0000,avg,4853000.0000,4853000.0000,4853000.0000,5,net,1333.0000
2026-09-10T23:33:44Z,8924440,main,spatial_hash_query_2k,381486.0000,avg,381486.0000,381486.0000,381486.0000,5,net,1333.0000
2026-09-10T23:33:44Z,8924440,main,num_dct_1024,282521.0000,avg,282521.0000,282521.0000,282521.0000,10,net,1333.0000
2026-09-10T23:33:44Z,8924440,main,num_dst_1024,6633000.0000,avg,6633000.0000,6633000.0000,6633000.0000,10,net,1333.0000
2026-09-10T23:33:44Z,8924440,main,num_dct_1023,1661000.0000,avg,1661000.0000,1661000.0000,1661000.0000,10,net,1333.0000
2026-09-10T23:33:44Z,8924440,main,num_dst_1023,466001.0000,avg,466001.0000,466001.0000,466001.0000,10,net,1333.0000
2026-09-11T01:55:19Z,fcdae2b,main,vec3_add,17,avg,17,16,40,400000,net,1334.0000
2026-09-11T01:55:19Z,fcdae2b,main,vec3_cross,29,avg,29,26,63,400000,net,1334.0000
2026-09-11T01:55:19Z,fcdae2b,main,vec3_normalize,36,avg,36,33,66,400000,net,1334.0000
2026-09-11T01:55:19Z,fcdae2b,main,vec3_dot_x64,381,avg,381,361,425,200000,net,1334.0000
2026-09-11T01:55:19Z,fcdae2b,main,vec4_dot_x64,300,avg,300,292,319,400000,net,1334.0000
2026-09-11T01:55:19Z,fcdae2b,main,m4_mul_x16,1920.0000,avg,1920.0000,1745.0000,4308.0000,200000,net,1334.0000
2026-09-11T01:55:19Z,fcdae2b,main,m4_transform_x64,2738.0000,avg,2738.0000,2465.0000,4762.0000,200000,net,1334.0000
2026-09-11T01:55:19Z,fcdae2b,main,quat_mul,38,avg,38,34,53,1000000,net,1334.0000
2026-09-11T01:55:19Z,fcdae2b,main,quat_slerp,240,avg,240,233,271,400000,net,1334.0000
2026-09-11T01:55:19Z,fcdae2b,main,quat_rotate_vec3,38,avg,38,36,67,400000,net,1334.0000
2026-09-11T01:55:19Z,fcdae2b,main,m4_mul,119,avg,119,111,163,400000,net,1334.0000
2026-09-11T01:55:19Z,fcdae2b,main,m4_inverse,246,avg,246,238,274,400000,net,1334.0000
2026-09-11T01:55:19Z,fcdae2b,main,m4_transform_point,93,avg,93,87,119,400000,net,1334.0000
2026-09-11T01:55:19Z,fcdae2b,main,t3d_compose,148,avg,148,140,192,400000,net,1334.0000
2026-09-11T01:55:19Z,fcdae2b,main,jet_sphere,195,avg,195,182,312,400000,net,1334.0000
2026-09-11T01:55:19Z,fcdae2b,main,jet_plane,99,avg,99,92,129,400000,net,1334.0000
2026-09-11T01:55:19Z,fcdae2b,main,jet_triangle,473,avg,473,447,740,400000,net,1334.0000
2026-09-11T01:55:19Z,fcdae2b,main,jet_aabb,182,avg,182,172,222,400000,net,1334.0000
2026-09-11T01:55:19Z,fcdae2b,main,jet_obb,545,avg,545,525,593,400000,net,1334.0000
2026-09-11T01:55:19Z,fcdae2b,main,jet_capsule,697,avg,697,673,743,400000,net,1334.0000
2026-09-11T01:55:19Z,fcdae2b,main,grad_fwd_16,43904.0000,avg,43904.0000,43585.0000,46106.0000,40000,net,1334.0000
2026-09-11T01:55:19Z,fcdae2b,main,grad_rev_16,4488.0000,avg,4488.0000,4406.0000,4751.0000,40000,net,1334.0000
2026-09-11T01:55:19Z,fcdae2b,main,ray_obb,282,avg,282,270,361,400000,net,1334.0000
2026-09-11T01:55:19Z,fcdae2b,main,ray_aabb_diag,64,avg,64,62,76,400000,net,1334.0000
2026-09-11T01:55:19Z,fcdae2b,main,ray_capsule_diag,513,avg,513,495,592,400000,net,1334.0000
2026-09-11T01:55:19Z,fcdae2b,main,ray_capsule,386,avg,386,363,456,400000,net,1334.0000
2026-09-11T01:55:19Z,fcdae2b,main,ray_sphere,58,avg,58,54,89,400000,net,1334.0000
2026-09-11T01:55:19Z,fcdae2b,main,ray_aabb,43,avg,43,40,48,400000,net,1334.0000
2026-09-11T01:55:19Z,fcdae2b,main,ray_triangle,141,avg,141,134,175,400000,net,1334.0000
2026-09-11T01:55:19Z,fcdae2b,main,srgb_to_linear,96,avg,96,93,106,400000,net,1334.0000
2026-09-11T01:55:19Z,fcdae2b,main,tonemap_reinhard,22,avg,22,21,46,400000,net,1334.0000
2026-09-11T01:55:19Z,fcdae2b,main,calc_derivative,92,avg,92,89,112,400000,net,1334.0000
2026-09-11T01:55:19Z,fcdae2b,main,calc_integral_simpson,4857.0000,avg,4857.0000,4609.0000,6683.0000,100000,net,1334.0000
2026-09-11T01:55:19Z,fcdae2b,main,num_gcd,25,avg,25,24,29,400000,net,1334.0000
2026-09-11T01:55:19Z,fcdae2b,main,num_is_prime,19823.0000,avg,19823.0000,17203.0000,49236.0000,500000,net,1334.0000
2026-09-11T01:55:19Z,fcdae2b,main,cx_mul,23,avg,23,21,479,1000000,net,1334.0000
2026-09-11T01:55:19Z,fcdae2b,main,ease_in_out,7,avg,7,6,8,1000000,net,1334.0000
2026-09-11T01:55:19Z,fcdae2b,main,perlin_2d,73,avg,73,69,248,200000,net,1334.0000
2026-09-11T01:55:19Z,fcdae2b,main,convex_hull_2d_2k,1668000.0000,avg,1668000.0000,1643000.0000,1671000.0000,20,net,1334.0000
2026-09-11T01:55:19Z,fcdae2b,main,halfedge_2k_tris,716451.0000,avg,716451.0000,698406.0000,724177.0000,20,net,1334.0000
2026-09-11T01:55:19Z,fcdae2b,main,bvh_degenerate_4k,2320000.0000,avg,2320000.0000,2320000.0000,2320000.0000,3,net,1334.0000
2026-09-11T01:55:19Z,fcdae2b,main,bvh_query_ray_200x4k,927979.0000,avg,927979.0000,927979.0000,927979.0000,5,net,1334.0000
2026-09-11T01:55:19Z,fcdae2b,main,kdtree_build_4k,2353000.0000,avg,2353000.0000,2353000.0000,2353000.0000,5,net,1334.0000
2026-09-11T01:55:19Z,fcdae2b,main,kdtree_build_octave_512,532991.0000,avg,532991.0000,525479.0000,539866.0000,20,net,1334.0000
2026-09-11T01:55:19Z,fcdae2b,main,einsum_matmul_2x2,964,avg,964,919,1297.0000,20000,net,1334.0000
2026-09-11T01:55:19Z,fcdae2b,main,einsum_trace_2x2,433,avg,433,404,484,20000,net,1334.0000
2026-09-11T01:55:19Z,fcdae2b,main,kdtree_radius_4k,706,avg,706,488,724,200,net,1334.0000
2026-09-11T01:55:19Z,fcdae2b,main,delaunay_2d_400,1388000.0000,avg,1388000.0000,1388000.0000,1388000.0000,3,net,1334.0000
2026-09-11T01:55:19Z,fcdae2b,main,delaunay_2d_circle_150,358679.0000,avg,358679.0000,358679.0000,358679.0000,3,net,1334.0000
2026-09-11T01:55:19Z,fcdae2b,main,triangulate_600gon,1549000.0000,avg,1549000.0000,1549000.0000,1549000.0000,3,net,1334.0000
2026-09-11T01:55:19Z,fcdae2b,main,triangulate_comb_600,5293000.0000,avg,5293000.0000,5293000.0000,5293000.0000,3,net,1334.0000
2026-09-11T01:55:19Z,fcdae2b,main,triangulate_hex_6,1187.0000,avg,1187.0000,1117.0000,1750.0000,20000,net,1334.0000
2026-09-11T01:55:19Z,fcdae2b,main,svd_golub_kahan_12,112795.0000,avg,112795.0000,112147.0000,118863.0000,20,net,1334.0000
2026-09-11T01:55:19Z,fcdae2b,main,eigen_qr_12,85141.0000,avg,85141.0000,83524.0000,93580.0000,20,net,1334.0000
2026-09-11T01:55:19Z,fcdae2b,main,gjk_epa_3d_cyl_box,81012.0000,avg,81012.0000,78215.0000,135415.0000,100,net,1334.0000
2026-09-11T01:55:19Z,fcdae2b,main,mpr_penetration_boxes,12854.0000,avg,12854.0000,11762.0000,17475.0000,200,net,1334.0000
2026-09-11T01:55:19Z,fcdae2b,main,gjk_epa_boxes,12929.0000,avg,12929.0000,11981.0000,17180.0000,200,net,1334.0000
2026-09-11T01:55:19Z,fcdae2b,main,gjk_epa_spheres,410163.0000,avg,410163.0000,398438.0000,471002.0000,200,net,1334.0000
2026-09-11T01:55:19Z,fcdae2b,main,gjk_epa_sphere_box,80201.0000,avg,80201.0000,77167.0000,171034.0000,200,net,1334.0000
2026-09-11T01:55:19Z,fcdae2b,main,gjk_intersect_box_miss,459,avg,459,440,497,40000,net,1334.0000
2026-09-11T01:55:19Z,fcdae2b,main,gjk_intersect_sph_miss,665,avg,665,642,688,40000,net,1334.0000
2026-09-11T01:55:19Z,fcdae2b,main,gjk_intersect_box_hit,1005.0000,avg,1005.0000,970,1093.0000,10000,net,1334.0000
2026-09-11T01:55:19Z,fcdae2b,main,gjk_intersect_tangent,1151.0000,avg,1151.0000,1107.0000,1240.0000,10000,net,1334.0000
2026-09-11T01:55:19Z,fcdae2b,main,mpr_intersect_box_miss,968,avg,968,941,1005.0000,40000,net,1334.0000
2026-09-11T01:55:19Z,fcdae2b,main,mpr_intersect_box_hit,3399.0000,avg,3399.0000,3295.0000,3563.0000,10000,net,1334.0000
2026-09-11T01:55:19Z,fcdae2b,main,mpr_intersect_tangent,3498.0000,avg,3498.0000,3392.0000,3547.0000,10000,net,1334.0000
2026-09-11T01:55:19Z,fcdae2b,main,bvh_scatter_4k,4746000.0000,avg,4746000.0000,4746000.0000,4746000.0000,5,net,1334.0000
2026-09-11T01:55:19Z,fcdae2b,main,spatial_hash_query_2k,378831.0000,avg,378831.0000,378831.0000,378831.0000,5,net,1334.0000
2026-09-11T01:55:19Z,fcdae2b,main,num_dct_1024,272080.0000,avg,272080.0000,272080.0000,272080.0000,10,net,1334.0000
2026-09-11T01:55:19Z,fcdae2b,main,num_dst_1024,6502000.0000,avg,6502000.0000,6502000.0000,6502000.0000,10,net,1334.0000
2026-09-11T01:55:19Z,fcdae2b,main,num_dct_1023,1565000.0000,avg,1565000.0000,1565000.0000,1565000.0000,10,net,1334.0000
2026-09-11T01:55:19Z,fcdae2b,main,num_dst_1023,434956.0000,avg,434956.0000,434956.0000,434956.0000,10,net,1334.0000
2026-09-11T03:20:13Z,d740afc,main,vec3_add,17,avg,17,16,46,400000,net,1334.0000
2026-09-11T03:20:13Z,d740afc,main,vec3_cross,30,avg,30,28,83,400000,net,1334.0000
2026-09-11T03:20:13Z,d740afc,main,vec3_normalize,38,avg,38,36,76,400000,net,1334.0000
2026-09-11T03:20:13Z,d740afc,main,vec3_dot_x64,390,avg,390,376,573,200000,net,1334.0000
2026-09-11T03:20:13Z,d740afc,main,vec4_dot_x64,306,avg,306,292,345,400000,net,1334.0000
2026-09-11T03:20:13Z,d740afc,main,m4_mul_x16,1944.0000,avg,1944.0000,1753.0000,3768.0000,200000,net,1334.0000
2026-09-11T03:20:13Z,d740afc,main,m4_transform_x64,2770.0000,avg,2770.0000,2479.0000,5145.0000,200000,net,1334.0000
2026-09-11T03:20:13Z,d740afc,main,quat_mul,39,avg,39,35,65,1000000,net,1334.0000
2026-09-11T03:20:13Z,d740afc,main,quat_slerp,246,avg,246,238,271,400000,net,1334.0000
2026-09-11T03:20:13Z,d740afc,main,quat_rotate_vec3,39,avg,39,37,66,400000,net,1334.0000
2026-09-11T03:20:13Z,d740afc,main,m4_mul,120,avg,120,111,162,400000,net,1334.0000
2026-09-11T03:20:13Z,d740afc,main,m4_inverse,250,avg,250,238,331,400000,net,1334.0000
2026-09-11T03:20:13Z,d740afc,main,m4_transform_point,100,avg,100,93,133,400000,net,1334.0000
2026-09-11T03:20:13Z,d740afc,main,t3d_compose,155,avg,155,140,264,400000,net,1334.0000
2026-09-11T03:20:13Z,d740afc,main,jet_sphere,195,avg,195,182,231,400000,net,1334.0000
2026-09-11T03:20:13Z,d740afc,main,jet_plane,105,avg,105,95,153,400000,net,1334.0000
2026-09-11T03:20:13Z,d740afc,main,jet_triangle,497,avg,497,468,574,400000,net,1334.0000
2026-09-11T03:20:13Z,d740afc,main,jet_aabb,190,avg,190,179,240,400000,net,1334.0000
2026-09-11T03:20:13Z,d740afc,main,jet_obb,561,avg,561,527,1306.0000,400000,net,1334.0000
2026-09-11T03:20:13Z,d740afc,main,jet_capsule,729,avg,729,680,1310.0000,400000,net,1334.0000
2026-09-11T03:20:13Z,d740afc,main,grad_fwd_16,45098.0000,avg,45098.0000,44304.0000,47546.0000,40000,net,1334.0000
2026-09-11T03:20:13Z,d740afc,main,grad_rev_16,4618.0000,avg,4618.0000,4479.0000,5010.0000,40000,net,1334.0000
2026-09-11T03:20:13Z,d740afc,main,jac_rev_shared_256,337329.0000,avg,337329.0000,331158.0000,347026.0000,25,net,1334.0000
2026-09-11T03:20:13Z,d740afc,main,jac_rev_pertape_256,184793.0000,avg,184793.0000,182214.0000,188444.0000,25,net,1334.0000
2026-09-11T03:20:13Z,d740afc,main,ray_obb,290,avg,290,274,331,400000,net,1334.0000
2026-09-11T03:20:13Z,d740afc,main,ray_aabb_diag,65,avg,65,63,74,400000,net,1334.0000
2026-09-11T03:20:13Z,d740afc,main,ray_capsule_diag,535,avg,535,514,590,400000,net,1334.0000
2026-09-11T03:20:13Z,d740afc,main,ray_capsule,392,avg,392,375,431,400000,net,1334.0000
2026-09-11T03:20:13Z,d740afc,main,ray_sphere,60,avg,60,57,92,400000,net,1334.0000
2026-09-11T03:20:13Z,d740afc,main,ray_aabb,42,avg,42,41,51,400000,net,1334.0000
2026-09-11T03:20:13Z,d740afc,main,ray_triangle,143,avg,143,136,184,400000,net,1334.0000
2026-09-11T03:20:13Z,d740afc,main,srgb_to_linear,99,avg,99,94,110,400000,net,1334.0000
2026-09-11T03:20:13Z,d740afc,main,tonemap_reinhard,23,avg,23,21,47,400000,net,1334.0000
2026-09-11T03:20:13Z,d740afc,main,calc_derivative,94,avg,94,92,102,400000,net,1334.0000
2026-09-11T03:20:13Z,d740afc,main,calc_integral_simpson,5019.0000,avg,5019.0000,4738.0000,5964.0000,100000,net,1334.0000
2026-09-11T03:20:13Z,d740afc,main,num_gcd,26,avg,26,25,34,400000,net,1334.0000
2026-09-11T03:20:13Z,d740afc,main,num_is_prime,20261.0000,avg,20261.0000,17584.0000,26410.0000,500000,net,1334.0000
2026-09-11T03:20:13Z,d740afc,main,cx_mul,23,avg,23,21,597,1000000,net,1334.0000
2026-09-11T03:20:13Z,d740afc,main,ease_in_out,7,avg,7,6,65,1000000,net,1334.0000
2026-09-11T03:20:13Z,d740afc,main,perlin_2d,78,avg,78,73,274,200000,net,1334.0000
2026-09-11T03:20:13Z,d740afc,main,convex_hull_2d_2k,1694000.0000,avg,1694000.0000,1671000.0000,1705000.0000,20,net,1334.0000
2026-09-11T03:20:13Z,d740afc,main,halfedge_2k_tris,744796.0000,avg,744796.0000,724387.0000,757562.0000,20,net,1334.0000
2026-09-11T03:20:13Z,d740afc,main,bvh_degenerate_4k,2338000.0000,avg,2338000.0000,2338000.0000,2338000.0000,3,net,1334.0000
2026-09-11T03:20:13Z,d740afc,main,bvh_query_ray_200x4k,960428.0000,avg,960428.0000,960428.0000,960428.0000,5,net,1334.0000
2026-09-11T03:20:13Z,d740afc,main,kdtree_build_4k,2374000.0000,avg,2374000.0000,2374000.0000,2374000.0000,5,net,1334.0000
2026-09-11T03:20:13Z,d740afc,main,kdtree_build_octave_512,549914.0000,avg,549914.0000,533859.0000,551460.0000,20,net,1334.0000
2026-09-11T03:20:13Z,d740afc,main,einsum_matmul_2x2,1007.0000,avg,1007.0000,933,1326.0000,20000,net,1334.0000
2026-09-11T03:20:13Z,d740afc,main,einsum_trace_2x2,442,avg,442,429,501,20000,net,1334.0000
2026-09-11T03:20:13Z,d740afc,main,kdtree_radius_4k,480,avg,480,477,510,200,net,1334.0000
2026-09-11T03:20:13Z,d740afc,main,delaunay_2d_400,1470000.0000,avg,1470000.0000,1470000.0000,1470000.0000,3,net,1334.0000
2026-09-11T03:20:13Z,d740afc,main,delaunay_2d_circle_150,372717.0000,avg,372717.0000,372717.0000,372717.0000,3,net,1334.0000
2026-09-11T03:20:13Z,d740afc,main,triangulate_600gon,1598000.0000,avg,1598000.0000,1598000.0000,1598000.0000,3,net,1334.0000
2026-09-11T03:20:13Z,d740afc,main,triangulate_comb_600,5452000.0000,avg,5452000.0000,5452000.0000,5452000.0000,3,net,1334.0000
2026-09-11T03:20:13Z,d740afc,main,triangulate_hex_6,1202.0000,avg,1202.0000,1132.0000,1674.0000,20000,net,1334.0000
2026-09-11T03:20:13Z,d740afc,main,svd_golub_kahan_12,118745.0000,avg,118745.0000,115930.0000,121308.0000,20,net,1334.0000
2026-09-11T03:20:13Z,d740afc,main,eigen_qr_12,92775.0000,avg,92775.0000,85409.0000,94019.0000,20,net,1334.0000
2026-09-11T03:20:13Z,d740afc,main,gjk_epa_3d_cyl_box,84317.0000,avg,84317.0000,79821.0000,133041.0000,100,net,1334.0000
2026-09-11T03:20:13Z,d740afc,main,mpr_penetration_boxes,13520.0000,avg,13520.0000,12131.0000,18714.0000,200,net,1334.0000
2026-09-11T03:20:13Z,d740afc,main,gjk_epa_boxes,13618.0000,avg,13618.0000,12168.0000,19196.0000,200,net,1334.0000
2026-09-11T03:20:13Z,d740afc,main,gjk_epa_spheres,418915.0000,avg,418915.0000,404583.0000,476170.0000,200,net,1334.0000
2026-09-11T03:20:13Z,d740afc,main,gjk_epa_sphere_box,82248.0000,avg,82248.0000,78494.0000,187447.0000,200,net,1334.0000
2026-09-11T03:20:13Z,d740afc,main,gjk_intersect_box_miss,467,avg,467,448,492,40000,net,1334.0000
2026-09-11T03:20:13Z,d740afc,main,gjk_intersect_sph_miss,687,avg,687,663,722,40000,net,1334.0000
2026-09-11T03:20:13Z,d740afc,main,gjk_intersect_box_hit,1047.0000,avg,1047.0000,989,1168.0000,10000,net,1334.0000
2026-09-11T03:20:13Z,d740afc,main,gjk_intersect_tangent,1235.0000,avg,1235.0000,1180.0000,1423.0000,10000,net,1334.0000
2026-09-11T03:20:13Z,d740afc,main,mpr_intersect_box_miss,997,avg,997,963,1038.0000,40000,net,1334.0000
2026-09-11T03:20:13Z,d740afc,main,mpr_intersect_box_hit,3509.0000,avg,3509.0000,3413.0000,3648.0000,10000,net,1334.0000
2026-09-11T03:20:13Z,d740afc,main,mpr_intersect_tangent,3715.0000,avg,3715.0000,3569.0000,3894.0000,10000,net,1334.0000
2026-09-11T03:20:13Z,d740afc,main,bvh_scatter_4k,4801000.0000,avg,4801000.0000,4801000.0000,4801000.0000,5,net,1334.0000
2026-09-11T03:20:13Z,d740afc,main,spatial_hash_query_2k,392520.0000,avg,392520.0000,392520.0000,392520.0000,5,net,1334.0000
2026-09-11T03:20:13Z,d740afc,main,num_dct_1024,280321.0000,avg,280321.0000,280321.0000,280321.0000,10,net,1334.0000
2026-09-11T03:20:13Z,d740afc,main,num_dst_1024,6678000.0000,avg,6678000.0000,6678000.0000,6678000.0000,10,net,1334.0000
2026-09-11T03:20:13Z,d740afc,main,num_dct_1023,1626000.0000,avg,1626000.0000,1626000.0000,1626000.0000,10,net,1334.0000
2026-09-11T03:20:13Z,d740afc,main,num_dst_1023,446096.0000,avg,446096.0000,446096.0000,446096.0000,10,net,1334.0000
2026-09-11T03:21:10Z,d740afc,main,vec3_add,17,avg,17,16,40,400000,net,1336.0000
2026-09-11T03:21:10Z,d740afc,main,vec3_cross,29,avg,29,28,69,400000,net,1336.0000
2026-09-11T03:21:10Z,d740afc,main,vec3_normalize,36,avg,36,35,68,400000,net,1336.0000
2026-09-11T03:21:10Z,d740afc,main,vec3_dot_x64,392,avg,392,370,460,200000,net,1336.0000
2026-09-11T03:21:10Z,d740afc,main,vec4_dot_x64,305,avg,305,296,327,400000,net,1336.0000
2026-09-11T03:21:10Z,d740afc,main,m4_mul_x16,1960.0000,avg,1960.0000,1767.0000,4620.0000,200000,net,1336.0000
2026-09-11T03:21:10Z,d740afc,main,m4_transform_x64,2789.0000,avg,2789.0000,2499.0000,7397.0000,200000,net,1336.0000
2026-09-11T03:21:10Z,d740afc,main,quat_mul,39,avg,39,36,99,1000000,net,1336.0000
2026-09-11T03:21:10Z,d740afc,main,quat_slerp,249,avg,249,240,304,400000,net,1336.0000
2026-09-11T03:21:10Z,d740afc,main,quat_rotate_vec3,39,avg,39,37,70,400000,net,1336.0000
2026-09-11T03:21:10Z,d740afc,main,m4_mul,121,avg,121,112,163,400000,net,1336.0000
2026-09-11T03:21:10Z,d740afc,main,m4_inverse,252,avg,252,241,289,400000,net,1336.0000
2026-09-11T03:21:10Z,d740afc,main,m4_transform_point,95,avg,95,87,134,400000,net,1336.0000
2026-09-11T03:21:10Z,d740afc,main,t3d_compose,152,avg,152,143,183,400000,net,1336.0000
2026-09-11T03:21:10Z,d740afc,main,jet_sphere,197,avg,197,184,241,400000,net,1336.0000
2026-09-11T03:21:10Z,d740afc,main,jet_plane,103,avg,103,93,136,400000,net,1336.0000
2026-09-11T03:21:10Z,d740afc,main,jet_triangle,482,avg,482,451,540,400000,net,1336.0000
2026-09-11T03:21:10Z,d740afc,main,jet_aabb,183,avg,183,173,231,400000,net,1336.0000
2026-09-11T03:21:10Z,d740afc,main,jet_obb,554,avg,554,532,593,400000,net,1336.0000
2026-09-11T03:21:10Z,d740afc,main,jet_capsule,715,avg,715,675,790,400000,net,1336.0000
2026-09-11T03:21:10Z,d740afc,main,grad_fwd_16,45416.0000,avg,45416.0000,44749.0000,47332.0000,40000,net,1336.0000
2026-09-11T03:21:10Z,d740afc,main,grad_rev_16,4639.0000,avg,4639.0000,4507.0000,4899.0000,40000,net,1336.0000
2026-09-11T03:21:10Z,d740afc,main,jac_rev_shared_256,341167.0000,avg,341167.0000,332023.0000,349707.0000,25,net,1336.0000
2026-09-11T03:21:10Z,d740afc,main,jac_rev_pertape_256,185817.0000,avg,185817.0000,181920.0000,191740.0000,25,net,1336.0000
2026-09-11T03:21:10Z,d740afc,main,ray_obb,291,avg,291,275,403,400000,net,1336.0000
2026-09-11T03:21:10Z,d740afc,main,ray_aabb_diag,65,avg,65,64,75,400000,net,1336.0000
2026-09-11T03:21:10Z,d740afc,main,ray_capsule_diag,526,avg,526,505,625,400000,net,1336.0000
2026-09-11T03:21:10Z,d740afc,main,ray_capsule,385,avg,385,368,423,400000,net,1336.0000
2026-09-11T03:21:10Z,d740afc,main,ray_sphere,60,avg,60,57,92,400000,net,1336.0000
2026-09-11T03:21:10Z,d740afc,main,ray_aabb,42,avg,42,41,51,400000,net,1336.0000
2026-09-11T03:21:10Z,d740afc,main,ray_triangle,144,avg,144,135,180,400000,net,1336.0000
2026-09-11T03:21:10Z,d740afc,main,srgb_to_linear,98,avg,98,96,107,400000,net,1336.0000
2026-09-11T03:21:10Z,d740afc,main,tonemap_reinhard,23,avg,23,21,46,400000,net,1336.0000
2026-09-11T03:21:10Z,d740afc,main,calc_derivative,95,avg,95,91,104,400000,net,1336.0000
2026-09-11T03:21:10Z,d740afc,main,calc_integral_simpson,5046.0000,avg,5046.0000,4807.0000,6597.0000,100000,net,1336.0000
2026-09-11T03:21:10Z,d740afc,main,num_gcd,26,avg,26,25,33,400000,net,1336.0000
2026-09-11T03:21:10Z,d740afc,main,num_is_prime,20310.0000,avg,20310.0000,17765.0000,114485.0000,500000,net,1336.0000
2026-09-11T03:21:10Z,d740afc,main,cx_mul,23,avg,23,22,588,1000000,net,1336.0000
2026-09-11T03:21:10Z,d740afc,main,ease_in_out,7,avg,7,6,34,1000000,net,1336.0000
2026-09-11T03:21:10Z,d740afc,main,perlin_2d,74,avg,74,71,335,200000,net,1336.0000
2026-09-11T03:21:10Z,d740afc,main,convex_hull_2d_2k,1701000.0000,avg,1701000.0000,1665000.0000,1794000.0000,20,net,1336.0000
2026-09-11T03:21:10Z,d740afc,main,halfedge_2k_tris,741191.0000,avg,741191.0000,727319.0000,758258.0000,20,net,1336.0000
2026-09-11T03:21:10Z,d740afc,main,bvh_degenerate_4k,2350000.0000,avg,2350000.0000,2350000.0000,2350000.0000,3,net,1336.0000
2026-09-11T03:21:10Z,d740afc,main,bvh_query_ray_200x4k,959771.0000,avg,959771.0000,959771.0000,959771.0000,5,net,1336.0000
2026-09-11T03:21:10Z,d740afc,main,kdtree_build_4k,2385000.0000,avg,2385000.0000,2385000.0000,2385000.0000,5,net,1336.0000
2026-09-11T03:21:10Z,d740afc,main,kdtree_build_octave_512,551129.0000,avg,551129.0000,546289.0000,577369.0000,20,net,1336.0000
2026-09-11T03:21:10Z,d740afc,main,einsum_matmul_2x2,988,avg,988,935,1329.0000,20000,net,1336.0000
2026-09-11T03:21:10Z,d740afc,main,einsum_trace_2x2,441,avg,441,430,508,20000,net,1336.0000
2026-09-11T03:21:10Z,d740afc,main,kdtree_radius_4k,396,avg,396,387,510,200,net,1336.0000
2026-09-11T03:21:10Z,d740afc,main,delaunay_2d_400,1474000.0000,avg,1474000.0000,1474000.0000,1474000.0000,3,net,1336.0000
2026-09-11T03:21:10Z,d740afc,main,delaunay_2d_circle_150,380725.0000,avg,380725.0000,380725.0000,380725.0000,3,net,1336.0000
2026-09-11T03:21:10Z,d740afc,main,triangulate_600gon,1636000.0000,avg,1636000.0000,1636000.0000,1636000.0000,3,net,1336.0000
2026-09-11T03:21:10Z,d740afc,main,triangulate_comb_600,5387000.0000,avg,5387000.0000,5387000.0000,5387000.0000,3,net,1336.0000
2026-09-11T03:21:10Z,d740afc,main,triangulate_hex_6,1195.0000,avg,1195.0000,1128.0000,1898.0000,20000,net,1336.0000
2026-09-11T03:21:10Z,d740afc,main,svd_golub_kahan_12,119433.0000,avg,119433.0000,116067.0000,122353.0000,20,net,1336.0000
2026-09-11T03:21:10Z,d740afc,main,eigen_qr_12,93529.0000,avg,93529.0000,85476.0000,94830.0000,20,net,1336.0000
2026-09-11T03:21:10Z,d740afc,main,gjk_epa_3d_cyl_box,83461.0000,avg,83461.0000,79680.0000,133597.0000,100,net,1336.0000
2026-09-11T03:21:10Z,d740afc,main,mpr_penetration_boxes,13438.0000,avg,13438.0000,11881.0000,26810.0000,200,net,1336.0000
2026-09-11T03:21:10Z,d740afc,main,gjk_epa_boxes,13500.0000,avg,13500.0000,12101.0000,18594.0000,200,net,1336.0000
2026-09-11T03:21:10Z,d740afc,main,gjk_epa_spheres,419283.0000,avg,419283.0000,404721.0000,483502.0000,200,net,1336.0000
2026-09-11T03:21:10Z,d740afc,main,gjk_epa_sphere_box,81536.0000,avg,81536.0000,78353.0000,135203.0000,200,net,1336.0000
2026-09-11T03:21:10Z,d740afc,main,gjk_intersect_box_miss,464,avg,464,443,497,40000,net,1336.0000
2026-09-11T03:21:10Z,d740afc,main,gjk_intersect_sph_miss,684,avg,684,659,727,40000,net,1336.0000
2026-09-11T03:21:10Z,d740afc,main,gjk_intersect_box_hit,1027.0000,avg,1027.0000,982,1121.0000,10000,net,1336.0000
2026-09-11T03:21:10Z,d740afc,main,gjk_intersect_tangent,1169.0000,avg,1169.0000,1116.0000,1310.0000,10000,net,1336.0000
2026-09-11T03:21:10Z,d740afc,main,mpr_intersect_box_miss,982,avg,982,952,1023.0000,40000,net,1336.0000
2026-09-11T03:21:10Z,d740afc,main,mpr_intersect_box_hit,3505.0000,avg,3505.0000,3348.0000,3650.0000,10000,net,1336.0000
2026-09-11T03:21:10Z,d740afc,main,mpr_intersect_tangent,3557.0000,avg,3557.0000,3446.0000,3695.0000,10000,net,1336.0000
2026-09-11T03:21:10Z,d740afc,main,bvh_scatter_4k,4817000.0000,avg,4817000.0000,4817000.0000,4817000.0000,5,net,1336.0000
2026-09-11T03:21:10Z,d740afc,main,spatial_hash_query_2k,396152.0000,avg,396152.0000,396152.0000,396152.0000,5,net,1336.0000
2026-09-11T03:21:10Z,d740afc,main,num_dct_1024,281794.0000,avg,281794.0000,281794.0000,281794.0000,10,net,1336.0000
2026-09-11T03:21:10Z,d740afc,main,num_dst_1024,6633000.0000,avg,6633000.0000,6633000.0000,6633000.0000,10,net,1336.0000
2026-09-11T03:21:10Z,d740afc,main,num_dct_1023,1621000.0000,avg,1621000.0000,1621000.0000,1621000.0000,10,net,1336.0000
2026-09-11T03:21:10Z,d740afc,main,num_dst_1023,445600.0000,avg,445600.0000,445600.0000,445600.0000,10,net,1336.0000
2026-09-11T03:23:44Z,d740afc,main,vec3_add,17,avg,17,16,41,400000,net,1336.0000
2026-09-11T03:23:44Z,d740afc,main,vec3_cross,29,avg,29,28,55,400000,net,1336.0000
2026-09-11T03:23:44Z,d740afc,main,vec3_normalize,37,avg,37,35,63,400000,net,1336.0000
2026-09-11T03:23:44Z,d740afc,main,vec3_dot_x64,395,avg,395,371,667,200000,net,1336.0000
2026-09-11T03:23:44Z,d740afc,main,vec4_dot_x64,307,avg,307,296,377,400000,net,1336.0000
2026-09-11T03:23:44Z,d740afc,main,m4_mul_x16,1972.0000,avg,1972.0000,1774.0000,3416.0000,200000,net,1336.0000
2026-09-11T03:23:44Z,d740afc,main,m4_transform_x64,2806.0000,avg,2806.0000,2524.0000,4915.0000,200000,net,1336.0000
2026-09-11T03:23:44Z,d740afc,main,quat_mul,39,avg,39,36,69,1000000,net,1336.0000
2026-09-11T03:23:44Z,d740afc,main,quat_slerp,249,avg,249,242,278,400000,net,1336.0000
2026-09-11T03:23:44Z,d740afc,main,quat_rotate_vec3,40,avg,40,37,71,400000,net,1336.0000
2026-09-11T03:23:44Z,d740afc,main,m4_mul,122,avg,122,113,154,400000,net,1336.0000
2026-09-11T03:23:44Z,d740afc,main,m4_inverse,252,avg,252,240,287,400000,net,1336.0000
2026-09-11T03:23:44Z,d740afc,main,m4_transform_point,96,avg,96,90,126,400000,net,1336.0000
2026-09-11T03:23:44Z,d740afc,main,t3d_compose,152,avg,152,143,188,400000,net,1336.0000
2026-09-11T03:23:44Z,d740afc,main,jet_sphere,198,avg,198,184,236,400000,net,1336.0000
2026-09-11T03:23:44Z,d740afc,main,jet_plane,102,avg,102,95,134,400000,net,1336.0000
2026-09-11T03:23:44Z,d740afc,main,jet_triangle,480,avg,480,453,512,400000,net,1336.0000
2026-09-11T03:23:44Z,d740afc,main,jet_aabb,184,avg,184,174,213,400000,net,1336.0000
2026-09-11T03:23:44Z,d740afc,main,jet_obb,556,avg,556,534,678,400000,net,1336.0000
2026-09-11T03:23:44Z,d740afc,main,jet_capsule,712,avg,712,676,756,400000,net,1336.0000
2026-09-11T03:23:44Z,d740afc,main,grad_fwd_16,45581.0000,avg,45581.0000,45067.0000,48800.0000,40000,net,1336.0000
2026-09-11T03:23:44Z,d740afc,main,grad_rev_16,4634.0000,avg,4634.0000,4509.0000,4864.0000,40000,net,1336.0000
2026-09-11T03:23:44Z,d740afc,main,ray_obb,290,avg,290,276,337,400000,net,1336.0000
2026-09-11T03:23:44Z,d740afc,main,ray_aabb_diag,66,avg,66,64,73,400000,net,1336.0000
2026-09-11T03:23:44Z,d740afc,main,ray_capsule_diag,525,avg,525,505,564,400000,net,1336.0000
2026-09-11T03:23:44Z,d740afc,main,ray_capsule,394,avg,394,374,432,400000,net,1336.0000
2026-09-11T03:23:44Z,d740afc,main,ray_sphere,59,avg,59,57,92,400000,net,1336.0000
2026-09-11T03:23:44Z,d740afc,main,ray_aabb,42,avg,42,41,51,400000,net,1336.0000
2026-09-11T03:23:44Z,d740afc,main,ray_triangle,145,avg,145,138,191,400000,net,1336.0000
2026-09-11T03:23:44Z,d740afc,main,srgb_to_linear,99,avg,99,95,109,400000,net,1336.0000
2026-09-11T03:23:44Z,d740afc,main,tonemap_reinhard,23,avg,23,21,48,400000,net,1336.0000
2026-09-11T03:23:44Z,d740afc,main,calc_derivative,96,avg,96,93,106,400000,net,1336.0000
2026-09-11T03:23:44Z,d740afc,main,calc_integral_simpson,5085.0000,avg,5085.0000,4796.0000,7002.0000,100000,net,1336.0000
2026-09-11T03:23:44Z,d740afc,main,num_gcd,27,avg,27,25,35,400000,net,1336.0000
2026-09-11T03:23:44Z,d740afc,main,num_is_prime,20385.0000,avg,20385.0000,17849.0000,37345.0000,500000,net,1336.0000
2026-09-11T03:23:44Z,d740afc,main,cx_mul,24,avg,24,22,654,1000000,net,1336.0000
2026-09-11T03:23:44Z,d740afc,main,ease_in_out,7,avg,7,7,34,1000000,net,1336.0000
2026-09-11T03:23:44Z,d740afc,main,perlin_2d,78,avg,78,74,296,200000,net,1336.0000
2026-09-11T03:23:44Z,d740afc,main,convex_hull_2d_2k,1693000.0000,avg,1693000.0000,1672000.0000,1753000.0000,20,net,1336.0000
2026-09-11T03:23:44Z,d740afc,main,halfedge_2k_tris,731895.0000,avg,731895.0000,693166.0000,754766.0000,20,net,1336.0000
2026-09-11T03:23:44Z,d740afc,main,bvh_degenerate_4k,2362000.0000,avg,2362000.0000,2362000.0000,2362000.0000,3,net,1336.0000
2026-09-11T03:23:44Z,d740afc,main,bvh_query_ray_200x4k,965079.0000,avg,965079.0000,965079.0000,965079.0000,5,net,1336.0000
2026-09-11T03:23:44Z,d740afc,main,kdtree_build_4k,2378000.0000,avg,2378000.0000,2378000.0000,2378000.0000,5,net,1336.0000
2026-09-11T03:23:44Z,d740afc,main,kdtree_build_octave_512,553853.0000,avg,553853.0000,533369.0000,577788.0000,20,net,1336.0000
2026-09-11T03:23:44Z,d740afc,main,einsum_matmul_2x2,986,avg,986,936,1339.0000,20000,net,1336.0000
2026-09-11T03:23:44Z,d740afc,main,einsum_trace_2x2,443,avg,443,416,512,20000,net,1336.0000
2026-09-11T03:23:44Z,d740afc,main,kdtree_radius_4k,668,avg,668,662,669,200,net,1336.0000
2026-09-11T03:23:44Z,d740afc,main,delaunay_2d_400,1442000.0000,avg,1442000.0000,1442000.0000,1442000.0000,3,net,1336.0000
2026-09-11T03:23:44Z,d740afc,main,delaunay_2d_circle_150,374439.0000,avg,374439.0000,374439.0000,374439.0000,3,net,1336.0000
2026-09-11T03:23:44Z,d740afc,main,triangulate_600gon,1596000.0000,avg,1596000.0000,1596000.0000,1596000.0000,3,net,1336.0000
2026-09-11T03:23:44Z,d740afc,main,triangulate_comb_600,5530000.0000,avg,5530000.0000,5530000.0000,5530000.0000,3,net,1336.0000
2026-09-11T03:23:44Z,d740afc,main,triangulate_hex_6,1205.0000,avg,1205.0000,1134.0000,1670.0000,20000,net,1336.0000
2026-09-11T03:23:44Z,d740afc,main,svd_golub_kahan_12,119192.0000,avg,119192.0000,115928.0000,124797.0000,20,net,1336.0000
2026-09-11T03:23:44Z,d740afc,main,eigen_qr_12,90068.0000,avg,90068.0000,89737.0000,90296.0000,20,net,1336.0000
2026-09-11T03:23:44Z,d740afc,main,gjk_epa_3d_cyl_box,83574.0000,avg,83574.0000,79680.0000,142747.0000,100,net,1336.0000
2026-09-11T03:23:44Z,d740afc,main,mpr_penetration_boxes,13444.0000,avg,13444.0000,11938.0000,18095.0000,200,net,1336.0000
2026-09-11T03:23:44Z,d740afc,main,gjk_epa_boxes,13661.0000,avg,13661.0000,12518.0000,17976.0000,200,net,1336.0000
2026-09-11T03:23:44Z,d740afc,main,gjk_epa_spheres,420130.0000,avg,420130.0000,404372.0000,490765.0000,200,net,1336.0000
2026-09-11T03:23:44Z,d740afc,main,gjk_epa_sphere_box,82406.0000,avg,82406.0000,78213.0000,137299.0000,200,net,1336.0000
2026-09-11T03:23:44Z,d740afc,main,gjk_intersect_box_miss,464,avg,464,443,479,40000,net,1336.0000
2026-09-11T03:23:44Z,d740afc,main,gjk_intersect_sph_miss,680,avg,680,653,712,40000,net,1336.0000
2026-09-11T03:23:44Z,d740afc,main,gjk_intersect_box_hit,1045.0000,avg,1045.0000,982,1160.0000,10000,net,1336.0000
2026-09-11T03:23:44Z,d740afc,main,gjk_intersect_tangent,1181.0000,avg,1181.0000,1117.0000,1306.0000,10000,net,1336.0000
2026-09-11T03:23:44Z,d740afc,main,mpr_intersect_box_miss,990,avg,990,957,1033.0000,40000,net,1336.0000
2026-09-11T03:23:44Z,d740afc,main,mpr_intersect_box_hit,3516.0000,avg,3516.0000,3337.0000,3755.0000,10000,net,1336.0000
2026-09-11T03:23:44Z,d740afc,main,mpr_intersect_tangent,3607.0000,avg,3607.0000,3442.0000,3767.0000,10000,net,1336.0000
2026-09-11T03:23:44Z,d740afc,main,bvh_scatter_4k,4868000.0000,avg,4868000.0000,4868000.0000,4868000.0000,5,net,1336.0000
2026-09-11T03:23:44Z,d740afc,main,spatial_hash_query_2k,379012.0000,avg,379012.0000,379012.0000,379012.0000,5,net,1336.0000
2026-09-11T03:23:44Z,d740afc,main,num_dct_1024,283624.0000,avg,283624.0000,283624.0000,283624.0000,10,net,1336.0000
2026-09-11T03:23:44Z,d740afc,main,num_dst_1024,6670000.0000,avg,6670000.0000,6670000.0000,6670000.0000,10,net,1336.0000
2026-09-11T03:23:44Z,d740afc,main,num_dct_1023,1603000.0000,avg,1603000.0000,1603000.0000,1603000.0000,10,net,1336.0000
2026-09-11T03:23:44Z,d740afc,main,num_dst_1023,452891.0000,avg,452891.0000,452891.0000,452891.0000,10,net,1336.0000
2026-09-11T03:23:44Z,d740afc,main,jac_rev_shared_256,347749.0000,avg,347749.0000,338882.0000,351816.0000,25,net,1336.0000
2026-09-11T03:23:44Z,d740afc,main,jac_rev_pertape_256,185211.0000,avg,185211.0000,182493.0000,191335.0000,25,net,1336.0000
2026-09-11T05:57:09Z,a6362ce,main,vec3_add,16,avg,16,15,43,400000,net,1313.0000
2026-09-11T05:57:09Z,a6362ce,main,vec3_cross,27,avg,27,26,54,400000,net,1313.0000
2026-09-11T05:57:09Z,a6362ce,main,vec3_normalize,34,avg,34,33,63,400000,net,1313.0000
2026-09-11T05:57:09Z,a6362ce,main,vec3_dot_x64,381,avg,381,361,446,200000,net,1313.0000
2026-09-11T05:57:09Z,a6362ce,main,vec4_dot_x64,297,avg,297,288,321,400000,net,1313.0000
2026-09-11T05:57:09Z,a6362ce,main,m4_mul_x16,1904.0000,avg,1904.0000,1740.0000,3408.0000,200000,net,1313.0000
2026-09-11T05:57:09Z,a6362ce,main,m4_transform_x64,2731.0000,avg,2731.0000,2463.0000,8551.0000,200000,net,1313.0000
2026-09-11T05:57:09Z,a6362ce,main,quat_mul,38,avg,38,35,66,1000000,net,1313.0000
2026-09-11T05:57:09Z,a6362ce,main,quat_slerp,239,avg,239,232,266,400000,net,1313.0000
2026-09-11T05:57:09Z,a6362ce,main,quat_rotate_vec3,38,avg,38,36,63,400000,net,1313.0000
2026-09-11T05:57:09Z,a6362ce,main,m4_mul,118,avg,118,110,145,400000,net,1313.0000
2026-09-11T05:57:09Z,a6362ce,main,m4_inverse,244,avg,244,234,279,400000,net,1313.0000
2026-09-11T05:57:09Z,a6362ce,main,m4_transform_point,94,avg,94,87,127,400000,net,1313.0000
2026-09-11T05:57:09Z,a6362ce,main,t3d_compose,147,avg,147,140,189,400000,net,1313.0000
2026-09-11T05:57:09Z,a6362ce,main,jet_sphere,193,avg,193,182,220,400000,net,1313.0000
2026-09-11T05:57:09Z,a6362ce,main,jet_plane,99,avg,99,92,130,400000,net,1313.0000
2026-09-11T05:57:09Z,a6362ce,main,jet_triangle,471,avg,471,444,585,400000,net,1313.0000
2026-09-11T05:57:09Z,a6362ce,main,jet_aabb,180,avg,180,172,220,400000,net,1313.0000
2026-09-11T05:57:09Z,a6362ce,main,jet_obb,546,avg,546,521,594,400000,net,1313.0000
2026-09-11T05:57:09Z,a6362ce,main,jet_capsule,694,avg,694,669,733,400000,net,1313.0000
2026-09-11T05:57:09Z,a6362ce,main,grad_fwd_16,44037.0000,avg,44037.0000,43664.0000,46249.0000,40000,net,1313.0000
2026-09-11T05:57:09Z,a6362ce,main,grad_rev_16,4526.0000,avg,4526.0000,4354.0000,4805.0000,40000,net,1313.0000
2026-09-11T05:57:09Z,a6362ce,main,ray_obb,280,avg,280,268,316,400000,net,1313.0000
2026-09-11T05:57:09Z,a6362ce,main,ray_aabb_diag,64,avg,64,61,71,400000,net,1313.0000
2026-09-11T05:57:09Z,a6362ce,main,ray_capsule_diag,516,avg,516,496,692,400000,net,1313.0000
2026-09-11T05:57:09Z,a6362ce,main,ray_capsule,382,avg,382,358,582,400000,net,1313.0000
2026-09-11T05:57:09Z,a6362ce,main,ray_sphere,58,avg,58,54,85,400000,net,1313.0000
2026-09-11T05:57:09Z,a6362ce,main,ray_aabb,41,avg,41,40,48,400000,net,1313.0000
2026-09-11T05:57:09Z,a6362ce,main,ray_triangle,141,avg,141,134,176,400000,net,1313.0000
2026-09-11T05:57:09Z,a6362ce,main,srgb_to_linear,96,avg,96,92,109,400000,net,1313.0000
2026-09-11T05:57:09Z,a6362ce,main,tonemap_reinhard,22,avg,22,21,53,400000,net,1313.0000
2026-09-11T05:57:09Z,a6362ce,main,calc_derivative,91,avg,91,88,100,400000,net,1313.0000
2026-09-11T05:57:09Z,a6362ce,main,calc_integral_simpson,4849.0000,avg,4849.0000,4593.0000,7993.0000,100000,net,1313.0000
2026-09-11T05:57:09Z,a6362ce,main,num_gcd,25,avg,25,24,33,400000,net,1313.0000
2026-09-11T05:57:09Z,a6362ce,main,num_is_prime,19974.0000,avg,19974.0000,17276.0000,39896.0000,500000,net,1313.0000
2026-09-11T05:57:09Z,a6362ce,main,cx_mul,23,avg,23,19,642,1000000,net,1313.0000
2026-09-11T05:57:09Z,a6362ce,main,ease_in_out,7,avg,7,5,7,1000000,net,1313.0000
2026-09-11T05:57:09Z,a6362ce,main,perlin_2d,75,avg,75,72,271,200000,net,1313.0000
2026-09-11T05:57:09Z,a6362ce,main,convex_hull_2d_2k,1707000.0000,avg,1707000.0000,1697000.0000,1761000.0000,20,net,1313.0000
2026-09-11T05:57:09Z,a6362ce,main,halfedge_2k_tris,734800.0000,avg,734800.0000,685576.0000,766313.0000,20,net,1313.0000
2026-09-11T05:57:09Z,a6362ce,main,bvh_degenerate_4k,2344000.0000,avg,2344000.0000,2344000.0000,2344000.0000,3,net,1313.0000
2026-09-11T05:57:09Z,a6362ce,main,bvh_query_ray_200x4k,955724.0000,avg,955724.0000,955724.0000,955724.0000,5,net,1313.0000
2026-09-11T05:57:09Z,a6362ce,main,kdtree_build_4k,2352000.0000,avg,2352000.0000,2352000.0000,2352000.0000,5,net,1313.0000
2026-09-11T05:57:09Z,a6362ce,main,kdtree_build_octave_512,542429.0000,avg,542429.0000,531786.0000,568731.0000,20,net,1313.0000
2026-09-11T05:57:09Z,a6362ce,main,einsum_matmul_2x2,998,avg,998,926,1473.0000,20000,net,1313.0000
2026-09-11T05:57:09Z,a6362ce,main,einsum_trace_2x2,448,avg,448,429,492,20000,net,1313.0000
2026-09-11T05:57:09Z,a6362ce,main,kdtree_radius_4k,665,avg,665,515,678,200,net,1313.0000
2026-09-11T05:57:09Z,a6362ce,main,delaunay_2d_400,1429000.0000,avg,1429000.0000,1429000.0000,1429000.0000,3,net,1313.0000
2026-09-11T05:57:09Z,a6362ce,main,delaunay_2d_circle_150,371141.0000,avg,371141.0000,371141.0000,371141.0000,3,net,1313.0000
2026-09-11T05:57:09Z,a6362ce,main,triangulate_600gon,1627000.0000,avg,1627000.0000,1627000.0000,1627000.0000,3,net,1313.0000
2026-09-11T05:57:09Z,a6362ce,main,triangulate_comb_600,5416000.0000,avg,5416000.0000,5416000.0000,5416000.0000,3,net,1313.0000
2026-09-11T05:57:09Z,a6362ce,main,triangulate_hex_6,1211.0000,avg,1211.0000,1132.0000,1977.0000,20000,net,1313.0000
2026-09-11T05:57:09Z,a6362ce,main,svd_golub_kahan_12,120909.0000,avg,120909.0000,120525.0000,122655.0000,20,net,1313.0000
2026-09-11T05:57:09Z,a6362ce,main,eigen_qr_12,91086.0000,avg,91086.0000,90318.0000,91226.0000,20,net,1313.0000
2026-09-11T05:57:09Z,a6362ce,main,gjk_epa_3d_cyl_box,86456.0000,avg,86456.0000,83125.0000,136414.0000,100,net,1313.0000
2026-09-11T05:57:09Z,a6362ce,main,mpr_penetration_boxes,13781.0000,avg,13781.0000,12620.0000,18942.0000,200,net,1313.0000
2026-09-11T05:57:09Z,a6362ce,main,gjk_epa_boxes,13681.0000,avg,13681.0000,12633.0000,18408.0000,200,net,1313.0000
2026-09-11T05:57:09Z,a6362ce,main,gjk_epa_spheres,423561.0000,avg,423561.0000,398878.0000,488693.0000,200,net,1313.0000
2026-09-11T05:57:09Z,a6362ce,main,gjk_epa_sphere_box,81371.0000,avg,81371.0000,78236.0000,131176.0000,200,net,1313.0000
2026-09-11T05:57:09Z,a6362ce,main,gjk_intersect_box_miss,463,avg,463,445,491,40000,net,1313.0000
2026-09-11T05:57:09Z,a6362ce,main,gjk_intersect_sph_miss,671,avg,671,652,706,40000,net,1313.0000
2026-09-11T05:57:09Z,a6362ce,main,gjk_intersect_box_hit,1024.0000,avg,1024.0000,975,1146.0000,10000,net,1313.0000
2026-09-11T05:57:09Z,a6362ce,main,gjk_intersect_tangent,1188.0000,avg,1188.0000,1115.0000,1301.0000,10000,net,1313.0000
2026-09-11T05:57:09Z,a6362ce,main,mpr_intersect_box_miss,978,avg,978,949,1011.0000,40000,net,1313.0000
2026-09-11T05:57:09Z,a6362ce,main,mpr_intersect_box_hit,3419.0000,avg,3419.0000,3299.0000,3559.0000,10000,net,1313.0000
2026-09-11T05:57:09Z,a6362ce,main,mpr_intersect_tangent,3544.0000,avg,3544.0000,3421.0000,3698.0000,10000,net,1313.0000
2026-09-11T05:57:09Z,a6362ce,main,bvh_scatter_4k,4770000.0000,avg,4770000.0000,4770000.0000,4770000.0000,5,net,1313.0000
2026-09-11T05:57:09Z,a6362ce,main,spatial_hash_query_2k,380609.0000,avg,380609.0000,380609.0000,380609.0000,5,net,1313.0000
2026-09-11T05:57:09Z,a6362ce,main,num_dct_1024,283207.0000,avg,283207.0000,283207.0000,283207.0000,10,net,1313.0000
2026-09-11T05:57:09Z,a6362ce,main,num_dst_1024,6568000.0000,avg,6568000.0000,6568000.0000,6568000.0000,10,net,1313.0000
2026-09-11T05:57:09Z,a6362ce,main,num_dct_1023,1583000.0000,avg,1583000.0000,1583000.0000,1583000.0000,10,net,1313.0000
2026-09-11T05:57:09Z,a6362ce,main,num_dst_1023,446901.0000,avg,446901.0000,446901.0000,446901.0000,10,net,1313.0000
2026-09-11T05:57:09Z,a6362ce,main,jac_rev_shared_256,1175000.0000,avg,1175000.0000,1161000.0000,1185000.0000,25,net,1313.0000
2026-09-11T05:57:09Z,a6362ce,main,jac_rev_pertape_256,183629.0000,avg,183629.0000,180710.0000,189440.0000,25,net,1313.0000
2026-09-13T18:23:03Z,5bfb8f4,main,vec3_add,16,avg,16,15,40,400000,net,1333.0000
2026-09-13T18:23:03Z,5bfb8f4,main,vec3_cross,29,avg,29,26,78,400000,net,1333.0000
2026-09-13T18:23:03Z,5bfb8f4,main,vec3_normalize,34,avg,34,33,59,400000,net,1333.0000
2026-09-13T18:23:03Z,5bfb8f4,main,vec3_dot_x64,398,avg,398,376,622,200000,net,1333.0000
2026-09-13T18:23:03Z,5bfb8f4,main,vec4_dot_x64,299,avg,299,289,351,400000,net,1333.0000
2026-09-13T18:23:03Z,5bfb8f4,main,m4_mul_x16,1898.0000,avg,1898.0000,1721.0000,4015.0000,200000,net,1333.0000
2026-09-13T18:23:03Z,5bfb8f4,main,m4_transform_x64,2775.0000,avg,2775.0000,2455.0000,5667.0000,200000,net,1333.0000
2026-09-13T18:23:03Z,5bfb8f4,main,quat_mul,38,avg,38,35,86,1000000,net,1333.0000
2026-09-13T18:23:03Z,5bfb8f4,main,quat_slerp,237,avg,237,230,263,400000,net,1333.0000
2026-09-13T18:23:03Z,5bfb8f4,main,quat_rotate_vec3,38,avg,38,36,67,400000,net,1333.0000
2026-09-13T18:23:03Z,5bfb8f4,main,m4_mul,118,avg,118,109,162,400000,net,1333.0000
2026-09-13T18:23:03Z,5bfb8f4,main,m4_inverse,244,avg,244,234,271,400000,net,1333.0000
2026-09-13T18:23:03Z,5bfb8f4,main,m4_transform_point,93,avg,93,86,131,400000,net,1333.0000
2026-09-13T18:23:03Z,5bfb8f4,main,t3d_compose,146,avg,146,140,176,400000,net,1333.0000
2026-09-13T18:23:03Z,5bfb8f4,main,jet_sphere,191,avg,191,181,226,400000,net,1333.0000
2026-09-13T18:23:03Z,5bfb8f4,main,jet_plane,99,avg,99,91,128,400000,net,1333.0000
2026-09-13T18:23:03Z,5bfb8f4,main,jet_triangle,463,avg,463,442,502,400000,net,1333.0000
2026-09-13T18:23:03Z,5bfb8f4,main,jet_aabb,179,avg,179,168,271,400000,net,1333.0000
2026-09-13T18:23:03Z,5bfb8f4,main,jet_obb,537,avg,537,519,579,400000,net,1333.0000
2026-09-13T18:23:03Z,5bfb8f4,main,jet_capsule,687,avg,687,663,739,400000,net,1333.0000
2026-09-13T18:23:03Z,5bfb8f4,main,grad_fwd_16,43624.0000,avg,43624.0000,43285.0000,45920.0000,40000,net,1333.0000
2026-09-13T18:23:03Z,5bfb8f4,main,grad_rev_16,4470.0000,avg,4470.0000,4358.0000,4758.0000,40000,net,1333.0000
2026-09-13T18:23:03Z,5bfb8f4,main,ray_obb,281,avg,281,270,323,400000,net,1333.0000
2026-09-13T18:23:03Z,5bfb8f4,main,ray_aabb_diag,63,avg,63,61,71,400000,net,1333.0000
2026-09-13T18:23:03Z,5bfb8f4,main,ray_capsule_diag,509,avg,509,492,551,400000,net,1333.0000
2026-09-13T18:23:03Z,5bfb8f4,main,ray_capsule,372,avg,372,360,410,400000,net,1333.0000
2026-09-13T18:23:03Z,5bfb8f4,main,ray_sphere,57,avg,57,54,85,400000,net,1333.0000
2026-09-13T18:23:03Z,5bfb8f4,main,ray_aabb,42,avg,42,41,52,400000,net,1333.0000
2026-09-13T18:23:03Z,5bfb8f4,main,ray_triangle,142,avg,142,133,301,400000,net,1333.0000
2026-09-13T18:23:03Z,5bfb8f4,main,srgb_to_linear,95,avg,95,91,108,400000,net,1333.0000
2026-09-13T18:23:03Z,5bfb8f4,main,tonemap_reinhard,22,avg,22,21,46,400000,net,1333.0000
2026-09-13T18:23:03Z,5bfb8f4,main,calc_derivative,91,avg,91,87,99,400000,net,1333.0000
2026-09-13T18:23:03Z,5bfb8f4,main,calc_integral_simpson,4809.0000,avg,4809.0000,4562.0000,6657.0000,100000,net,1333.0000
2026-09-13T18:23:03Z,5bfb8f4,main,num_gcd,24,avg,24,24,31,400000,net,1333.0000
2026-09-13T18:23:03Z,5bfb8f4,main,num_is_prime,19578.0000,avg,19578.0000,17240.0000,25840.0000,500000,net,1333.0000
2026-09-13T18:23:03Z,5bfb8f4,main,cx_mul,23,avg,23,21,40,1000000,net,1333.0000
2026-09-13T18:23:03Z,5bfb8f4,main,ease_in_out,6,avg,6,6,34,1000000,net,1333.0000
2026-09-13T18:23:03Z,5bfb8f4,main,perlin_2d,75,avg,75,71,213,200000,net,1333.0000
2026-09-13T18:23:03Z,5bfb8f4,main,convex_hull_2d_2k,1634000.0000,avg,1634000.0000,1630000.0000,1649000.0000,20,net,1333.0000
2026-09-13T18:23:03Z,5bfb8f4,main,halfedge_2k_tris,712585.0000,avg,712585.0000,673753.0000,721105.0000,20,net,1333.0000
2026-09-13T18:23:03Z,5bfb8f4,main,bvh_degenerate_4k,2310000.0000,avg,2310000.0000,2310000.0000,2310000.0000,3,net,1333.0000
2026-09-13T18:23:03Z,5bfb8f4,main,bvh_query_ray_200x4k,932282.0000,avg,932282.0000,932282.0000,932282.0000,5,net,1333.0000
2026-09-13T18:23:03Z,5bfb8f4,main,kdtree_build_4k,2286000.0000,avg,2286000.0000,2286000.0000,2286000.0000,5,net,1333.0000
2026-09-13T18:23:03Z,5bfb8f4,main,kdtree_build_octave_512,530767.0000,avg,530767.0000,522546.0000,536165.0000,20,net,1333.0000
2026-09-13T18:23:03Z,5bfb8f4,main,einsum_matmul_2x2,956,avg,956,905,1285.0000,20000,net,1333.0000
2026-09-13T18:23:03Z,5bfb8f4,main,einsum_trace_2x2,422,avg,422,403,487,20000,net,1333.0000
2026-09-13T18:23:03Z,5bfb8f4,main,kdtree_radius_4k,663,avg,663,571,671,200,net,1333.0000
2026-09-13T18:23:03Z,5bfb8f4,main,delaunay_2d_400,1381000.0000,avg,1381000.0000,1381000.0000,1381000.0000,3,net,1333.0000
2026-09-13T18:23:03Z,5bfb8f4,main,delaunay_2d_circle_150,356211.0000,avg,356211.0000,356211.0000,356211.0000,3,net,1333.0000
2026-09-13T18:23:03Z,5bfb8f4,main,triangulate_600gon,1535000.0000,avg,1535000.0000,1535000.0000,1535000.0000,3,net,1333.0000
2026-09-13T18:23:03Z,5bfb8f4,main,triangulate_comb_600,5219000.0000,avg,5219000.0000,5219000.0000,5219000.0000,3,net,1333.0000
2026-09-13T18:23:03Z,5bfb8f4,main,triangulate_hex_6,1173.0000,avg,1173.0000,1113.0000,1585.0000,20000,net,1333.0000
2026-09-13T18:23:03Z,5bfb8f4,main,svd_golub_kahan_12,116769.0000,avg,116769.0000,116054.0000,123194.0000,20,net,1333.0000
2026-09-13T18:23:03Z,5bfb8f4,main,eigen_qr_12,86968.0000,avg,86968.0000,85410.0000,94070.0000,20,net,1333.0000
2026-09-13T18:23:03Z,5bfb8f4,main,gjk_epa_3d_cyl_box,80414.0000,avg,80414.0000,77797.0000,132762.0000,100,net,1333.0000
2026-09-13T18:23:03Z,5bfb8f4,main,mpr_penetration_boxes,12791.0000,avg,12791.0000,11872.0000,17040.0000,200,net,1333.0000
2026-09-13T18:23:03Z,5bfb8f4,main,gjk_epa_boxes,13349.0000,avg,13349.0000,12011.0000,17829.0000,200,net,1333.0000
2026-09-13T18:23:03Z,5bfb8f4,main,gjk_epa_spheres,406268.0000,avg,406268.0000,392293.0000,496356.0000,200,net,1333.0000
2026-09-13T18:23:03Z,5bfb8f4,main,gjk_epa_sphere_box,79011.0000,avg,79011.0000,76540.0000,129689.0000,200,net,1333.0000
2026-09-13T18:23:03Z,5bfb8f4,main,gjk_intersect_box_miss,455,avg,455,436,486,40000,net,1333.0000
2026-09-13T18:23:03Z,5bfb8f4,main,gjk_intersect_sph_miss,665,avg,665,636,709,40000,net,1333.0000
2026-09-13T18:23:03Z,5bfb8f4,main,gjk_intersect_box_hit,1037.0000,avg,1037.0000,958,1273.0000,10000,net,1333.0000
2026-09-13T18:23:03Z,5bfb8f4,main,gjk_intersect_tangent,1135.0000,avg,1135.0000,1095.0000,1236.0000,10000,net,1333.0000
2026-09-13T18:23:03Z,5bfb8f4,main,mpr_intersect_box_miss,957,avg,957,934,976,40000,net,1333.0000
2026-09-13T18:23:03Z,5bfb8f4,main,mpr_intersect_box_hit,3360.0000,avg,3360.0000,3257.0000,3518.0000,10000,net,1333.0000
2026-09-13T18:23:03Z,5bfb8f4,main,mpr_intersect_tangent,3479.0000,avg,3479.0000,3356.0000,3601.0000,10000,net,1333.0000
2026-09-13T18:23:03Z,5bfb8f4,main,bvh_scatter_4k,4667000.0000,avg,4667000.0000,4667000.0000,4667000.0000,5,net,1333.0000
2026-09-13T18:23:03Z,5bfb8f4,main,spatial_hash_query_2k,377812.0000,avg,377812.0000,377812.0000,377812.0000,5,net,1333.0000
2026-09-13T18:23:03Z,5bfb8f4,main,num_dct_1024,288765.0000,avg,288765.0000,288765.0000,288765.0000,10,net,1333.0000
2026-09-13T18:23:03Z,5bfb8f4,main,num_dst_1024,6552000.0000,avg,6552000.0000,6552000.0000,6552000.0000,10,net,1333.0000
2026-09-13T18:23:03Z,5bfb8f4,main,num_dct_1023,1569000.0000,avg,1569000.0000,1569000.0000,1569000.0000,10,net,1333.0000
2026-09-13T18:23:03Z,5bfb8f4,main,num_dst_1023,432875.0000,avg,432875.0000,432875.0000,432875.0000,10,net,1333.0000
2026-09-13T18:23:03Z,5bfb8f4,main,jac_rev_shared_256,1096000.0000,avg,1096000.0000,1092000.0000,1103000.0000,25,net,1333.0000
2026-09-13T18:23:03Z,5bfb8f4,main,jac_rev_pertape_256,178923.0000,avg,178923.0000,178583.0000,179351.0000,25,net,1333.0000
2026-09-13T18:23:03Z,5bfb8f4,main,cga_first_product_cold,192617.0000,avg,192617.0000,192617.0000,192617.0000,1,net,1333.0000
2026-09-13T18:23:03Z,5bfb8f4,main,cga_point_product,1176.0000,avg,1176.0000,1109.0000,1570.0000,2000,net,1333.0000
2026-09-13T18:23:03Z,5bfb8f4,main,cga_norm_sq_k5,1274.0000,avg,1274.0000,1009.0000,1686.0000,2000,net,1333.0000
2026-09-13T18:23:03Z,5bfb8f4,main,cga_norm_sq_k32,28310.0000,avg,28310.0000,24932.0000,57425.0000,200,net,1333.0000
2026-09-13T18:23:24Z,5bfb8f4,main,vec3_add,16,avg,16,15,44,400000,net,1321.0000
2026-09-13T18:23:24Z,5bfb8f4,main,vec3_cross,27,avg,27,26,54,400000,net,1321.0000
2026-09-13T18:23:24Z,5bfb8f4,main,vec3_normalize,34,avg,34,33,62,400000,net,1321.0000
2026-09-13T18:23:24Z,5bfb8f4,main,vec3_dot_x64,399,avg,399,380,454,200000,net,1321.0000
2026-09-13T18:23:24Z,5bfb8f4,main,vec4_dot_x64,296,avg,296,289,316,400000,net,1321.0000
2026-09-13T18:23:24Z,5bfb8f4,main,m4_mul_x16,1919.0000,avg,1919.0000,1746.0000,8935.0000,200000,net,1321.0000
2026-09-13T18:23:24Z,5bfb8f4,main,m4_transform_x64,2725.0000,avg,2725.0000,2478.0000,5299.0000,200000,net,1321.0000
2026-09-13T18:23:24Z,5bfb8f4,main,quat_mul,38,avg,38,35,100,1000000,net,1321.0000
2026-09-13T18:23:24Z,5bfb8f4,main,quat_slerp,239,avg,239,233,264,400000,net,1321.0000
2026-09-13T18:23:24Z,5bfb8f4,main,quat_rotate_vec3,38,avg,38,36,65,400000,net,1321.0000
2026-09-13T18:23:24Z,5bfb8f4,main,m4_mul,119,avg,119,109,158,400000,net,1321.0000
2026-09-13T18:23:24Z,5bfb8f4,main,m4_inverse,246,avg,246,236,335,400000,net,1321.0000
2026-09-13T18:23:24Z,5bfb8f4,main,m4_transform_point,93,avg,93,87,128,400000,net,1321.0000
2026-09-13T18:23:24Z,5bfb8f4,main,t3d_compose,147,avg,147,139,197,400000,net,1321.0000
2026-09-13T18:23:24Z,5bfb8f4,main,jet_sphere,192,avg,192,182,230,400000,net,1321.0000
2026-09-13T18:23:24Z,5bfb8f4,main,jet_plane,100,avg,100,92,129,400000,net,1321.0000
2026-09-13T18:23:24Z,5bfb8f4,main,jet_triangle,471,avg,471,445,848,400000,net,1321.0000
2026-09-13T18:23:24Z,5bfb8f4,main,jet_aabb,180,avg,180,170,212,400000,net,1321.0000
2026-09-13T18:23:24Z,5bfb8f4,main,jet_obb,539,avg,539,521,588,400000,net,1321.0000
2026-09-13T18:23:24Z,5bfb8f4,main,jet_capsule,690,avg,690,667,745,400000,net,1321.0000
2026-09-13T18:23:24Z,5bfb8f4,main,grad_fwd_16,43644.0000,avg,43644.0000,43172.0000,48027.0000,40000,net,1321.0000
2026-09-13T18:23:24Z,5bfb8f4,main,grad_rev_16,4498.0000,avg,4498.0000,4401.0000,4782.0000,40000,net,1321.0000
2026-09-13T18:23:24Z,5bfb8f4,main,ray_obb,282,avg,282,270,330,400000,net,1321.0000
2026-09-13T18:23:24Z,5bfb8f4,main,ray_aabb_diag,63,avg,63,61,68,400000,net,1321.0000
2026-09-13T18:23:24Z,5bfb8f4,main,ray_capsule_diag,509,avg,509,495,555,400000,net,1321.0000
2026-09-13T18:23:24Z,5bfb8f4,main,ray_capsule,376,avg,376,362,421,400000,net,1321.0000
2026-09-13T18:23:24Z,5bfb8f4,main,ray_sphere,58,avg,58,54,81,400000,net,1321.0000
2026-09-13T18:23:24Z,5bfb8f4,main,ray_aabb,42,avg,42,41,46,400000,net,1321.0000
2026-09-13T18:23:24Z,5bfb8f4,main,ray_triangle,141,avg,141,134,184,400000,net,1321.0000
2026-09-13T18:23:24Z,5bfb8f4,main,srgb_to_linear,96,avg,96,91,111,400000,net,1321.0000
2026-09-13T18:23:24Z,5bfb8f4,main,tonemap_reinhard,22,avg,22,21,45,400000,net,1321.0000
2026-09-13T18:23:24Z,5bfb8f4,main,calc_derivative,91,avg,91,88,101,400000,net,1321.0000
2026-09-13T18:23:24Z,5bfb8f4,main,calc_integral_simpson,4830.0000,avg,4830.0000,4566.0000,6965.0000,100000,net,1321.0000
2026-09-13T18:23:24Z,5bfb8f4,main,num_gcd,25,avg,25,24,29,400000,net,1321.0000
2026-09-13T18:23:24Z,5bfb8f4,main,num_is_prime,19712.0000,avg,19712.0000,17193.0000,35117.0000,500000,net,1321.0000
2026-09-13T18:23:24Z,5bfb8f4,main,cx_mul,23,avg,23,9,40,1000000,net,1321.0000
2026-09-13T18:23:24Z,5bfb8f4,main,ease_in_out,6,avg,6,6,9,1000000,net,1321.0000
2026-09-13T18:23:24Z,5bfb8f4,main,perlin_2d,75,avg,75,71,223,200000,net,1321.0000
2026-09-13T18:23:24Z,5bfb8f4,main,convex_hull_2d_2k,1646000.0000,avg,1646000.0000,1636000.0000,1650000.0000,20,net,1321.0000
2026-09-13T18:23:24Z,5bfb8f4,main,halfedge_2k_tris,719974.0000,avg,719974.0000,698907.0000,738298.0000,20,net,1321.0000
2026-09-13T18:23:24Z,5bfb8f4,main,bvh_degenerate_4k,2366000.0000,avg,2366000.0000,2366000.0000,2366000.0000,3,net,1321.0000
2026-09-13T18:23:24Z,5bfb8f4,main,bvh_query_ray_200x4k,1084000.0000,avg,1084000.0000,1084000.0000,1084000.0000,5,net,1321.0000
2026-09-13T18:23:24Z,5bfb8f4,main,kdtree_build_4k,2393000.0000,avg,2393000.0000,2393000.0000,2393000.0000,5,net,1321.0000
2026-09-13T18:23:24Z,5bfb8f4,main,kdtree_build_octave_512,533836.0000,avg,533836.0000,525702.0000,543022.0000,20,net,1321.0000
2026-09-13T18:23:24Z,5bfb8f4,main,einsum_matmul_2x2,965,avg,965,921,1323.0000,20000,net,1321.0000
2026-09-13T18:23:24Z,5bfb8f4,main,einsum_trace_2x2,424,avg,424,412,469,20000,net,1321.0000
2026-09-13T18:23:24Z,5bfb8f4,main,kdtree_radius_4k,669,avg,669,589,676,200,net,1321.0000
2026-09-13T18:23:24Z,5bfb8f4,main,delaunay_2d_400,1384000.0000,avg,1384000.0000,1384000.0000,1384000.0000,3,net,1321.0000
2026-09-13T18:23:24Z,5bfb8f4,main,delaunay_2d_circle_150,361407.0000,avg,361407.0000,361407.0000,361407.0000,3,net,1321.0000
2026-09-13T18:23:24Z,5bfb8f4,main,triangulate_600gon,1544000.0000,avg,1544000.0000,1544000.0000,1544000.0000,3,net,1321.0000
2026-09-13T18:23:24Z,5bfb8f4,main,triangulate_comb_600,5238000.0000,avg,5238000.0000,5238000.0000,5238000.0000,3,net,1321.0000
2026-09-13T18:23:24Z,5bfb8f4,main,triangulate_hex_6,1180.0000,avg,1180.0000,1111.0000,1687.0000,20000,net,1321.0000
2026-09-13T18:23:24Z,5bfb8f4,main,svd_golub_kahan_12,118022.0000,avg,118022.0000,117709.0000,119435.0000,20,net,1321.0000
2026-09-13T18:23:24Z,5bfb8f4,main,eigen_qr_12,87540.0000,avg,87540.0000,85911.0000,87891.0000,20,net,1321.0000
2026-09-13T18:23:24Z,5bfb8f4,main,gjk_epa_3d_cyl_box,81676.0000,avg,81676.0000,78158.0000,141505.0000,100,net,1321.0000
2026-09-13T18:23:24Z,5bfb8f4,main,mpr_penetration_boxes,12734.0000,avg,12734.0000,11707.0000,17251.0000,200,net,1321.0000
2026-09-13T18:23:24Z,5bfb8f4,main,gjk_epa_boxes,13088.0000,avg,13088.0000,11903.0000,18345.0000,200,net,1321.0000
2026-09-13T18:23:24Z,5bfb8f4,main,gjk_epa_spheres,408757.0000,avg,408757.0000,394958.0000,465009.0000,200,net,1321.0000
2026-09-13T18:23:24Z,5bfb8f4,main,gjk_epa_sphere_box,79614.0000,avg,79614.0000,76971.0000,132565.0000,200,net,1321.0000
2026-09-13T18:23:24Z,5bfb8f4,main,gjk_intersect_box_miss,457,avg,457,437,479,40000,net,1321.0000
2026-09-13T18:23:24Z,5bfb8f4,main,gjk_intersect_sph_miss,661,avg,661,638,688,40000,net,1321.0000
2026-09-13T18:23:24Z,5bfb8f4,main,gjk_intersect_box_hit,998,avg,998,964,1087.0000,10000,net,1321.0000
2026-09-13T18:23:24Z,5bfb8f4,main,gjk_intersect_tangent,1148.0000,avg,1148.0000,1102.0000,1289.0000,10000,net,1321.0000
2026-09-13T18:23:24Z,5bfb8f4,main,mpr_intersect_box_miss,959,avg,959,936,968,40000,net,1321.0000
2026-09-13T18:23:24Z,5bfb8f4,main,mpr_intersect_box_hit,3401.0000,avg,3401.0000,3277.0000,3541.0000,10000,net,1321.0000
2026-09-13T18:23:24Z,5bfb8f4,main,mpr_intersect_tangent,3520.0000,avg,3520.0000,3404.0000,3656.0000,10000,net,1321.0000
2026-09-13T18:23:24Z,5bfb8f4,main,bvh_scatter_4k,4681000.0000,avg,4681000.0000,4681000.0000,4681000.0000,5,net,1321.0000
2026-09-13T18:23:24Z,5bfb8f4,main,spatial_hash_query_2k,407888.0000,avg,407888.0000,407888.0000,407888.0000,5,net,1321.0000
2026-09-13T18:23:24Z,5bfb8f4,main,num_dct_1024,275070.0000,avg,275070.0000,275070.0000,275070.0000,10,net,1321.0000
2026-09-13T18:23:24Z,5bfb8f4,main,num_dst_1024,6516000.0000,avg,6516000.0000,6516000.0000,6516000.0000,10,net,1321.0000
2026-09-13T18:23:24Z,5bfb8f4,main,num_dct_1023,1568000.0000,avg,1568000.0000,1568000.0000,1568000.0000,10,net,1321.0000
2026-09-13T18:23:24Z,5bfb8f4,main,num_dst_1023,437633.0000,avg,437633.0000,437633.0000,437633.0000,10,net,1321.0000
2026-09-13T18:23:24Z,5bfb8f4,main,jac_rev_shared_256,1105000.0000,avg,1105000.0000,1100000.0000,1110000.0000,25,net,1321.0000
2026-09-13T18:23:24Z,5bfb8f4,main,jac_rev_pertape_256,178560.0000,avg,178560.0000,176601.0000,179297.0000,25,net,1321.0000
2026-09-13T18:23:24Z,5bfb8f4,main,cga_first_product_cold,202546.0000,avg,202546.0000,202546.0000,202546.0000,1,net,1321.0000
2026-09-13T18:23:24Z,5bfb8f4,main,cga_point_product,1219.0000,avg,1219.0000,1108.0000,1756.0000,2000,net,1321.0000
2026-09-13T18:23:24Z,5bfb8f4,main,cga_norm_sq_k5,1287.0000,avg,1287.0000,1214.0000,1714.0000,2000,net,1321.0000
2026-09-13T18:23:24Z,5bfb8f4,main,cga_norm_sq_k32,27390.0000,avg,27390.0000,25144.0000,39881.0000,200,net,1321.0000
2026-09-13T18:31:07Z,5bfb8f4,main,vec3_add,16,avg,16,15,40,400000,net,1315.0000
2026-09-13T18:31:07Z,5bfb8f4,main,vec3_cross,29,avg,29,26,56,400000,net,1315.0000
2026-09-13T18:31:07Z,5bfb8f4,main,vec3_normalize,34,avg,34,32,59,400000,net,1315.0000
2026-09-13T18:31:07Z,5bfb8f4,main,vec3_dot_x64,396,avg,396,376,520,200000,net,1315.0000
2026-09-13T18:31:07Z,5bfb8f4,main,vec4_dot_x64,295,avg,295,287,315,400000,net,1315.0000
2026-09-13T18:31:07Z,5bfb8f4,main,m4_mul_x16,1900.0000,avg,1900.0000,1734.0000,4200.0000,200000,net,1315.0000
2026-09-13T18:31:07Z,5bfb8f4,main,m4_transform_x64,2711.0000,avg,2711.0000,2463.0000,4657.0000,200000,net,1315.0000
2026-09-13T18:31:07Z,5bfb8f4,main,quat_mul,38,avg,38,35,62,1000000,net,1315.0000
2026-09-13T18:31:07Z,5bfb8f4,main,quat_slerp,238,avg,238,231,259,400000,net,1315.0000
2026-09-13T18:31:07Z,5bfb8f4,main,quat_rotate_vec3,38,avg,38,36,63,400000,net,1315.0000
2026-09-13T18:31:07Z,5bfb8f4,main,m4_mul,117,avg,117,108,146,400000,net,1315.0000
2026-09-13T18:31:07Z,5bfb8f4,main,m4_inverse,244,avg,244,236,280,400000,net,1315.0000
2026-09-13T18:31:07Z,5bfb8f4,main,m4_transform_point,94,avg,94,85,132,400000,net,1315.0000
2026-09-13T18:31:07Z,5bfb8f4,main,t3d_compose,147,avg,147,139,197,400000,net,1315.0000
2026-09-13T18:31:07Z,5bfb8f4,main,jet_sphere,194,avg,194,179,264,400000,net,1315.0000
2026-09-13T18:31:07Z,5bfb8f4,main,jet_plane,99,avg,99,91,134,400000,net,1315.0000
2026-09-13T18:31:07Z,5bfb8f4,main,jet_triangle,467,avg,467,444,505,400000,net,1315.0000
2026-09-13T18:31:07Z,5bfb8f4,main,jet_aabb,178,avg,178,169,219,400000,net,1315.0000
2026-09-13T18:31:07Z,5bfb8f4,main,jet_obb,537,avg,537,518,583,400000,net,1315.0000
2026-09-13T18:31:07Z,5bfb8f4,main,jet_capsule,699,avg,699,676,748,400000,net,1315.0000
2026-09-13T18:31:07Z,5bfb8f4,main,grad_fwd_16,44268.0000,avg,44268.0000,43120.0000,51193.0000,40000,net,1315.0000
2026-09-13T18:31:07Z,5bfb8f4,main,grad_rev_16,4507.0000,avg,4507.0000,4393.0000,5147.0000,40000,net,1315.0000
2026-09-13T18:31:07Z,5bfb8f4,main,ray_obb,289,avg,289,269,331,400000,net,1315.0000
2026-09-13T18:31:07Z,5bfb8f4,main,ray_aabb_diag,64,avg,64,61,83,400000,net,1315.0000
2026-09-13T18:31:07Z,5bfb8f4,main,ray_capsule_diag,526,avg,526,503,691,400000,net,1315.0000
2026-09-13T18:31:07Z,5bfb8f4,main,ray_capsule,377,avg,377,362,414,400000,net,1315.0000
2026-09-13T18:31:07Z,5bfb8f4,main,ray_sphere,57,avg,57,54,85,400000,net,1315.0000
2026-09-13T18:31:07Z,5bfb8f4,main,ray_aabb,43,avg,43,41,49,400000,net,1315.0000
2026-09-13T18:31:07Z,5bfb8f4,main,ray_triangle,141,avg,141,134,175,400000,net,1315.0000
2026-09-13T18:31:07Z,5bfb8f4,main,srgb_to_linear,95,avg,95,92,113,400000,net,1315.0000
2026-09-13T18:31:07Z,5bfb8f4,main,tonemap_reinhard,22,avg,22,21,56,400000,net,1315.0000
2026-09-13T18:31:07Z,5bfb8f4,main,calc_derivative,91,avg,91,88,96,400000,net,1315.0000
2026-09-13T18:31:07Z,5bfb8f4,main,calc_integral_simpson,4839.0000,avg,4839.0000,4578.0000,7269.0000,100000,net,1315.0000
2026-09-13T18:31:07Z,5bfb8f4,main,num_gcd,25,avg,25,24,30,400000,net,1315.0000
2026-09-13T18:31:07Z,5bfb8f4,main,num_is_prime,19753.0000,avg,19753.0000,17378.0000,41522.0000,500000,net,1315.0000
2026-09-13T18:31:07Z,5bfb8f4,main,cx_mul,24,avg,24,23,94,1000000,net,1315.0000
2026-09-13T18:31:07Z,5bfb8f4,main,ease_in_out,7,avg,7,6,35,1000000,net,1315.0000
2026-09-13T18:31:07Z,5bfb8f4,main,perlin_2d,78,avg,78,75,214,200000,net,1315.0000
2026-09-13T18:31:07Z,5bfb8f4,main,convex_hull_2d_2k,1686000.0000,avg,1686000.0000,1644000.0000,1720000.0000,20,net,1315.0000
2026-09-13T18:31:07Z,5bfb8f4,main,halfedge_2k_tris,734509.0000,avg,734509.0000,706177.0000,739860.0000,20,net,1315.0000
2026-09-13T18:31:07Z,5bfb8f4,main,bvh_degenerate_4k,2397000.0000,avg,2397000.0000,2397000.0000,2397000.0000,3,net,1315.0000
2026-09-13T18:31:07Z,5bfb8f4,main,bvh_query_ray_200x4k,954649.0000,avg,954649.0000,954649.0000,954649.0000,5,net,1315.0000
2026-09-13T18:31:07Z,5bfb8f4,main,kdtree_build_4k,2309000.0000,avg,2309000.0000,2309000.0000,2309000.0000,5,net,1315.0000
2026-09-13T18:31:07Z,5bfb8f4,main,kdtree_build_octave_512,536921.0000,avg,536921.0000,526127.0000,538258.0000,20,net,1315.0000
2026-09-13T18:31:07Z,5bfb8f4,main,einsum_matmul_2x2,971,avg,971,918,1310.0000,20000,net,1315.0000
2026-09-13T18:31:07Z,5bfb8f4,main,einsum_trace_2x2,423,avg,423,402,457,20000,net,1315.0000
2026-09-13T18:31:07Z,5bfb8f4,main,kdtree_radius_4k,668,avg,668,511,682,200,net,1315.0000
2026-09-13T18:31:07Z,5bfb8f4,main,delaunay_2d_400,1388000.0000,avg,1388000.0000,1388000.0000,1388000.0000,3,net,1315.0000
2026-09-13T18:31:07Z,5bfb8f4,main,delaunay_2d_circle_150,371908.0000,avg,371908.0000,371908.0000,371908.0000,3,net,1315.0000
2026-09-13T18:31:07Z,5bfb8f4,main,triangulate_600gon,1570000.0000,avg,1570000.0000,1570000.0000,1570000.0000,3,net,1315.0000
2026-09-13T18:31:07Z,5bfb8f4,main,triangulate_comb_600,5226000.0000,avg,5226000.0000,5226000.0000,5226000.0000,3,net,1315.0000
2026-09-13T18:31:07Z,5bfb8f4,main,triangulate_hex_6,1176.0000,avg,1176.0000,1113.0000,1607.0000,20000,net,1315.0000
2026-09-13T18:31:07Z,5bfb8f4,main,svd_golub_kahan_12,124285.0000,avg,124285.0000,121675.0000,130894.0000,20,net,1315.0000
2026-09-13T18:31:07Z,5bfb8f4,main,eigen_qr_12,92441.0000,avg,92441.0000,88990.0000,106799.0000,20,net,1315.0000
2026-09-13T18:31:07Z,5bfb8f4,main,gjk_epa_3d_cyl_box,86240.0000,avg,86240.0000,82635.0000,153314.0000,100,net,1315.0000
2026-09-13T18:31:07Z,5bfb8f4,main,mpr_penetration_boxes,13457.0000,avg,13457.0000,12438.0000,19040.0000,200,net,1315.0000
2026-09-13T18:31:07Z,5bfb8f4,main,gjk_epa_boxes,13637.0000,avg,13637.0000,12538.0000,19242.0000,200,net,1315.0000
2026-09-13T18:31:07Z,5bfb8f4,main,gjk_epa_spheres,419137.0000,avg,419137.0000,394894.0000,495745.0000,200,net,1315.0000
2026-09-13T18:31:07Z,5bfb8f4,main,gjk_epa_sphere_box,80518.0000,avg,80518.0000,77187.0000,139275.0000,200,net,1315.0000
2026-09-13T18:31:07Z,5bfb8f4,main,gjk_intersect_box_miss,458,avg,458,436,481,40000,net,1315.0000
2026-09-13T18:31:07Z,5bfb8f4,main,gjk_intersect_sph_miss,664,avg,664,640,694,40000,net,1315.0000
2026-09-13T18:31:07Z,5bfb8f4,main,gjk_intersect_box_hit,1005.0000,avg,1005.0000,966,1170.0000,10000,net,1315.0000
2026-09-13T18:31:07Z,5bfb8f4,main,gjk_intersect_tangent,1166.0000,avg,1166.0000,1100.0000,1317.0000,10000,net,1315.0000
2026-09-13T18:31:07Z,5bfb8f4,main,mpr_intersect_box_miss,959,avg,959,932,999,40000,net,1315.0000
2026-09-13T18:31:07Z,5bfb8f4,main,mpr_intersect_box_hit,3362.0000,avg,3362.0000,3280.0000,3518.0000,10000,net,1315.0000
2026-09-13T18:31:07Z,5bfb8f4,main,mpr_intersect_tangent,3485.0000,avg,3485.0000,3382.0000,3662.0000,10000,net,1315.0000
2026-09-13T18:31:07Z,5bfb8f4,main,bvh_scatter_4k,4725000.0000,avg,4725000.0000,4725000.0000,4725000.0000,5,net,1315.0000
2026-09-13T18:31:07Z,5bfb8f4,main,spatial_hash_query_2k,358595.0000,avg,358595.0000,358595.0000,358595.0000,5,net,1315.0000
2026-09-13T18:31:07Z,5bfb8f4,main,num_dct_1024,274714.0000,avg,274714.0000,274714.0000,274714.0000,10,net,1315.0000
2026-09-13T18:31:07Z,5bfb8f4,main,num_dst_1024,6503000.0000,avg,6503000.0000,6503000.0000,6503000.0000,10,net,1315.0000
2026-09-13T18:31:07Z,5bfb8f4,main,num_dct_1023,1573000.0000,avg,1573000.0000,1573000.0000,1573000.0000,10,net,1315.0000
2026-09-13T18:31:07Z,5bfb8f4,main,num_dst_1023,434819.0000,avg,434819.0000,434819.0000,434819.0000,10,net,1315.0000
2026-09-13T18:31:07Z,5bfb8f4,main,jac_rev_shared_256,1112000.0000,avg,1112000.0000,1103000.0000,1120000.0000,25,net,1315.0000
2026-09-13T18:31:07Z,5bfb8f4,main,jac_rev_pertape_256,182221.0000,avg,182221.0000,179410.0000,187959.0000,25,net,1315.0000
2026-09-13T18:31:07Z,5bfb8f4,main,cga_first_product_cold,197454.0000,avg,197454.0000,197454.0000,197454.0000,1,net,1315.0000
2026-09-13T18:31:07Z,5bfb8f4,main,cga_point_product,1177.0000,avg,1177.0000,1102.0000,1556.0000,2000,net,1315.0000
2026-09-13T18:31:07Z,5bfb8f4,main,cga_norm_sq_k5,1294.0000,avg,1294.0000,1212.0000,2105.0000,2000,net,1315.0000
2026-09-13T18:31:07Z,5bfb8f4,main,cga_norm_sq_k32,27331.0000,avg,27331.0000,24946.0000,40231.0000,200,net,1315.0000
2026-09-13T18:31:25Z,5bfb8f4,main,vec3_add,17,avg,17,16,48,400000,net,1331.0000
2026-09-13T18:31:25Z,5bfb8f4,main,vec3_cross,28,avg,28,26,55,400000,net,1331.0000
2026-09-13T18:31:25Z,5bfb8f4,main,vec3_normalize,35,avg,35,33,62,400000,net,1331.0000
2026-09-13T18:31:25Z,5bfb8f4,main,vec3_dot_x64,401,avg,401,379,473,200000,net,1331.0000
2026-09-13T18:31:25Z,5bfb8f4,main,vec4_dot_x64,298,avg,298,290,317,400000,net,1331.0000
2026-09-13T18:31:25Z,5bfb8f4,main,m4_mul_x16,1943.0000,avg,1943.0000,1747.0000,3726.0000,200000,net,1331.0000
2026-09-13T18:31:25Z,5bfb8f4,main,m4_transform_x64,2737.0000,avg,2737.0000,2485.0000,4443.0000,200000,net,1331.0000
2026-09-13T18:31:25Z,5bfb8f4,main,quat_mul,38,avg,38,35,69,1000000,net,1331.0000
2026-09-13T18:31:25Z,5bfb8f4,main,quat_slerp,257,avg,257,235,426,400000,net,1331.0000
2026-09-13T18:31:25Z,5bfb8f4,main,quat_rotate_vec3,40,avg,40,39,66,400000,net,1331.0000
2026-09-13T18:31:25Z,5bfb8f4,main,m4_mul,121,avg,121,111,171,400000,net,1331.0000
2026-09-13T18:31:25Z,5bfb8f4,main,m4_inverse,250,avg,250,236,283,400000,net,1331.0000
2026-09-13T18:31:25Z,5bfb8f4,main,m4_transform_point,93,avg,93,87,119,400000,net,1331.0000
2026-09-13T18:31:25Z,5bfb8f4,main,t3d_compose,148,avg,148,139,181,400000,net,1331.0000
2026-09-13T18:31:25Z,5bfb8f4,main,jet_sphere,192,avg,192,182,228,400000,net,1331.0000
2026-09-13T18:31:25Z,5bfb8f4,main,jet_plane,100,avg,100,92,132,400000,net,1331.0000
2026-09-13T18:31:25Z,5bfb8f4,main,jet_triangle,467,avg,467,445,501,400000,net,1331.0000
2026-09-13T18:31:25Z,5bfb8f4,main,jet_aabb,180,avg,180,171,207,400000,net,1331.0000
2026-09-13T18:31:25Z,5bfb8f4,main,jet_obb,541,avg,541,519,582,400000,net,1331.0000
2026-09-13T18:31:25Z,5bfb8f4,main,jet_capsule,695,avg,695,667,764,400000,net,1331.0000
2026-09-13T18:31:25Z,5bfb8f4,main,grad_fwd_16,43871.0000,avg,43871.0000,43357.0000,46639.0000,40000,net,1331.0000
2026-09-13T18:31:25Z,5bfb8f4,main,grad_rev_16,4499.0000,avg,4499.0000,4416.0000,4746.0000,40000,net,1331.0000
2026-09-13T18:31:25Z,5bfb8f4,main,ray_obb,284,avg,284,269,340,400000,net,1331.0000
2026-09-13T18:31:25Z,5bfb8f4,main,ray_aabb_diag,64,avg,64,61,71,400000,net,1331.0000
2026-09-13T18:31:25Z,5bfb8f4,main,ray_capsule_diag,510,avg,510,491,555,400000,net,1331.0000
2026-09-13T18:31:25Z,5bfb8f4,main,ray_capsule,376,avg,376,362,413,400000,net,1331.0000
2026-09-13T18:31:25Z,5bfb8f4,main,ray_sphere,58,avg,58,54,85,400000,net,1331.0000
2026-09-13T18:31:25Z,5bfb8f4,main,ray_aabb,42,avg,42,41,46,400000,net,1331.0000
2026-09-13T18:31:25Z,5bfb8f4,main,ray_triangle,141,avg,141,134,169,400000,net,1331.0000
2026-09-13T18:31:25Z,5bfb8f4,main,srgb_to_linear,95,avg,95,92,107,400000,net,1331.0000
2026-09-13T18:31:25Z,5bfb8f4,main,tonemap_reinhard,22,avg,22,21,69,400000,net,1331.0000
2026-09-13T18:31:25Z,5bfb8f4,main,calc_derivative,91,avg,91,88,100,400000,net,1331.0000
2026-09-13T18:31:25Z,5bfb8f4,main,calc_integral_simpson,4855.0000,avg,4855.0000,4581.0000,6611.0000,100000,net,1331.0000
2026-09-13T18:31:25Z,5bfb8f4,main,num_gcd,25,avg,25,24,29,400000,net,1331.0000
2026-09-13T18:31:25Z,5bfb8f4,main,num_is_prime,19807.0000,avg,19807.0000,17417.0000,87943.0000,500000,net,1331.0000
2026-09-13T18:31:25Z,5bfb8f4,main,cx_mul,23,avg,23,22,81,1000000,net,1331.0000
2026-09-13T18:31:25Z,5bfb8f4,main,ease_in_out,6,avg,6,6,30,1000000,net,1331.0000
2026-09-13T18:31:25Z,5bfb8f4,main,perlin_2d,75,avg,75,71,270,200000,net,1331.0000
2026-09-13T18:31:25Z,5bfb8f4,main,convex_hull_2d_2k,1643000.0000,avg,1643000.0000,1639000.0000,1657000.0000,20,net,1331.0000
2026-09-13T18:31:25Z,5bfb8f4,main,halfedge_2k_tris,728614.0000,avg,728614.0000,712866.0000,768948.0000,20,net,1331.0000
2026-09-13T18:31:25Z,5bfb8f4,main,bvh_degenerate_4k,2308000.0000,avg,2308000.0000,2308000.0000,2308000.0000,3,net,1331.0000
2026-09-13T18:31:25Z,5bfb8f4,main,bvh_query_ray_200x4k,933888.0000,avg,933888.0000,933888.0000,933888.0000,5,net,1331.0000
2026-09-13T18:31:25Z,5bfb8f4,main,kdtree_build_4k,2300000.0000,avg,2300000.0000,2300000.0000,2300000.0000,5,net,1331.0000
2026-09-13T18:31:25Z,5bfb8f4,main,kdtree_build_octave_512,530076.0000,avg,530076.0000,528785.0000,541545.0000,20,net,1331.0000
2026-09-13T18:31:25Z,5bfb8f4,main,einsum_matmul_2x2,966,avg,966,917,1579.0000,20000,net,1331.0000
2026-09-13T18:31:25Z,5bfb8f4,main,einsum_trace_2x2,419,avg,419,402,488,20000,net,1331.0000
2026-09-13T18:31:25Z,5bfb8f4,main,kdtree_radius_4k,662,avg,662,506,675,200,net,1331.0000
2026-09-13T18:31:25Z,5bfb8f4,main,delaunay_2d_400,1385000.0000,avg,1385000.0000,1385000.0000,1385000.0000,3,net,1331.0000
2026-09-13T18:31:25Z,5bfb8f4,main,delaunay_2d_circle_150,359285.0000,avg,359285.0000,359285.0000,359285.0000,3,net,1331.0000
2026-09-13T18:31:25Z,5bfb8f4,main,triangulate_600gon,1549000.0000,avg,1549000.0000,1549000.0000,1549000.0000,3,net,1331.0000
2026-09-13T18:31:25Z,5bfb8f4,main,triangulate_comb_600,5234000.0000,avg,5234000.0000,5234000.0000,5234000.0000,3,net,1331.0000
2026-09-13T18:31:25Z,5bfb8f4,main,triangulate_hex_6,1175.0000,avg,1175.0000,1110.0000,1618.0000,20000,net,1331.0000
2026-09-13T18:31:25Z,5bfb8f4,main,svd_golub_kahan_12,117765.0000,avg,117765.0000,117119.0000,123685.0000,20,net,1331.0000
2026-09-13T18:31:25Z,5bfb8f4,main,eigen_qr_12,87035.0000,avg,87035.0000,85901.0000,87235.0000,20,net,1331.0000
2026-09-13T18:31:25Z,5bfb8f4,main,gjk_epa_3d_cyl_box,81166.0000,avg,81166.0000,78218.0000,177393.0000,100,net,1331.0000
2026-09-13T18:31:25Z,5bfb8f4,main,mpr_penetration_boxes,12816.0000,avg,12816.0000,11942.0000,17243.0000,200,net,1331.0000
2026-09-13T18:31:25Z,5bfb8f4,main,gjk_epa_boxes,12815.0000,avg,12815.0000,11872.0000,17138.0000,200,net,1331.0000
2026-09-13T18:31:25Z,5bfb8f4,main,gjk_epa_spheres,408599.0000,avg,408599.0000,393970.0000,485603.0000,200,net,1331.0000
2026-09-13T18:31:25Z,5bfb8f4,main,gjk_epa_sphere_box,79660.0000,avg,79660.0000,76961.0000,134929.0000,200,net,1331.0000
2026-09-13T18:31:25Z,5bfb8f4,main,gjk_intersect_box_miss,457,avg,457,436,493,40000,net,1331.0000
2026-09-13T18:31:25Z,5bfb8f4,main,gjk_intersect_sph_miss,659,avg,659,639,674,40000,net,1331.0000
2026-09-13T18:31:25Z,5bfb8f4,main,gjk_intersect_box_hit,1007.0000,avg,1007.0000,969,1097.0000,10000,net,1331.0000
2026-09-13T18:31:25Z,5bfb8f4,main,gjk_intersect_tangent,1150.0000,avg,1150.0000,1105.0000,1237.0000,10000,net,1331.0000
2026-09-13T18:31:25Z,5bfb8f4,main,mpr_intersect_box_miss,964,avg,964,937,996,40000,net,1331.0000
2026-09-13T18:31:25Z,5bfb8f4,main,mpr_intersect_box_hit,3385.0000,avg,3385.0000,3290.0000,3481.0000,10000,net,1331.0000
2026-09-13T18:31:25Z,5bfb8f4,main,mpr_intersect_tangent,3498.0000,avg,3498.0000,3390.0000,3663.0000,10000,net,1331.0000
2026-09-13T18:31:25Z,5bfb8f4,main,bvh_scatter_4k,4690000.0000,avg,4690000.0000,4690000.0000,4690000.0000,5,net,1331.0000
2026-09-13T18:31:25Z,5bfb8f4,main,spatial_hash_query_2k,363928.0000,avg,363928.0000,363928.0000,363928.0000,5,net,1331.0000
2026-09-13T18:31:25Z,5bfb8f4,main,num_dct_1024,276661.0000,avg,276661.0000,276661.0000,276661.0000,10,net,1331.0000
2026-09-13T18:31:25Z,5bfb8f4,main,num_dst_1024,6731000.0000,avg,6731000.0000,6731000.0000,6731000.0000,10,net,1331.0000
2026-09-13T18:31:25Z,5bfb8f4,main,num_dct_1023,1653000.0000,avg,1653000.0000,1653000.0000,1653000.0000,10,net,1331.0000
2026-09-13T18:31:25Z,5bfb8f4,main,num_dst_1023,461007.0000,avg,461007.0000,461007.0000,461007.0000,10,net,1331.0000
2026-09-13T18:31:25Z,5bfb8f4,main,jac_rev_shared_256,1164000.0000,avg,1164000.0000,1157000.0000,1170000.0000,25,net,1331.0000
2026-09-13T18:31:25Z,5bfb8f4,main,jac_rev_pertape_256,187852.0000,avg,187852.0000,186252.0000,188696.0000,25,net,1331.0000
2026-09-13T18:31:25Z,5bfb8f4,main,cga_first_product_cold,206866.0000,avg,206866.0000,206866.0000,206866.0000,1,net,1331.0000
2026-09-13T18:31:25Z,5bfb8f4,main,cga_point_product,1231.0000,avg,1231.0000,1161.0000,1739.0000,2000,net,1331.0000
2026-09-13T18:31:25Z,5bfb8f4,main,cga_norm_sq_k5,1342.0000,avg,1342.0000,1270.0000,1786.0000,2000,net,1331.0000
2026-09-13T18:31:25Z,5bfb8f4,main,cga_norm_sq_k32,28269.0000,avg,28269.0000,26207.0000,39878.0000,200,net,1331.0000
